ticker,source_date,source,instrument_type,isin,detail,file,file_sha256
AALR3,2026-09-14,COTAHIST,acao_on,BRAALRACNOR6,TPMERC=010; ESPECI=ON      NM,COTAHIST_D14092026.ZIP,9af50a6defc90890f6508a0bb1e7fcd98794a2773c506c2689117d82d65a840e
AALR3,2026-09-18,BVBG.028.02,acao_on,BRAALRACNOR6,SctyCtgy=11; Desc=ALLIAR      ON      NM; CFI=ESVUFR,IN260918.zip,826241f04d41c6a6a6d2aff614a6730b10e84788281971bc730e89da217c7173
AALR3,2026-09-18,COTAHIST,acao_on,BRAALRACNOR6,TPMERC=010; ESPECI=ON      NM,COTAHIST_D18092026.ZIP,dbb432658fac047210d385058d79f632bca7139f920436a0872eba72e7f706bb
ABCB4,2026-09-14,COTAHIST,acao_pn,BRABCBACNPR4,TPMERC=010; ESPECI=PN      N2,COTAHIST_D14092026.ZIP,9af50a6defc90890f6508a0bb1e7fcd98794a2773c506c2689117d82d65a840e
ABCB4,2026-09-18,BVBG.028.02,acao_pn,BRABCBACNPR4,SctyCtgy=11; Desc=ABC BRASIL  PN      N2; CFI=EPNNPR,IN260918.zip,826241f04d41c6a6a6d2aff614a6730b10e84788281971bc730e89da217c7173
ABCB4,2026-09-18,COTAHIST,acao_pn,BRABCBACNPR4,TPMERC=010; ESPECI=PN      N2,COTAHIST_D18092026.ZIP,dbb432658fac047210d385058d79f632bca7139f920436a0872eba72e7f706bb
ABEV3,2026-09-14,COTAHIST,acao_on,BRABEVACNOR1,TPMERC=010; ESPECI=ON,COTAHIST_D14092026.ZIP,9af50a6defc90890f6508a0bb1e7fcd98794a2773c506c2689117d82d65a840e
ABEV3,2026-09-18,BVBG.028.02,acao_on,BRABEVACNOR1,SctyCtgy=11; Desc=AMBEV S/A   ON; CFI=ESVUFR,IN260918.zip,826241f04d41c6a6a6d2aff614a6730b10e84788281971bc730e89da217c7173
ABEV3,2026-09-18,COTAHIST,acao_on,BRABEVACNOR1,TPMERC=010; ESPECI=ON,COTAHIST_D18092026.ZIP,dbb432658fac047210d385058d79f632bca7139f920436a0872eba72e7f706bb
AERI3,2026-09-14,COTAHIST,acao_on,BRAERIACNOR4,TPMERC=010; ESPECI=ON      NM,COTAHIST_D14092026.ZIP,9af50a6defc90890f6508a0bb1e7fcd98794a2773c506c2689117d82d65a840e
AERI3,2026-09-18,BVBG.028.02,acao_on,BRAERIACNOR4,SctyCtgy=11; Desc=AERIS       ON      NM; CFI=ESVUFR,IN260918.zip,826241f04d41c6a6a6d2aff614a6730b10e84788281971bc730e89da217c7173
AERI3,2026-09-18,COTAHIST,acao_on,BRAERIACNOR4,TPMERC=010; ESPECI=ON      NM,COTAHIST_D18092026.ZIP,dbb432658fac047210d385058d79f632bca7139f920436a0872eba72e7f706bb
AGRO3,2026-09-14,COTAHIST,acao_on,BRAGROACNOR7,TPMERC=010; ESPECI=ON      NM,COTAHIST_D14092026.ZIP,9af50a6defc90890f6508a0bb1e7fcd98794a2773c506c2689117d82d65a840e
AGRO3,2026-09-18,BVBG.028.02,acao_on,BRAGROACNOR7,SctyCtgy=11; Desc=BRASILAGRO  ON      NM; CFI=ESVUFR,IN260918.zip,826241f04d41c6a6a6d2aff614a6730b10e84788281971bc730e89da217c7173
AGRO3,2026-09-18,COTAHIST,acao_on,BRAGROACNOR7,TPMERC=010; ESPECI=ON      NM,COTAHIST_D18092026.ZIP,dbb432658fac047210d385058d79f632bca7139f920436a0872eba72e7f706bb
AGXY3,2026-09-14,COTAHIST,acao_on,BRAGXYACNOR4,TPMERC=010; ESPECI=ON      NM,COTAHIST_D14092026.ZIP,9af50a6defc90890f6508a0bb1e7fcd98794a2773c506c2689117d82d65a840e
AGXY3,2026-09-18,BVBG.028.02,acao_on,BRAGXYACNOR4,SctyCtgy=11; Desc=AGROGALAXY  ON      NM; CFI=ESVUFR,IN260918.zip,826241f04d41c6a6a6d2aff614a6730b10e84788281971bc730e89da217c7173
AGXY3,2026-09-18,COTAHIST,acao_on,BRAGXYACNOR4,TPMERC=010; ESPECI=ON      NM,COTAHIST_D18092026.ZIP,dbb432658fac047210d385058d79f632bca7139f920436a0872eba72e7f706bb
ALLD3,2026-09-14,COTAHIST,acao_on,BRALLDACNOR3,TPMERC=010; ESPECI=ON      NM,COTAHIST_D14092026.ZIP,9af50a6defc90890f6508a0bb1e7fcd98794a2773c506c2689117d82d65a840e
ALLD3,2026-09-18,BVBG.028.02,acao_on,BRALLDACNOR3,SctyCtgy=11; Desc=ALLIED      ON      NM; CFI=ESVUFR,IN260918.zip,826241f04d41c6a6a6d2aff614a6730b10e84788281971bc730e89da217c7173
ALLD3,2026-09-18,COTAHIST,acao_on,BRALLDACNOR3,TPMERC=010; ESPECI=ON      NM,COTAHIST_D18092026.ZIP,dbb432658fac047210d385058d79f632bca7139f920436a0872eba72e7f706bb
ALOS3,2026-09-14,COTAHIST,acao_on,BRALOSACNOR5,TPMERC=010; ESPECI=ON      NM,COTAHIST_D14092026.ZIP,9af50a6defc90890f6508a0bb1e7fcd98794a2773c506c2689117d82d65a840e
ALOS3,2026-09-18,BVBG.028.02,acao_on,BRALOSACNOR5,SctyCtgy=11; Desc=ALLOS       ON      NM; CFI=ESVUFR,IN260918.zip,826241f04d41c6a6a6d2aff614a6730b10e84788281971bc730e89da217c7173
ALOS3,2026-09-18,COTAHIST,acao_on,BRALOSACNOR5,TPMERC=010; ESPECI=ON      NM,COTAHIST_D18092026.ZIP,dbb432658fac047210d385058d79f632bca7139f920436a0872eba72e7f706bb
ALPA3,2026-09-14,COTAHIST,acao_on,BRALPAACNOR0,TPMERC=010; ESPECI=ON      N1,COTAHIST_D14092026.ZIP,9af50a6defc90890f6508a0bb1e7fcd98794a2773c506c2689117d82d65a840e
ALPA3,2026-09-18,BVBG.028.02,acao_on,BRALPAACNOR0,SctyCtgy=11; Desc=ALPARGATAS  ON      N1; CFI=ESVUFR,IN260918.zip,826241f04d41c6a6a6d2aff614a6730b10e84788281971bc730e89da217c7173
ALPA3,2026-09-18,COTAHIST,acao_on,BRALPAACNOR0,TPMERC=010; ESPECI=ON      N1,COTAHIST_D18092026.ZIP,dbb432658fac047210d385058d79f632bca7139f920436a0872eba72e7f706bb
ALPA4,2026-09-14,COTAHIST,acao_pn,BRALPAACNPR7,TPMERC=010; ESPECI=PN      N1,COTAHIST_D14092026.ZIP,9af50a6defc90890f6508a0bb1e7fcd98794a2773c506c2689117d82d65a840e
ALPA4,2026-09-18,BVBG.028.02,acao_pn,BRALPAACNPR7,SctyCtgy=11; Desc=ALPARGATAS  PN      N1; CFI=EPNNPR,IN260918.zip,826241f04d41c6a6a6d2aff614a6730b10e84788281971bc730e89da217c7173
ALPA4,2026-09-18,COTAHIST,acao_pn,BRALPAACNPR7,TPMERC=010; ESPECI=PN      N1,COTAHIST_D18092026.ZIP,dbb432658fac047210d385058d79f632bca7139f920436a0872eba72e7f706bb
ALPK3,2026-09-14,COTAHIST,acao_on,BRALPKACNOR9,TPMERC=010; ESPECI=ON      NM,COTAHIST_D14092026.ZIP,9af50a6defc90890f6508a0bb1e7fcd98794a2773c506c2689117d82d65a840e
ALPK3,2026-09-18,BVBG.028.02,acao_on,BRALPKACNOR9,SctyCtgy=11; Desc=ESTAPAR     ON      NM; CFI=ESVUFR,IN260918.zip,826241f04d41c6a6a6d2aff614a6730b10e84788281971bc730e89da217c7173
ALPK3,2026-09-18,COTAHIST,acao_on,BRALPKACNOR9,TPMERC=010; ESPECI=ON      NM,COTAHIST_D18092026.ZIP,dbb432658fac047210d385058d79f632bca7139f920436a0872eba72e7f706bb
ALUP11,2026-09-14,COTAHIST,unit,BRALUPCDAM15,TPMERC=010; ESPECI=UNT     N2,COTAHIST_D14092026.ZIP,9af50a6defc90890f6508a0bb1e7fcd98794a2773c506c2689117d82d65a840e
ALUP11,2026-09-18,BVBG.028.02,unit,BRALUPCDAM15,SctyCtgy=13; Desc=ALUPAR      UNT     N2; CFI=EMXXXR,IN260918.zip,826241f04d41c6a6a6d2aff614a6730b10e84788281971bc730e89da217c7173
ALUP11,2026-09-18,COTAHIST,unit,BRALUPCDAM15,TPMERC=010; ESPECI=UNT     N2,COTAHIST_D18092026.ZIP,dbb432658fac047210d385058d79f632bca7139f920436a0872eba72e7f706bb
ALUP3,2026-09-14,COTAHIST,acao_on,BRALUPACNOR8,TPMERC=010; ESPECI=ON      N2,COTAHIST_D14092026.ZIP,9af50a6defc90890f6508a0bb1e7fcd98794a2773c506c2689117d82d65a840e
ALUP3,2026-09-18,BVBG.028.02,acao_on,BRALUPACNOR8,SctyCtgy=11; Desc=ALUPAR      ON      N2; CFI=ESVUFR,IN260918.zip,826241f04d41c6a6a6d2aff614a6730b10e84788281971bc730e89da217c7173
ALUP3,2026-09-18,COTAHIST,acao_on,BRALUPACNOR8,TPMERC=010; ESPECI=ON      N2,COTAHIST_D18092026.ZIP,dbb432658fac047210d385058d79f632bca7139f920436a0872eba72e7f706bb
ALUP4,2026-09-14,COTAHIST,acao_pn,BRALUPACNPR5,TPMERC=010; ESPECI=PN      N2,COTAHIST_D14092026.ZIP,9af50a6defc90890f6508a0bb1e7fcd98794a2773c506c2689117d82d65a840e
ALUP4,2026-09-18,BVBG.028.02,acao_pn,BRALUPACNPR5,SctyCtgy=11; Desc=ALUPAR      PN      N2; CFI=EPNNPR,IN260918.zip,826241f04d41c6a6a6d2aff614a6730b10e84788281971bc730e89da217c7173
ALUP4,2026-09-18,COTAHIST,acao_pn,BRALUPACNPR5,TPMERC=010; ESPECI=PN      N2,COTAHIST_D18092026.ZIP,dbb432658fac047210d385058d79f632bca7139f920436a0872eba72e7f706bb
AMAR3,2026-09-14,COTAHIST,acao_on,BRAMARACNOR4,TPMERC=010; ESPECI=ON      NM,COTAHIST_D14092026.ZIP,9af50a6defc90890f6508a0bb1e7fcd98794a2773c506c2689117d82d65a840e
AMAR3,2026-09-18,BVBG.028.02,acao_on,BRAMARACNOR4,SctyCtgy=11; Desc=LOJAS MARISAON      NM; CFI=ESVUFR,IN260918.zip,826241f04d41c6a6a6d2aff614a6730b10e84788281971bc730e89da217c7173
AMAR3,2026-09-18,COTAHIST,acao_on,BRAMARACNOR4,TPMERC=010; ESPECI=ON      NM,COTAHIST_D18092026.ZIP,dbb432658fac047210d385058d79f632bca7139f920436a0872eba72e7f706bb
AMBP3,2026-09-14,COTAHIST,acao_on,BRAMBPACNOR6,TPMERC=010; ESPECI=ON      NM,COTAHIST_D14092026.ZIP,9af50a6defc90890f6508a0bb1e7fcd98794a2773c506c2689117d82d65a840e
AMBP3,2026-09-18,BVBG.028.02,acao_on,BRAMBPACNOR6,SctyCtgy=11; Desc=AMBIPAR     ON      NM; CFI=ESVUFR,IN260918.zip,826241f04d41c6a6a6d2aff614a6730b10e84788281971bc730e89da217c7173
AMBP3,2026-09-18,COTAHIST,acao_on,BRAMBPACNOR6,TPMERC=010; ESPECI=ON      NM,COTAHIST_D18092026.ZIP,dbb432658fac047210d385058d79f632bca7139f920436a0872eba72e7f706bb
AMER3,2026-09-14,COTAHIST,acao_on,BRAMERACNOR6,TPMERC=010; ESPECI=ON      NM,COTAHIST_D14092026.ZIP,9af50a6defc90890f6508a0bb1e7fcd98794a2773c506c2689117d82d65a840e
AMER3,2026-09-18,BVBG.028.02,acao_on,BRAMERACNOR6,SctyCtgy=11; Desc=AMERICANAS  ON      NM; CFI=ESVUFR,IN260918.zip,826241f04d41c6a6a6d2aff614a6730b10e84788281971bc730e89da217c7173
AMER3,2026-09-18,COTAHIST,acao_on,BRAMERACNOR6,TPMERC=010; ESPECI=ON      NM,COTAHIST_D18092026.ZIP,dbb432658fac047210d385058d79f632bca7139f920436a0872eba72e7f706bb
AMOB3,2026-09-14,COTAHIST,acao_on,BRAMOBACNOR9,TPMERC=010; ESPECI=ON      NM,COTAHIST_D14092026.ZIP,9af50a6defc90890f6508a0bb1e7fcd98794a2773c506c2689117d82d65a840e
AMOB3,2026-09-18,BVBG.028.02,acao_on,BRAMOBACNOR9,SctyCtgy=11; Desc=AUTOMOB     ON      NM; CFI=ESVUFR,IN260918.zip,826241f04d41c6a6a6d2aff614a6730b10e84788281971bc730e89da217c7173
AMOB3,2026-09-18,COTAHIST,acao_on,BRAMOBACNOR9,TPMERC=010; ESPECI=ON      NM,COTAHIST_D18092026.ZIP,dbb432658fac047210d385058d79f632bca7139f920436a0872eba72e7f706bb
ANIM3,2026-09-14,COTAHIST,acao_on,BRANIMACNOR6,TPMERC=010; ESPECI=ON      NM,COTAHIST_D14092026.ZIP,9af50a6defc90890f6508a0bb1e7fcd98794a2773c506c2689117d82d65a840e
ANIM3,2026-09-18,BVBG.028.02,acao_on,BRANIMACNOR6,SctyCtgy=11; Desc=ANIMA       ON      NM; CFI=ESVUFR,IN260918.zip,826241f04d41c6a6a6d2aff614a6730b10e84788281971bc730e89da217c7173
ANIM3,2026-09-18,COTAHIST,acao_on,BRANIMACNOR6,TPMERC=010; ESPECI=ON      NM,COTAHIST_D18092026.ZIP,dbb432658fac047210d385058d79f632bca7139f920436a0872eba72e7f706bb
ARML3,2026-09-14,COTAHIST,acao_on,BRARMLACNOR1,TPMERC=010; ESPECI=ON      NM,COTAHIST_D14092026.ZIP,9af50a6defc90890f6508a0bb1e7fcd98794a2773c506c2689117d82d65a840e
ARML3,2026-09-18,BVBG.028.02,acao_on,BRARMLACNOR1,SctyCtgy=11; Desc=ARMAC       ON      NM; CFI=ESVUFR,IN260918.zip,826241f04d41c6a6a6d2aff614a6730b10e84788281971bc730e89da217c7173
ARML3,2026-09-18,COTAHIST,acao_on,BRARMLACNOR1,TPMERC=010; ESPECI=ON      NM,COTAHIST_D18092026.ZIP,dbb432658fac047210d385058d79f632bca7139f920436a0872eba72e7f706bb
ASAI3,2026-09-14,COTAHIST,acao_on,BRASAIACNOR0,TPMERC=010; ESPECI=ON      NM,COTAHIST_D14092026.ZIP,9af50a6defc90890f6508a0bb1e7fcd98794a2773c506c2689117d82d65a840e
ASAI3,2026-09-18,BVBG.028.02,acao_on,BRASAIACNOR0,SctyCtgy=11; Desc=ASSAI       ON      NM; CFI=ESVUFR,IN260918.zip,826241f04d41c6a6a6d2aff614a6730b10e84788281971bc730e89da217c7173
ASAI3,2026-09-18,COTAHIST,acao_on,BRASAIACNOR0,TPMERC=010; ESPECI=ON      NM,COTAHIST_D18092026.ZIP,dbb432658fac047210d385058d79f632bca7139f920436a0872eba72e7f706bb
ATED3,2026-09-14,COTAHIST,acao_on,BRATEDACNOR1,TPMERC=010; ESPECI=ON,COTAHIST_D14092026.ZIP,9af50a6defc90890f6508a0bb1e7fcd98794a2773c506c2689117d82d65a840e
ATED3,2026-09-18,BVBG.028.02,acao_on,BRATEDACNOR1,SctyCtgy=11; Desc=ATOM EDUC   ON; CFI=ESVUFR,IN260918.zip,826241f04d41c6a6a6d2aff614a6730b10e84788281971bc730e89da217c7173
ATED3,2026-09-18,COTAHIST,acao_on,BRATEDACNOR1,TPMERC=010; ESPECI=ON,COTAHIST_D18092026.ZIP,dbb432658fac047210d385058d79f632bca7139f920436a0872eba72e7f706bb
AUAU3,2026-09-14,COTAHIST,acao_on,BRAUAUACNOR1,TPMERC=010; ESPECI=ON      NM,COTAHIST_D14092026.ZIP,9af50a6defc90890f6508a0bb1e7fcd98794a2773c506c2689117d82d65a840e
AUAU3,2026-09-18,BVBG.028.02,acao_on,BRAUAUACNOR1,SctyCtgy=11; Desc=PETZCOBASI  ON      NM; CFI=ESVUFR,IN260918.zip,826241f04d41c6a6a6d2aff614a6730b10e84788281971bc730e89da217c7173
AUAU3,2026-09-18,COTAHIST,acao_on,BRAUAUACNOR1,TPMERC=010; ESPECI=ON      NM,COTAHIST_D18092026.ZIP,dbb432658fac047210d385058d79f632bca7139f920436a0872eba72e7f706bb
AURA33,2026-09-14,COTAHIST,bdr,BRAURABDR001,TPMERC=010; ESPECI=DR3,COTAHIST_D14092026.ZIP,9af50a6defc90890f6508a0bb1e7fcd98794a2773c506c2689117d82d65a840e
AURA33,2026-09-18,BVBG.028.02,bdr,BRAURABDR001,SctyCtgy=1; Desc=AURA 360    DR3; CFI=EDSXPR,IN260918.zip,826241f04d41c6a6a6d2aff614a6730b10e84788281971bc730e89da217c7173
AURA33,2026-09-18,COTAHIST,bdr,BRAURABDR001,TPMERC=010; ESPECI=DR3,COTAHIST_D18092026.ZIP,dbb432658fac047210d385058d79f632bca7139f920436a0872eba72e7f706bb
AURE3,2026-09-14,COTAHIST,acao_on,BRAUREACNOR9,TPMERC=010; ESPECI=ON      NM,COTAHIST_D14092026.ZIP,9af50a6defc90890f6508a0bb1e7fcd98794a2773c506c2689117d82d65a840e
AURE3,2026-09-18,BVBG.028.02,acao_on,BRAUREACNOR9,SctyCtgy=11; Desc=AUREN       ON      NM; CFI=ESVUFR,IN260918.zip,826241f04d41c6a6a6d2aff614a6730b10e84788281971bc730e89da217c7173
AURE3,2026-09-18,COTAHIST,acao_on,BRAUREACNOR9,TPMERC=010; ESPECI=ON      NM,COTAHIST_D18092026.ZIP,dbb432658fac047210d385058d79f632bca7139f920436a0872eba72e7f706bb
AXIA3,2026-09-14,COTAHIST,acao_on,BRAXIAACNOR0,TPMERC=010; ESPECI=ON      NM,COTAHIST_D14092026.ZIP,9af50a6defc90890f6508a0bb1e7fcd98794a2773c506c2689117d82d65a840e
AXIA3,2026-09-18,BVBG.028.02,acao_on,BRAXIAACNOR0,SctyCtgy=11; Desc=AXIA ENERGIAON      NM; CFI=ESVUFR,IN260918.zip,826241f04d41c6a6a6d2aff614a6730b10e84788281971bc730e89da217c7173
AXIA3,2026-09-18,COTAHIST,acao_on,BRAXIAACNOR0,TPMERC=010; ESPECI=ON      NM,COTAHIST_D18092026.ZIP,dbb432658fac047210d385058d79f632bca7139f920436a0872eba72e7f706bb
AXIA7,2026-09-14,COTAHIST,acao_pn,BRAXIAACNPC9,TPMERC=010; ESPECI=PNC ATZ NM,COTAHIST_D14092026.ZIP,9af50a6defc90890f6508a0bb1e7fcd98794a2773c506c2689117d82d65a840e
AXIA7,2026-09-18,BVBG.028.02,acao_pn,BRAXIAACNPC9,SctyCtgy=11; Desc=AXIA ENERGIAPNC     NM; CFI=EPNNPR,IN260918.zip,826241f04d41c6a6a6d2aff614a6730b10e84788281971bc730e89da217c7173
AXIA7,2026-09-18,COTAHIST,acao_pn,BRAXIAACNPC9,TPMERC=010; ESPECI=PNC     NM,COTAHIST_D18092026.ZIP,dbb432658fac047210d385058d79f632bca7139f920436a0872eba72e7f706bb
AZEV3,2026-09-14,COTAHIST,acao_on,BRAZEVACNOR0,TPMERC=010; ESPECI=ON,COTAHIST_D14092026.ZIP,9af50a6defc90890f6508a0bb1e7fcd98794a2773c506c2689117d82d65a840e
AZEV3,2026-09-18,BVBG.028.02,acao_on,BRAZEVACNOR0,SctyCtgy=11; Desc=AZEVEDO     ON; CFI=ESVUFR,IN260918.zip,826241f04d41c6a6a6d2aff614a6730b10e84788281971bc730e89da217c7173
AZEV3,2026-09-18,COTAHIST,acao_on,BRAZEVACNOR0,TPMERC=010; ESPECI=ON,COTAHIST_D18092026.ZIP,dbb432658fac047210d385058d79f632bca7139f920436a0872eba72e7f706bb
AZEV4,2026-09-14,COTAHIST,acao_pn,BRAZEVACNPR7,TPMERC=010; ESPECI=PN,COTAHIST_D14092026.ZIP,9af50a6defc90890f6508a0bb1e7fcd98794a2773c506c2689117d82d65a840e
AZEV4,2026-09-18,BVBG.028.02,acao_pn,BRAZEVACNPR7,SctyCtgy=11; Desc=AZEVEDO     PN; CFI=EPNNPR,IN260918.zip,826241f04d41c6a6a6d2aff614a6730b10e84788281971bc730e89da217c7173
AZEV4,2026-09-18,COTAHIST,acao_pn,BRAZEVACNPR7,TPMERC=010; ESPECI=PN,COTAHIST_D18092026.ZIP,dbb432658fac047210d385058d79f632bca7139f920436a0872eba72e7f706bb
AZTE3,2026-09-14,COTAHIST,acao_on,BRAZTEACNOR4,TPMERC=010; ESPECI=ON,COTAHIST_D14092026.ZIP,9af50a6defc90890f6508a0bb1e7fcd98794a2773c506c2689117d82d65a840e
AZTE3,2026-09-18,BVBG.028.02,acao_on,BRAZTEACNOR4,SctyCtgy=11; Desc=AZT ENERGIA ON; CFI=ESVUFR,IN260918.zip,826241f04d41c6a6a6d2aff614a6730b10e84788281971bc730e89da217c7173
AZTE3,2026-09-18,COTAHIST,acao_on,BRAZTEACNOR4,TPMERC=010; ESPECI=ON,COTAHIST_D18092026.ZIP,dbb432658fac047210d385058d79f632bca7139f920436a0872eba72e7f706bb
AZUL3,2026-09-14,COTAHIST,acao_on,BRAZULACNOR7,TPMERC=010; ESPECI=ON      N2,COTAHIST_D14092026.ZIP,9af50a6defc90890f6508a0bb1e7fcd98794a2773c506c2689117d82d65a840e
AZUL3,2026-09-18,BVBG.028.02,acao_on,BRAZULACNOR7,SctyCtgy=11; Desc=AZUL        ON      N2; CFI=ESVUFR,IN260918.zip,826241f04d41c6a6a6d2aff614a6730b10e84788281971bc730e89da217c7173
AZUL3,2026-09-18,COTAHIST,acao_on,BRAZULACNOR7,TPMERC=010; ESPECI=ON      N2,COTAHIST_D18092026.ZIP,dbb432658fac047210d385058d79f632bca7139f920436a0872eba72e7f706bb
AZZA3,2026-09-14,COTAHIST,acao_on,BRAZZAACNOR9,TPMERC=010; ESPECI=ON      NM,COTAHIST_D14092026.ZIP,9af50a6defc90890f6508a0bb1e7fcd98794a2773c506c2689117d82d65a840e
AZZA3,2026-09-18,BVBG.028.02,acao_on,BRAZZAACNOR9,SctyCtgy=11; Desc=AZZAS 2154  ON      NM; CFI=ESVUFR,IN260918.zip,826241f04d41c6a6a6d2aff614a6730b10e84788281971bc730e89da217c7173
AZZA3,2026-09-18,COTAHIST,acao_on,BRAZZAACNOR9,TPMERC=010; ESPECI=ON      NM,COTAHIST_D18092026.ZIP,dbb432658fac047210d385058d79f632bca7139f920436a0872eba72e7f706bb
B3SA3,2026-09-14,COTAHIST,acao_on,BRB3SAACNOR6,TPMERC=010; ESPECI=ON      NM,COTAHIST_D14092026.ZIP,9af50a6defc90890f6508a0bb1e7fcd98794a2773c506c2689117d82d65a840e
B3SA3,2026-09-18,BVBG.028.02,acao_on,BRB3SAACNOR6,SctyCtgy=11; Desc=B3          ON      NM; CFI=ESVUFR,IN260918.zip,826241f04d41c6a6a6d2aff614a6730b10e84788281971bc730e89da217c7173
B3SA3,2026-09-18,COTAHIST,acao_on,BRB3SAACNOR6,TPMERC=010; ESPECI=ON      NM,COTAHIST_D18092026.ZIP,dbb432658fac047210d385058d79f632bca7139f920436a0872eba72e7f706bb
BAZA3,2026-09-14,COTAHIST,acao_on,BRBAZAACNOR0,TPMERC=010; ESPECI=ON,COTAHIST_D14092026.ZIP,9af50a6defc90890f6508a0bb1e7fcd98794a2773c506c2689117d82d65a840e
BAZA3,2026-09-18,BVBG.028.02,acao_on,BRBAZAACNOR0,SctyCtgy=11; Desc=AMAZONIA    ON; CFI=ESVUFR,IN260918.zip,826241f04d41c6a6a6d2aff614a6730b10e84788281971bc730e89da217c7173
BAZA3,2026-09-18,COTAHIST,acao_on,BRBAZAACNOR0,TPMERC=010; ESPECI=ON,COTAHIST_D18092026.ZIP,dbb432658fac047210d385058d79f632bca7139f920436a0872eba72e7f706bb
BBAS3,2026-09-14,COTAHIST,acao_on,BRBBASACNOR3,TPMERC=010; ESPECI=ON  ERJ NM,COTAHIST_D14092026.ZIP,9af50a6defc90890f6508a0bb1e7fcd98794a2773c506c2689117d82d65a840e
BBAS3,2026-09-18,BVBG.028.02,acao_on,BRBBASACNOR3,SctyCtgy=11; Desc=BRASIL      ON      NM; CFI=ESVUFR,IN260918.zip,826241f04d41c6a6a6d2aff614a6730b10e84788281971bc730e89da217c7173
BBAS3,2026-09-18,COTAHIST,acao_on,BRBBASACNOR3,TPMERC=010; ESPECI=ON      NM,COTAHIST_D18092026.ZIP,dbb432658fac047210d385058d79f632bca7139f920436a0872eba72e7f706bb
BBDC3,2026-09-14,COTAHIST,acao_on,BRBBDCACNOR1,TPMERC=010; ESPECI=ON  EJ  N1,COTAHIST_D14092026.ZIP,9af50a6defc90890f6508a0bb1e7fcd98794a2773c506c2689117d82d65a840e
BBDC3,2026-09-18,BVBG.028.02,acao_on,BRBBDCACNOR1,SctyCtgy=11; Desc=BRADESCO    ON      N1; CFI=ESVUFR,IN260918.zip,826241f04d41c6a6a6d2aff614a6730b10e84788281971bc730e89da217c7173
BBDC3,2026-09-18,COTAHIST,acao_on,BRBBDCACNOR1,TPMERC=010; ESPECI=ON      N1,COTAHIST_D18092026.ZIP,dbb432658fac047210d385058d79f632bca7139f920436a0872eba72e7f706bb
BBDC4,2026-09-14,COTAHIST,acao_pn,BRBBDCACNPR8,TPMERC=010; ESPECI=PN  EJ  N1,COTAHIST_D14092026.ZIP,9af50a6defc90890f6508a0bb1e7fcd98794a2773c506c2689117d82d65a840e
BBDC4,2026-09-18,BVBG.028.02,acao_pn,BRBBDCACNPR8,SctyCtgy=11; Desc=BRADESCO    PN      N1; CFI=EPNNPR,IN260918.zip,826241f04d41c6a6a6d2aff614a6730b10e84788281971bc730e89da217c7173
BBDC4,2026-09-18,COTAHIST,acao_pn,BRBBDCACNPR8,TPMERC=010; ESPECI=PN      N1,COTAHIST_D18092026.ZIP,dbb432658fac047210d385058d79f632bca7139f920436a0872eba72e7f706bb
BBSE3,2026-09-14,COTAHIST,acao_on,BRBBSEACNOR5,TPMERC=010; ESPECI=ON      NM,COTAHIST_D14092026.ZIP,9af50a6defc90890f6508a0bb1e7fcd98794a2773c506c2689117d82d65a840e
BBSE3,2026-09-18,BVBG.028.02,acao_on,BRBBSEACNOR5,SctyCtgy=11; Desc=BBSEGURIDADEON      NM; CFI=ESVUFR,IN260918.zip,826241f04d41c6a6a6d2aff614a6730b10e84788281971bc730e89da217c7173
BBSE3,2026-09-18,COTAHIST,acao_on,BRBBSEACNOR5,TPMERC=010; ESPECI=ON      NM,COTAHIST_D18092026.ZIP,dbb432658fac047210d385058d79f632bca7139f920436a0872eba72e7f706bb
BEEF3,2026-09-14,COTAHIST,acao_on,BRBEEFACNOR6,TPMERC=010; ESPECI=ON      NM,COTAHIST_D14092026.ZIP,9af50a6defc90890f6508a0bb1e7fcd98794a2773c506c2689117d82d65a840e
BEEF3,2026-09-18,BVBG.028.02,acao_on,BRBEEFACNOR6,SctyCtgy=11; Desc=MINERVA     ON      NM; CFI=ESVUFR,IN260918.zip,826241f04d41c6a6a6d2aff614a6730b10e84788281971bc730e89da217c7173
BEEF3,2026-09-18,COTAHIST,acao_on,BRBEEFACNOR6,TPMERC=010; ESPECI=ON      NM,COTAHIST_D18092026.ZIP,dbb432658fac047210d385058d79f632bca7139f920436a0872eba72e7f706bb
BEES3,2026-09-14,COTAHIST,acao_on,BRBEESACNOR9,TPMERC=010; ESPECI=ON  EJ,COTAHIST_D14092026.ZIP,9af50a6defc90890f6508a0bb1e7fcd98794a2773c506c2689117d82d65a840e
BEES3,2026-09-18,BVBG.028.02,acao_on,BRBEESACNOR9,SctyCtgy=11; Desc=BANESTES    ON; CFI=ESVUFR,IN260918.zip,826241f04d41c6a6a6d2aff614a6730b10e84788281971bc730e89da217c7173
BEES3,2026-09-18,COTAHIST,acao_on,BRBEESACNOR9,TPMERC=010; ESPECI=ON,COTAHIST_D18092026.ZIP,dbb432658fac047210d385058d79f632bca7139f920436a0872eba72e7f706bb
BEES4,2026-09-14,COTAHIST,acao_pn,BRBEESACNPR6,TPMERC=010; ESPECI=PN  EJ,COTAHIST_D14092026.ZIP,9af50a6defc90890f6508a0bb1e7fcd98794a2773c506c2689117d82d65a840e
BEES4,2026-09-18,BVBG.028.02,acao_pn,BRBEESACNPR6,SctyCtgy=11; Desc=BANESTES    PN; CFI=EPNNPR,IN260918.zip,826241f04d41c6a6a6d2aff614a6730b10e84788281971bc730e89da217c7173
BEES4,2026-09-18,COTAHIST,acao_pn,BRBEESACNPR6,TPMERC=010; ESPECI=PN,COTAHIST_D18092026.ZIP,dbb432658fac047210d385058d79f632bca7139f920436a0872eba72e7f706bb
BHIA3,2026-09-14,COTAHIST,acao_on,BRBHIAACNOR1,TPMERC=010; ESPECI=ON      NM,COTAHIST_D14092026.ZIP,9af50a6defc90890f6508a0bb1e7fcd98794a2773c506c2689117d82d65a840e
BHIA3,2026-09-18,BVBG.028.02,acao_on,BRBHIAACNOR1,SctyCtgy=11; Desc=CASAS BAHIA ON      NM; CFI=ESVUFR,IN260918.zip,826241f04d41c6a6a6d2aff614a6730b10e84788281971bc730e89da217c7173
BHIA3,2026-09-18,COTAHIST,acao_on,BRBHIAACNOR1,TPMERC=010; ESPECI=ON      NM,COTAHIST_D18092026.ZIP,dbb432658fac047210d385058d79f632bca7139f920436a0872eba72e7f706bb
BIED3,2026-09-14,COTAHIST,acao_on,BRBIEDACNOR2,TPMERC=010; ESPECI=ON,COTAHIST_D14092026.ZIP,9af50a6defc90890f6508a0bb1e7fcd98794a2773c506c2689117d82d65a840e
BIED3,2026-09-18,BVBG.028.02,acao_on,BRBIEDACNOR2,SctyCtgy=11; Desc=BIOMA EDUC  ON; CFI=ESVUFR,IN260918.zip,826241f04d41c6a6a6d2aff614a6730b10e84788281971bc730e89da217c7173
BIED3,2026-09-18,COTAHIST,acao_on,BRBIEDACNOR2,TPMERC=010; ESPECI=ON,COTAHIST_D18092026.ZIP,dbb432658fac047210d385058d79f632bca7139f920436a0872eba72e7f706bb
BIOM3,2026-09-14,COTAHIST,acao_on,BRBIOMACNOR2,TPMERC=010; ESPECI=ON      N2,COTAHIST_D14092026.ZIP,9af50a6defc90890f6508a0bb1e7fcd98794a2773c506c2689117d82d65a840e
BIOM3,2026-09-18,BVBG.028.02,acao_on,BRBIOMACNOR2,SctyCtgy=11; Desc=BIOMM       ON      N2; CFI=ESVUFR,IN260918.zip,826241f04d41c6a6a6d2aff614a6730b10e84788281971bc730e89da217c7173
BIOM3,2026-09-18,COTAHIST,acao_on,BRBIOMACNOR2,TPMERC=010; ESPECI=ON      N2,COTAHIST_D18092026.ZIP,dbb432658fac047210d385058d79f632bca7139f920436a0872eba72e7f706bb
BLAU3,2026-09-14,COTAHIST,acao_on,BRBLAUACNOR8,TPMERC=010; ESPECI=ON      NM,COTAHIST_D14092026.ZIP,9af50a6defc90890f6508a0bb1e7fcd98794a2773c506c2689117d82d65a840e
BLAU3,2026-09-18,BVBG.028.02,acao_on,BRBLAUACNOR8,SctyCtgy=11; Desc=BLAU        ON      NM; CFI=ESVUFR,IN260918.zip,826241f04d41c6a6a6d2aff614a6730b10e84788281971bc730e89da217c7173
BLAU3,2026-09-18,COTAHIST,acao_on,BRBLAUACNOR8,TPMERC=010; ESPECI=ON      NM,COTAHIST_D18092026.ZIP,dbb432658fac047210d385058d79f632bca7139f920436a0872eba72e7f706bb
BMEB3,2026-09-14,COTAHIST,acao_on,BRBMEBACNOR8,TPMERC=010; ESPECI=ON      N1,COTAHIST_D14092026.ZIP,9af50a6defc90890f6508a0bb1e7fcd98794a2773c506c2689117d82d65a840e
BMEB3,2026-09-18,BVBG.028.02,acao_on,BRBMEBACNOR8,SctyCtgy=11; Desc=MERCANTIL   ON      N1; CFI=ESVUFR,IN260918.zip,826241f04d41c6a6a6d2aff614a6730b10e84788281971bc730e89da217c7173
BMEB3,2026-09-18,COTAHIST,acao_on,BRBMEBACNOR8,TPMERC=010; ESPECI=ON      N1,COTAHIST_D18092026.ZIP,dbb432658fac047210d385058d79f632bca7139f920436a0872eba72e7f706bb
BMEB4,2026-09-14,COTAHIST,acao_pn,BRBMEBACNPR5,TPMERC=010; ESPECI=PN      N1,COTAHIST_D14092026.ZIP,9af50a6defc90890f6508a0bb1e7fcd98794a2773c506c2689117d82d65a840e
BMEB4,2026-09-18,BVBG.028.02,acao_pn,BRBMEBACNPR5,SctyCtgy=11; Desc=MERCANTIL   PN      N1; CFI=EPNNPR,IN260918.zip,826241f04d41c6a6a6d2aff614a6730b10e84788281971bc730e89da217c7173
BMEB4,2026-09-18,COTAHIST,acao_pn,BRBMEBACNPR5,TPMERC=010; ESPECI=PN      N1,COTAHIST_D18092026.ZIP,dbb432658fac047210d385058d79f632bca7139f920436a0872eba72e7f706bb
BMGB4,2026-09-14,COTAHIST,acao_pn,BRBMGBACNPR0,TPMERC=010; ESPECI=PN      N1,COTAHIST_D14092026.ZIP,9af50a6defc90890f6508a0bb1e7fcd98794a2773c506c2689117d82d65a840e
BMGB4,2026-09-18,BVBG.028.02,acao_pn,BRBMGBACNPR0,SctyCtgy=11; Desc=BANCO BMG   PN      N1; CFI=EPNNPR,IN260918.zip,826241f04d41c6a6a6d2aff614a6730b10e84788281971bc730e89da217c7173
BMGB4,2026-09-18,COTAHIST,acao_pn,BRBMGBACNPR0,TPMERC=010; ESPECI=PN      N1,COTAHIST_D18092026.ZIP,dbb432658fac047210d385058d79f632bca7139f920436a0872eba72e7f706bb
BMKS3,2026-09-14,COTAHIST,acao_on,BRBMKSACNOR9,TPMERC=010; ESPECI=ON      MP,COTAHIST_D14092026.ZIP,9af50a6defc90890f6508a0bb1e7fcd98794a2773c506c2689117d82d65a840e
BMKS3,2026-09-18,BVBG.028.02,acao_on,BRBMKSACNOR9,SctyCtgy=11; Desc=BIC MONARK  ON      MP; CFI=ESVUFR,IN260918.zip,826241f04d41c6a6a6d2aff614a6730b10e84788281971bc730e89da217c7173
BMKS3,2026-09-18,COTAHIST,acao_on,BRBMKSACNOR9,TPMERC=010; ESPECI=ON      MP,COTAHIST_D18092026.ZIP,dbb432658fac047210d385058d79f632bca7139f920436a0872eba72e7f706bb
BMOB3,2026-09-14,COTAHIST,acao_on,BRBMOBACNOR7,TPMERC=010; ESPECI=ON      NM,COTAHIST_D14092026.ZIP,9af50a6defc90890f6508a0bb1e7fcd98794a2773c506c2689117d82d65a840e
BMOB3,2026-09-18,BVBG.028.02,acao_on,BRBMOBACNOR7,SctyCtgy=11; Desc=BEMOBI TECH ON      NM; CFI=ESVUFR,IN260918.zip,826241f04d41c6a6a6d2aff614a6730b10e84788281971bc730e89da217c7173
BMOB3,2026-09-18,COTAHIST,acao_on,BRBMOBACNOR7,TPMERC=010; ESPECI=ON      NM,COTAHIST_D18092026.ZIP,dbb432658fac047210d385058d79f632bca7139f920436a0872eba72e7f706bb
BOBR4,2026-09-14,COTAHIST,acao_pn,BRBOBRACNPR3,TPMERC=010; ESPECI=PN,COTAHIST_D14092026.ZIP,9af50a6defc90890f6508a0bb1e7fcd98794a2773c506c2689117d82d65a840e
BOBR4,2026-09-18,BVBG.028.02,acao_pn,BRBOBRACNPR3,SctyCtgy=11; Desc=BOMBRIL     PN; CFI=EPNEFR,IN260918.zip,826241f04d41c6a6a6d2aff614a6730b10e84788281971bc730e89da217c7173
BOBR4,2026-09-18,COTAHIST,acao_pn,BRBOBRACNPR3,TPMERC=010; ESPECI=PN,COTAHIST_D18092026.ZIP,dbb432658fac047210d385058d79f632bca7139f920436a0872eba72e7f706bb
BPAC11,2026-09-14,COTAHIST,unit,BRBPACUNT006,TPMERC=010; ESPECI=UNT     N2,COTAHIST_D14092026.ZIP,9af50a6defc90890f6508a0bb1e7fcd98794a2773c506c2689117d82d65a840e
BPAC11,2026-09-18,BVBG.028.02,unit,BRBPACUNT006,SctyCtgy=13; Desc=BTGP BANCO  UNT     N2; CFI=MCMUXR,IN260918.zip,826241f04d41c6a6a6d2aff614a6730b10e84788281971bc730e89da217c7173
BPAC11,2026-09-18,COTAHIST,unit,BRBPACUNT006,TPMERC=010; ESPECI=UNT     N2,COTAHIST_D18092026.ZIP,dbb432658fac047210d385058d79f632bca7139f920436a0872eba72e7f706bb
BPAC3,2026-09-14,COTAHIST,acao_on,BRBPACACNOR7,TPMERC=010; ESPECI=ON      N2,COTAHIST_D14092026.ZIP,9af50a6defc90890f6508a0bb1e7fcd98794a2773c506c2689117d82d65a840e
BPAC3,2026-09-18,BVBG.028.02,acao_on,BRBPACACNOR7,SctyCtgy=11; Desc=BTGP BANCO  ON      N2; CFI=ESVUFR,IN260918.zip,826241f04d41c6a6a6d2aff614a6730b10e84788281971bc730e89da217c7173
BPAC3,2026-09-18,COTAHIST,acao_on,BRBPACACNOR7,TPMERC=010; ESPECI=ON      N2,COTAHIST_D18092026.ZIP,dbb432658fac047210d385058d79f632bca7139f920436a0872eba72e7f706bb
BPAC5,2026-09-14,COTAHIST,acao_pn,BRBPACACNPA0,TPMERC=010; ESPECI=PNA     N2,COTAHIST_D14092026.ZIP,9af50a6defc90890f6508a0bb1e7fcd98794a2773c506c2689117d82d65a840e
BPAC5,2026-09-18,BVBG.028.02,acao_pn,BRBPACACNPA0,SctyCtgy=11; Desc=BTGP BANCO  PNA     N2; CFI=EPNNPR,IN260918.zip,826241f04d41c6a6a6d2aff614a6730b10e84788281971bc730e89da217c7173
BPAC5,2026-09-18,COTAHIST,acao_pn,BRBPACACNPA0,TPMERC=010; ESPECI=PNA     N2,COTAHIST_D18092026.ZIP,dbb432658fac047210d385058d79f632bca7139f920436a0872eba72e7f706bb
BRAP3,2026-09-14,COTAHIST,acao_on,BRBRAPACNOR5,TPMERC=010; ESPECI=ON      N1,COTAHIST_D14092026.ZIP,9af50a6defc90890f6508a0bb1e7fcd98794a2773c506c2689117d82d65a840e
BRAP3,2026-09-18,BVBG.028.02,acao_on,BRBRAPACNOR5,SctyCtgy=11; Desc=BRADESPAR   ON      N1; CFI=ESVUFR,IN260918.zip,826241f04d41c6a6a6d2aff614a6730b10e84788281971bc730e89da217c7173
BRAP3,2026-09-18,COTAHIST,acao_on,BRBRAPACNOR5,TPMERC=010; ESPECI=ON      N1,COTAHIST_D18092026.ZIP,dbb432658fac047210d385058d79f632bca7139f920436a0872eba72e7f706bb
BRAP4,2026-09-14,COTAHIST,acao_pn,BRBRAPACNPR2,TPMERC=010; ESPECI=PN      N1,COTAHIST_D14092026.ZIP,9af50a6defc90890f6508a0bb1e7fcd98794a2773c506c2689117d82d65a840e
BRAP4,2026-09-18,BVBG.028.02,acao_pn,BRBRAPACNPR2,SctyCtgy=11; Desc=BRADESPAR   PN      N1; CFI=EPNNPR,IN260918.zip,826241f04d41c6a6a6d2aff614a6730b10e84788281971bc730e89da217c7173
BRAP4,2026-09-18,COTAHIST,acao_pn,BRBRAPACNPR2,TPMERC=010; ESPECI=PN      N1,COTAHIST_D18092026.ZIP,dbb432658fac047210d385058d79f632bca7139f920436a0872eba72e7f706bb
BRAV3,2026-09-14,COTAHIST,acao_on,BRBRAVACNOR3,TPMERC=010; ESPECI=ON      NM,COTAHIST_D14092026.ZIP,9af50a6defc90890f6508a0bb1e7fcd98794a2773c506c2689117d82d65a840e
BRAV3,2026-09-18,BVBG.028.02,acao_on,BRBRAVACNOR3,SctyCtgy=11; Desc=BRAVA       ON      NM; CFI=ESVUFR,IN260918.zip,826241f04d41c6a6a6d2aff614a6730b10e84788281971bc730e89da217c7173
BRAV3,2026-09-18,COTAHIST,acao_on,BRBRAVACNOR3,TPMERC=010; ESPECI=ON      NM,COTAHIST_D18092026.ZIP,dbb432658fac047210d385058d79f632bca7139f920436a0872eba72e7f706bb
BRBI11,2026-09-14,COTAHIST,unit,BRBRBICDAM10,TPMERC=010; ESPECI=UNT     N2,COTAHIST_D14092026.ZIP,9af50a6defc90890f6508a0bb1e7fcd98794a2773c506c2689117d82d65a840e
BRBI11,2026-09-18,BVBG.028.02,unit,BRBRBICDAM10,SctyCtgy=13; Desc=BR PARTNERS UNT     N2; CFI=EMXXXR,IN260918.zip,826241f04d41c6a6a6d2aff614a6730b10e84788281971bc730e89da217c7173
BRBI11,2026-09-18,COTAHIST,unit,BRBRBICDAM10,TPMERC=010; ESPECI=UNT     N2,COTAHIST_D18092026.ZIP,dbb432658fac047210d385058d79f632bca7139f920436a0872eba72e7f706bb
BRKM3,2026-09-14,COTAHIST,acao_on,BRBRKMACNOR1,TPMERC=010; ESPECI=ON      N1,COTAHIST_D14092026.ZIP,9af50a6defc90890f6508a0bb1e7fcd98794a2773c506c2689117d82d65a840e
BRKM3,2026-09-18,BVBG.028.02,acao_on,BRBRKMACNOR1,SctyCtgy=11; Desc=BRASKEM     ON      N1; CFI=ESVUFR,IN260918.zip,826241f04d41c6a6a6d2aff614a6730b10e84788281971bc730e89da217c7173
BRKM3,2026-09-18,COTAHIST,acao_on,BRBRKMACNOR1,TPMERC=010; ESPECI=ON      N1,COTAHIST_D18092026.ZIP,dbb432658fac047210d385058d79f632bca7139f920436a0872eba72e7f706bb
BRKM5,2026-09-14,COTAHIST,acao_pn,BRBRKMACNPA4,TPMERC=010; ESPECI=PNA     N1,COTAHIST_D14092026.ZIP,9af50a6defc90890f6508a0bb1e7fcd98794a2773c506c2689117d82d65a840e
BRKM5,2026-09-18,BVBG.028.02,acao_pn,BRBRKMACNPA4,SctyCtgy=11; Desc=BRASKEM     PNA     N1; CFI=EPNNPR,IN260918.zip,826241f04d41c6a6a6d2aff614a6730b10e84788281971bc730e89da217c7173
BRKM5,2026-09-18,COTAHIST,acao_pn,BRBRKMACNPA4,TPMERC=010; ESPECI=PNA     N1,COTAHIST_D18092026.ZIP,dbb432658fac047210d385058d79f632bca7139f920436a0872eba72e7f706bb
BRSR3,2026-09-14,COTAHIST,acao_on,BRBRSRACNOR3,TPMERC=010; ESPECI=ON  EJ  N1,COTAHIST_D14092026.ZIP,9af50a6defc90890f6508a0bb1e7fcd98794a2773c506c2689117d82d65a840e
BRSR3,2026-09-18,BVBG.028.02,acao_on,BRBRSRACNOR3,SctyCtgy=11; Desc=BANRISUL    ON  EJ  N1; CFI=ESVUFR,IN260918.zip,826241f04d41c6a6a6d2aff614a6730b10e84788281971bc730e89da217c7173
BRSR3,2026-09-18,COTAHIST,acao_on,BRBRSRACNOR3,TPMERC=010; ESPECI=ON  EJ  N1,COTAHIST_D18092026.ZIP,dbb432658fac047210d385058d79f632bca7139f920436a0872eba72e7f706bb
BRSR6,2026-09-14,COTAHIST,acao_pn,BRBRSRACNPB4,TPMERC=010; ESPECI=PNB EJ  N1,COTAHIST_D14092026.ZIP,9af50a6defc90890f6508a0bb1e7fcd98794a2773c506c2689117d82d65a840e
BRSR6,2026-09-18,BVBG.028.02,acao_pn,BRBRSRACNPB4,SctyCtgy=11; Desc=BANRISUL    PNB EJ  N1; CFI=EPNNPR,IN260918.zip,826241f04d41c6a6a6d2aff614a6730b10e84788281971bc730e89da217c7173
BRSR6,2026-09-18,COTAHIST,acao_pn,BRBRSRACNPB4,TPMERC=010; ESPECI=PNB EJ  N1,COTAHIST_D18092026.ZIP,dbb432658fac047210d385058d79f632bca7139f920436a0872eba72e7f706bb
BRST3,2026-09-14,COTAHIST,acao_on,BRBRSTACNOR9,TPMERC=010; ESPECI=ON      NM,COTAHIST_D14092026.ZIP,9af50a6defc90890f6508a0bb1e7fcd98794a2773c506c2689117d82d65a840e
BRST3,2026-09-18,BVBG.028.02,acao_on,BRBRSTACNOR9,SctyCtgy=11; Desc=BRISANET    ON      NM; CFI=ESVUFR,IN260918.zip,826241f04d41c6a6a6d2aff614a6730b10e84788281971bc730e89da217c7173
BRST3,2026-09-18,COTAHIST,acao_on,BRBRSTACNOR9,TPMERC=010; ESPECI=ON      NM,COTAHIST_D18092026.ZIP,dbb432658fac047210d385058d79f632bca7139f920436a0872eba72e7f706bb
BSLI3,2026-09-14,COTAHIST,acao_on,BRBSLIACNOR5,TPMERC=010; ESPECI=ON,COTAHIST_D14092026.ZIP,9af50a6defc90890f6508a0bb1e7fcd98794a2773c506c2689117d82d65a840e
BSLI3,2026-09-18,BVBG.028.02,acao_on,BRBSLIACNOR5,SctyCtgy=11; Desc=BRB BANCO   ON; CFI=ESVUFR,IN260918.zip,826241f04d41c6a6a6d2aff614a6730b10e84788281971bc730e89da217c7173
BSLI3,2026-09-18,COTAHIST,acao_on,BRBSLIACNOR5,TPMERC=010; ESPECI=ON,COTAHIST_D18092026.ZIP,dbb432658fac047210d385058d79f632bca7139f920436a0872eba72e7f706bb
BSLI4,2026-09-14,COTAHIST,acao_pn,BRBSLIACNPR2,TPMERC=010; ESPECI=PN,COTAHIST_D14092026.ZIP,9af50a6defc90890f6508a0bb1e7fcd98794a2773c506c2689117d82d65a840e
BSLI4,2026-09-18,BVBG.028.02,acao_pn,BRBSLIACNPR2,SctyCtgy=11; Desc=BRB BANCO   PN; CFI=EPNNPR,IN260918.zip,826241f04d41c6a6a6d2aff614a6730b10e84788281971bc730e89da217c7173
BSLI4,2026-09-18,COTAHIST,acao_pn,BRBSLIACNPR2,TPMERC=010; ESPECI=PN,COTAHIST_D18092026.ZIP,dbb432658fac047210d385058d79f632bca7139f920436a0872eba72e7f706bb
CAMB3,2026-09-14,COTAHIST,acao_on,BRCAMBACNOR4,TPMERC=010; ESPECI=ON,COTAHIST_D14092026.ZIP,9af50a6defc90890f6508a0bb1e7fcd98794a2773c506c2689117d82d65a840e
CAMB3,2026-09-18,BVBG.028.02,acao_on,BRCAMBACNOR4,SctyCtgy=11; Desc=CAMBUCI     ON  EJ; CFI=ESVUFR,IN260918.zip,826241f04d41c6a6a6d2aff614a6730b10e84788281971bc730e89da217c7173
CAMB3,2026-09-18,COTAHIST,acao_on,BRCAMBACNOR4,TPMERC=010; ESPECI=ON  EJ,COTAHIST_D18092026.ZIP,dbb432658fac047210d385058d79f632bca7139f920436a0872eba72e7f706bb
CAML3,2026-09-14,COTAHIST,acao_on,BRCAMLACNOR3,TPMERC=010; ESPECI=ON      NM,COTAHIST_D14092026.ZIP,9af50a6defc90890f6508a0bb1e7fcd98794a2773c506c2689117d82d65a840e
CAML3,2026-09-18,BVBG.028.02,acao_on,BRCAMLACNOR3,SctyCtgy=11; Desc=CAMIL       ON      NM; CFI=ESVUFR,IN260918.zip,826241f04d41c6a6a6d2aff614a6730b10e84788281971bc730e89da217c7173
CAML3,2026-09-18,COTAHIST,acao_on,BRCAMLACNOR3,TPMERC=010; ESPECI=ON      NM,COTAHIST_D18092026.ZIP,dbb432658fac047210d385058d79f632bca7139f920436a0872eba72e7f706bb
CASH3,2026-09-14,COTAHIST,acao_on,BRCASHACNOR8,TPMERC=010; ESPECI=ON      NM,COTAHIST_D14092026.ZIP,9af50a6defc90890f6508a0bb1e7fcd98794a2773c506c2689117d82d65a840e
CASH3,2026-09-18,BVBG.028.02,acao_on,BRCASHACNOR8,SctyCtgy=11; Desc=MELIUZ      ON      NM; CFI=ESVUFR,IN260918.zip,826241f04d41c6a6a6d2aff614a6730b10e84788281971bc730e89da217c7173
CASH3,2026-09-18,COTAHIST,acao_on,BRCASHACNOR8,TPMERC=010; ESPECI=ON      NM,COTAHIST_D18092026.ZIP,dbb432658fac047210d385058d79f632bca7139f920436a0872eba72e7f706bb
CBAV3,2026-09-14,COTAHIST,acao_on,BRCBAVACNOR5,TPMERC=010; ESPECI=ON      NM,COTAHIST_D14092026.ZIP,9af50a6defc90890f6508a0bb1e7fcd98794a2773c506c2689117d82d65a840e
CBAV3,2026-09-18,BVBG.028.02,acao_on,BRCBAVACNOR5,SctyCtgy=11; Desc=CBA         ON      NM; CFI=ESVUFR,IN260918.zip,826241f04d41c6a6a6d2aff614a6730b10e84788281971bc730e89da217c7173
CBAV3,2026-09-18,COTAHIST,acao_on,BRCBAVACNOR5,TPMERC=010; ESPECI=ON      NM,COTAHIST_D18092026.ZIP,dbb432658fac047210d385058d79f632bca7139f920436a0872eba72e7f706bb
CCTY3,2026-09-14,COTAHIST,acao_on,BRCCTYACNOR7,TPMERC=010; ESPECI=ON      NM,COTAHIST_D14092026.ZIP,9af50a6defc90890f6508a0bb1e7fcd98794a2773c506c2689117d82d65a840e
CCTY3,2026-09-18,BVBG.028.02,acao_on,BRCCTYACNOR7,SctyCtgy=11; Desc=RDVC CITY   ON      NM; CFI=ESVUFR,IN260918.zip,826241f04d41c6a6a6d2aff614a6730b10e84788281971bc730e89da217c7173
CCTY3,2026-09-18,COTAHIST,acao_on,BRCCTYACNOR7,TPMERC=010; ESPECI=ON      NM,COTAHIST_D18092026.ZIP,dbb432658fac047210d385058d79f632bca7139f920436a0872eba72e7f706bb
CEAB3,2026-09-14,COTAHIST,acao_on,BRCEABACNOR1,TPMERC=010; ESPECI=ON      NM,COTAHIST_D14092026.ZIP,9af50a6defc90890f6508a0bb1e7fcd98794a2773c506c2689117d82d65a840e
CEAB3,2026-09-18,BVBG.028.02,acao_on,BRCEABACNOR1,SctyCtgy=11; Desc=CEA MODAS   ON      NM; CFI=ESVUFR,IN260918.zip,826241f04d41c6a6a6d2aff614a6730b10e84788281971bc730e89da217c7173
CEAB3,2026-09-18,COTAHIST,acao_on,BRCEABACNOR1,TPMERC=010; ESPECI=ON      NM,COTAHIST_D18092026.ZIP,dbb432658fac047210d385058d79f632bca7139f920436a0872eba72e7f706bb
CEBR3,2026-09-14,COTAHIST,acao_on,BRCEBRACNOR5,TPMERC=010; ESPECI=ON,COTAHIST_D14092026.ZIP,9af50a6defc90890f6508a0bb1e7fcd98794a2773c506c2689117d82d65a840e
CEBR3,2026-09-18,BVBG.028.02,acao_on,BRCEBRACNOR5,SctyCtgy=11; Desc=CEB         ON; CFI=ESVUFR,IN260918.zip,826241f04d41c6a6a6d2aff614a6730b10e84788281971bc730e89da217c7173
CEBR3,2026-09-18,COTAHIST,acao_on,BRCEBRACNOR5,TPMERC=010; ESPECI=ON,COTAHIST_D18092026.ZIP,dbb432658fac047210d385058d79f632bca7139f920436a0872eba72e7f706bb
CEBR5,2026-09-14,COTAHIST,acao_pn,BRCEBRACNPA8,TPMERC=010; ESPECI=PNA,COTAHIST_D14092026.ZIP,9af50a6defc90890f6508a0bb1e7fcd98794a2773c506c2689117d82d65a840e
CEBR5,2026-09-18,BVBG.028.02,acao_pn,BRCEBRACNPA8,SctyCtgy=11; Desc=CEB         PNA; CFI=EPNNPR,IN260918.zip,826241f04d41c6a6a6d2aff614a6730b10e84788281971bc730e89da217c7173
CEBR5,2026-09-18,COTAHIST,acao_pn,BRCEBRACNPA8,TPMERC=010; ESPECI=PNA,COTAHIST_D18092026.ZIP,dbb432658fac047210d385058d79f632bca7139f920436a0872eba72e7f706bb
CEBR6,2026-09-14,COTAHIST,acao_pn,BRCEBRACNPB6,TPMERC=010; ESPECI=PNB,COTAHIST_D14092026.ZIP,9af50a6defc90890f6508a0bb1e7fcd98794a2773c506c2689117d82d65a840e
CEBR6,2026-09-18,BVBG.028.02,acao_pn,BRCEBRACNPB6,SctyCtgy=11; Desc=CEB         PNB; CFI=EPNNPR,IN260918.zip,826241f04d41c6a6a6d2aff614a6730b10e84788281971bc730e89da217c7173
CEBR6,2026-09-18,COTAHIST,acao_pn,BRCEBRACNPB6,TPMERC=010; ESPECI=PNB,COTAHIST_D18092026.ZIP,dbb432658fac047210d385058d79f632bca7139f920436a0872eba72e7f706bb
CEEB3,2026-09-14,COTAHIST,acao_on,BRCEEBACNOR3,TPMERC=010; ESPECI=ON,COTAHIST_D14092026.ZIP,9af50a6defc90890f6508a0bb1e7fcd98794a2773c506c2689117d82d65a840e
CEEB3,2026-09-18,BVBG.028.02,acao_on,BRCEEBACNOR3,SctyCtgy=11; Desc=COELBA      ON; CFI=ESVUFR,IN260918.zip,826241f04d41c6a6a6d2aff614a6730b10e84788281971bc730e89da217c7173
CEEB3,2026-09-18,COTAHIST,acao_on,BRCEEBACNOR3,TPMERC=010; ESPECI=ON,COTAHIST_D18092026.ZIP,dbb432658fac047210d385058d79f632bca7139f920436a0872eba72e7f706bb
CGAS5,2026-09-14,COTAHIST,acao_pn,BRCGASACNPA3,TPMERC=010; ESPECI=PNA,COTAHIST_D14092026.ZIP,9af50a6defc90890f6508a0bb1e7fcd98794a2773c506c2689117d82d65a840e
CGAS5,2026-09-18,BVBG.028.02,acao_pn,BRCGASACNPA3,SctyCtgy=11; Desc=COMGAS      PNA; CFI=EPNNPR,IN260918.zip,826241f04d41c6a6a6d2aff614a6730b10e84788281971bc730e89da217c7173
CGAS5,2026-09-18,COTAHIST,acao_pn,BRCGASACNPA3,TPMERC=010; ESPECI=PNA,COTAHIST_D18092026.ZIP,dbb432658fac047210d385058d79f632bca7139f920436a0872eba72e7f706bb
CGRA3,2026-09-14,COTAHIST,acao_on,BRCGRAACNOR2,TPMERC=010; ESPECI=ON,COTAHIST_D14092026.ZIP,9af50a6defc90890f6508a0bb1e7fcd98794a2773c506c2689117d82d65a840e
CGRA3,2026-09-18,BVBG.028.02,acao_on,BRCGRAACNOR2,SctyCtgy=11; Desc=GRAZZIOTIN  ON; CFI=ESVUFR,IN260918.zip,826241f04d41c6a6a6d2aff614a6730b10e84788281971bc730e89da217c7173
CGRA3,2026-09-18,COTAHIST,acao_on,BRCGRAACNOR2,TPMERC=010; ESPECI=ON,COTAHIST_D18092026.ZIP,dbb432658fac047210d385058d79f632bca7139f920436a0872eba72e7f706bb
CGRA4,2026-09-14,COTAHIST,acao_pn,BRCGRAACNPR9,TPMERC=010; ESPECI=PN,COTAHIST_D14092026.ZIP,9af50a6defc90890f6508a0bb1e7fcd98794a2773c506c2689117d82d65a840e
CGRA4,2026-09-18,BVBG.028.02,acao_pn,BRCGRAACNPR9,SctyCtgy=11; Desc=GRAZZIOTIN  PN; CFI=EPNNPR,IN260918.zip,826241f04d41c6a6a6d2aff614a6730b10e84788281971bc730e89da217c7173
CGRA4,2026-09-18,COTAHIST,acao_pn,BRCGRAACNPR9,TPMERC=010; ESPECI=PN,COTAHIST_D18092026.ZIP,dbb432658fac047210d385058d79f632bca7139f920436a0872eba72e7f706bb
CLSC4,2026-09-14,COTAHIST,acao_pn,BRCLSCACNPR3,TPMERC=010; ESPECI=PN      N2,COTAHIST_D14092026.ZIP,9af50a6defc90890f6508a0bb1e7fcd98794a2773c506c2689117d82d65a840e
CLSC4,2026-09-18,BVBG.028.02,acao_pn,BRCLSCACNPR3,SctyCtgy=11; Desc=CELESC      PN      N2; CFI=EPNNPR,IN260918.zip,826241f04d41c6a6a6d2aff614a6730b10e84788281971bc730e89da217c7173
CLSC4,2026-09-18,COTAHIST,acao_pn,BRCLSCACNPR3,TPMERC=010; ESPECI=PN      N2,COTAHIST_D18092026.ZIP,dbb432658fac047210d385058d79f632bca7139f920436a0872eba72e7f706bb
CMIG3,2026-09-14,COTAHIST,acao_on,BRCMIGACNOR6,TPMERC=010; ESPECI=ON      N1,COTAHIST_D14092026.ZIP,9af50a6defc90890f6508a0bb1e7fcd98794a2773c506c2689117d82d65a840e
CMIG3,2026-09-18,BVBG.028.02,acao_on,BRCMIGACNOR6,SctyCtgy=11; Desc=CEMIG       ON      N1; CFI=ESVUFR,IN260918.zip,826241f04d41c6a6a6d2aff614a6730b10e84788281971bc730e89da217c7173
CMIG3,2026-09-18,COTAHIST,acao_on,BRCMIGACNOR6,TPMERC=010; ESPECI=ON      N1,COTAHIST_D18092026.ZIP,dbb432658fac047210d385058d79f632bca7139f920436a0872eba72e7f706bb
CMIG4,2026-09-14,COTAHIST,acao_pn,BRCMIGACNPR3,TPMERC=010; ESPECI=PN      N1,COTAHIST_D14092026.ZIP,9af50a6defc90890f6508a0bb1e7fcd98794a2773c506c2689117d82d65a840e
CMIG4,2026-09-18,BVBG.028.02,acao_pn,BRCMIGACNPR3,SctyCtgy=11; Desc=CEMIG       PN      N1; CFI=EPNNPR,IN260918.zip,826241f04d41c6a6a6d2aff614a6730b10e84788281971bc730e89da217c7173
CMIG4,2026-09-18,COTAHIST,acao_pn,BRCMIGACNPR3,TPMERC=010; ESPECI=PN      N1,COTAHIST_D18092026.ZIP,dbb432658fac047210d385058d79f632bca7139f920436a0872eba72e7f706bb
CMIN3,2026-09-14,COTAHIST,acao_on,BRCMINACNOR2,TPMERC=010; ESPECI=ON      N2,COTAHIST_D14092026.ZIP,9af50a6defc90890f6508a0bb1e7fcd98794a2773c506c2689117d82d65a840e
CMIN3,2026-09-18,BVBG.028.02,acao_on,BRCMINACNOR2,SctyCtgy=11; Desc=CSNMINERACAOON      N2; CFI=ESVUFR,IN260918.zip,826241f04d41c6a6a6d2aff614a6730b10e84788281971bc730e89da217c7173
CMIN3,2026-09-18,COTAHIST,acao_on,BRCMINACNOR2,TPMERC=010; ESPECI=ON      N2,COTAHIST_D18092026.ZIP,dbb432658fac047210d385058d79f632bca7139f920436a0872eba72e7f706bb
COCE5,2026-09-14,COTAHIST,acao_pn,BRCOCEACNPA3,TPMERC=010; ESPECI=PNA,COTAHIST_D14092026.ZIP,9af50a6defc90890f6508a0bb1e7fcd98794a2773c506c2689117d82d65a840e
COCE5,2026-09-18,BVBG.028.02,acao_pn,BRCOCEACNPA3,SctyCtgy=11; Desc=COELCE      PNA; CFI=EPNNPR,IN260918.zip,826241f04d41c6a6a6d2aff614a6730b10e84788281971bc730e89da217c7173
COCE5,2026-09-18,COTAHIST,acao_pn,BRCOCEACNPA3,TPMERC=010; ESPECI=PNA,COTAHIST_D18092026.ZIP,dbb432658fac047210d385058d79f632bca7139f920436a0872eba72e7f706bb
COGN3,2026-09-14,COTAHIST,acao_on,BRCOGNACNOR2,TPMERC=010; ESPECI=ON      NM,COTAHIST_D14092026.ZIP,9af50a6defc90890f6508a0bb1e7fcd98794a2773c506c2689117d82d65a840e
COGN3,2026-09-18,BVBG.028.02,acao_on,BRCOGNACNOR2,SctyCtgy=11; Desc=COGNA ON    ON      NM; CFI=ESVUFR,IN260918.zip,826241f04d41c6a6a6d2aff614a6730b10e84788281971bc730e89da217c7173
COGN3,2026-09-18,COTAHIST,acao_on,BRCOGNACNOR2,TPMERC=010; ESPECI=ON      NM,COTAHIST_D18092026.ZIP,dbb432658fac047210d385058d79f632bca7139f920436a0872eba72e7f706bb
CPFE3,2026-09-14,COTAHIST,acao_on,BRCPFEACNOR0,TPMERC=010; ESPECI=ON      NM,COTAHIST_D14092026.ZIP,9af50a6defc90890f6508a0bb1e7fcd98794a2773c506c2689117d82d65a840e
CPFE3,2026-09-18,BVBG.028.02,acao_on,BRCPFEACNOR0,SctyCtgy=11; Desc=CPFL ENERGIAON      NM; CFI=ESVUFR,IN260918.zip,826241f04d41c6a6a6d2aff614a6730b10e84788281971bc730e89da217c7173
CPFE3,2026-09-18,COTAHIST,acao_on,BRCPFEACNOR0,TPMERC=010; ESPECI=ON      NM,COTAHIST_D18092026.ZIP,dbb432658fac047210d385058d79f632bca7139f920436a0872eba72e7f706bb
CPLE3,2026-09-14,COTAHIST,acao_on,BRCPLEACNOR8,TPMERC=010; ESPECI=ON      NM,COTAHIST_D14092026.ZIP,9af50a6defc90890f6508a0bb1e7fcd98794a2773c506c2689117d82d65a840e
CPLE3,2026-09-18,BVBG.028.02,acao_on,BRCPLEACNOR8,SctyCtgy=11; Desc=COPEL       ON      NM; CFI=ESVUFR,IN260918.zip,826241f04d41c6a6a6d2aff614a6730b10e84788281971bc730e89da217c7173
CPLE3,2026-09-18,COTAHIST,acao_on,BRCPLEACNOR8,TPMERC=010; ESPECI=ON      NM,COTAHIST_D18092026.ZIP,dbb432658fac047210d385058d79f632bca7139f920436a0872eba72e7f706bb
CRPG5,2026-09-14,COTAHIST,acao_pn,BRCRPGACNPA3,TPMERC=010; ESPECI=PNA,COTAHIST_D14092026.ZIP,9af50a6defc90890f6508a0bb1e7fcd98794a2773c506c2689117d82d65a840e
CRPG5,2026-09-18,BVBG.028.02,acao_pn,BRCRPGACNPA3,SctyCtgy=11; Desc=CRISTAL     PNA; CFI=EPNNPR,IN260918.zip,826241f04d41c6a6a6d2aff614a6730b10e84788281971bc730e89da217c7173
CRPG5,2026-09-18,COTAHIST,acao_pn,BRCRPGACNPA3,TPMERC=010; ESPECI=PNA,COTAHIST_D18092026.ZIP,dbb432658fac047210d385058d79f632bca7139f920436a0872eba72e7f706bb
CSAN3,2026-09-14,COTAHIST,acao_on,BRCSANACNOR6,TPMERC=010; ESPECI=ON      NM,COTAHIST_D14092026.ZIP,9af50a6defc90890f6508a0bb1e7fcd98794a2773c506c2689117d82d65a840e
CSAN3,2026-09-18,BVBG.028.02,acao_on,BRCSANACNOR6,SctyCtgy=11; Desc=COSAN       ON      NM; CFI=ESVUFR,IN260918.zip,826241f04d41c6a6a6d2aff614a6730b10e84788281971bc730e89da217c7173
CSAN3,2026-09-18,COTAHIST,acao_on,BRCSANACNOR6,TPMERC=010; ESPECI=ON      NM,COTAHIST_D18092026.ZIP,dbb432658fac047210d385058d79f632bca7139f920436a0872eba72e7f706bb
CSED3,2026-09-14,COTAHIST,acao_on,BRCSEDACNOR9,TPMERC=010; ESPECI=ON      NM,COTAHIST_D14092026.ZIP,9af50a6defc90890f6508a0bb1e7fcd98794a2773c506c2689117d82d65a840e
CSED3,2026-09-18,BVBG.028.02,acao_on,BRCSEDACNOR9,SctyCtgy=11; Desc=CRUZEIRO EDUON      NM; CFI=ESVUFR,IN260918.zip,826241f04d41c6a6a6d2aff614a6730b10e84788281971bc730e89da217c7173
CSED3,2026-09-18,COTAHIST,acao_on,BRCSEDACNOR9,TPMERC=010; ESPECI=ON      NM,COTAHIST_D18092026.ZIP,dbb432658fac047210d385058d79f632bca7139f920436a0872eba72e7f706bb
CSMG3,2026-09-14,COTAHIST,acao_on,BRCSMGACNOR5,TPMERC=010; ESPECI=ON      NM,COTAHIST_D14092026.ZIP,9af50a6defc90890f6508a0bb1e7fcd98794a2773c506c2689117d82d65a840e
CSMG3,2026-09-18,BVBG.028.02,acao_on,BRCSMGACNOR5,SctyCtgy=11; Desc=COPASA      ON      NM; CFI=ESVUFR,IN260918.zip,826241f04d41c6a6a6d2aff614a6730b10e84788281971bc730e89da217c7173
CSMG3,2026-09-18,COTAHIST,acao_on,BRCSMGACNOR5,TPMERC=010; ESPECI=ON      NM,COTAHIST_D18092026.ZIP,dbb432658fac047210d385058d79f632bca7139f920436a0872eba72e7f706bb
CSNA3,2026-09-14,COTAHIST,acao_on,BRCSNAACNOR6,TPMERC=010; ESPECI=ON,COTAHIST_D14092026.ZIP,9af50a6defc90890f6508a0bb1e7fcd98794a2773c506c2689117d82d65a840e
CSNA3,2026-09-18,BVBG.028.02,acao_on,BRCSNAACNOR6,SctyCtgy=11; Desc=SID NACIONALON; CFI=ESVUFR,IN260918.zip,826241f04d41c6a6a6d2aff614a6730b10e84788281971bc730e89da217c7173
CSNA3,2026-09-18,COTAHIST,acao_on,BRCSNAACNOR6,TPMERC=010; ESPECI=ON,COTAHIST_D18092026.ZIP,dbb432658fac047210d385058d79f632bca7139f920436a0872eba72e7f706bb
CSUD3,2026-09-14,COTAHIST,acao_on,BRCSUDACNOR5,TPMERC=010; ESPECI=ON      NM,COTAHIST_D14092026.ZIP,9af50a6defc90890f6508a0bb1e7fcd98794a2773c506c2689117d82d65a840e
CSUD3,2026-09-18,BVBG.028.02,acao_on,BRCSUDACNOR5,SctyCtgy=11; Desc=CSU DIGITAL ON      NM; CFI=ESVUFR,IN260918.zip,826241f04d41c6a6a6d2aff614a6730b10e84788281971bc730e89da217c7173
CSUD3,2026-09-18,COTAHIST,acao_on,BRCSUDACNOR5,TPMERC=010; ESPECI=ON      NM,COTAHIST_D18092026.ZIP,dbb432658fac047210d385058d79f632bca7139f920436a0872eba72e7f706bb
CURY3,2026-09-14,COTAHIST,acao_on,BRCURYACNOR3,TPMERC=010; ESPECI=ON      NM,COTAHIST_D14092026.ZIP,9af50a6defc90890f6508a0bb1e7fcd98794a2773c506c2689117d82d65a840e
CURY3,2026-09-18,BVBG.028.02,acao_on,BRCURYACNOR3,SctyCtgy=11; Desc=CURY S/A    ON      NM; CFI=ESVUFR,IN260918.zip,826241f04d41c6a6a6d2aff614a6730b10e84788281971bc730e89da217c7173
CURY3,2026-09-18,COTAHIST,acao_on,BRCURYACNOR3,TPMERC=010; ESPECI=ON      NM,COTAHIST_D18092026.ZIP,dbb432658fac047210d385058d79f632bca7139f920436a0872eba72e7f706bb
CVCB3,2026-09-14,COTAHIST,acao_on,BRCVCBACNOR1,TPMERC=010; ESPECI=ON      NM,COTAHIST_D14092026.ZIP,9af50a6defc90890f6508a0bb1e7fcd98794a2773c506c2689117d82d65a840e
CVCB3,2026-09-18,BVBG.028.02,acao_on,BRCVCBACNOR1,SctyCtgy=11; Desc=CVC BRASIL  ON      NM; CFI=ESVUFR,IN260918.zip,826241f04d41c6a6a6d2aff614a6730b10e84788281971bc730e89da217c7173
CVCB3,2026-09-18,COTAHIST,acao_on,BRCVCBACNOR1,TPMERC=010; ESPECI=ON      NM,COTAHIST_D18092026.ZIP,dbb432658fac047210d385058d79f632bca7139f920436a0872eba72e7f706bb
CXSE3,2026-09-14,COTAHIST,acao_on,BRCXSEACNOR7,TPMERC=010; ESPECI=ON      NM,COTAHIST_D14092026.ZIP,9af50a6defc90890f6508a0bb1e7fcd98794a2773c506c2689117d82d65a840e
CXSE3,2026-09-18,BVBG.028.02,acao_on,BRCXSEACNOR7,SctyCtgy=11; Desc=CAIXA SEGURION      NM; CFI=ESVUFR,IN260918.zip,826241f04d41c6a6a6d2aff614a6730b10e84788281971bc730e89da217c7173
CXSE3,2026-09-18,COTAHIST,acao_on,BRCXSEACNOR7,TPMERC=010; ESPECI=ON      NM,COTAHIST_D18092026.ZIP,dbb432658fac047210d385058d79f632bca7139f920436a0872eba72e7f706bb
CYRE3,2026-09-14,COTAHIST,acao_on,BRCYREACNOR7,TPMERC=010; ESPECI=ON      NM,COTAHIST_D14092026.ZIP,9af50a6defc90890f6508a0bb1e7fcd98794a2773c506c2689117d82d65a840e
CYRE3,2026-09-18,BVBG.028.02,acao_on,BRCYREACNOR7,SctyCtgy=11; Desc=CYRELA REALTON      NM; CFI=ESVUFR,IN260918.zip,826241f04d41c6a6a6d2aff614a6730b10e84788281971bc730e89da217c7173
CYRE3,2026-09-18,COTAHIST,acao_on,BRCYREACNOR7,TPMERC=010; ESPECI=ON      NM,COTAHIST_D18092026.ZIP,dbb432658fac047210d385058d79f632bca7139f920436a0872eba72e7f706bb
CYRE4,2026-09-14,COTAHIST,acao_pn,BRCYREACNPR4,TPMERC=010; ESPECI=PN      NM,COTAHIST_D14092026.ZIP,9af50a6defc90890f6508a0bb1e7fcd98794a2773c506c2689117d82d65a840e
CYRE4,2026-09-18,BVBG.028.02,acao_pn,BRCYREACNPR4,SctyCtgy=11; Desc=CYRELA REALTPN      NM; CFI=EPNNPR,IN260918.zip,826241f04d41c6a6a6d2aff614a6730b10e84788281971bc730e89da217c7173
CYRE4,2026-09-18,COTAHIST,acao_pn,BRCYREACNPR4,TPMERC=010; ESPECI=PN      NM,COTAHIST_D18092026.ZIP,dbb432658fac047210d385058d79f632bca7139f920436a0872eba72e7f706bb
DASA3,2026-09-14,COTAHIST,acao_on,BRDASAACNOR1,TPMERC=010; ESPECI=ON      NM,COTAHIST_D14092026.ZIP,9af50a6defc90890f6508a0bb1e7fcd98794a2773c506c2689117d82d65a840e
DASA3,2026-09-18,BVBG.028.02,acao_on,BRDASAACNOR1,SctyCtgy=11; Desc=DASA        ON      NM; CFI=ESVUFR,IN260918.zip,826241f04d41c6a6a6d2aff614a6730b10e84788281971bc730e89da217c7173
DASA3,2026-09-18,COTAHIST,acao_on,BRDASAACNOR1,TPMERC=010; ESPECI=ON      NM,COTAHIST_D18092026.ZIP,dbb432658fac047210d385058d79f632bca7139f920436a0872eba72e7f706bb
DESK3,2026-09-14,COTAHIST,acao_on,BRDESKACNOR2,TPMERC=010; ESPECI=ON      NM,COTAHIST_D14092026.ZIP,9af50a6defc90890f6508a0bb1e7fcd98794a2773c506c2689117d82d65a840e
DESK3,2026-09-18,BVBG.028.02,acao_on,BRDESKACNOR2,SctyCtgy=11; Desc=DESKTOP     ON      NM; CFI=ESVUFR,IN260918.zip,826241f04d41c6a6a6d2aff614a6730b10e84788281971bc730e89da217c7173
DESK3,2026-09-18,COTAHIST,acao_on,BRDESKACNOR2,TPMERC=010; ESPECI=ON      NM,COTAHIST_D18092026.ZIP,dbb432658fac047210d385058d79f632bca7139f920436a0872eba72e7f706bb
DEXP3,2026-09-14,COTAHIST,acao_on,BRDEXPACNOR1,TPMERC=010; ESPECI=ON      N1,COTAHIST_D14092026.ZIP,9af50a6defc90890f6508a0bb1e7fcd98794a2773c506c2689117d82d65a840e
DEXP3,2026-09-18,BVBG.028.02,acao_on,BRDEXPACNOR1,SctyCtgy=11; Desc=DEXXOS PAR  ON      N1; CFI=ESVUFR,IN260918.zip,826241f04d41c6a6a6d2aff614a6730b10e84788281971bc730e89da217c7173
DEXP3,2026-09-18,COTAHIST,acao_on,BRDEXPACNOR1,TPMERC=010; ESPECI=ON      N1,COTAHIST_D18092026.ZIP,dbb432658fac047210d385058d79f632bca7139f920436a0872eba72e7f706bb
DIRR3,2026-09-14,COTAHIST,acao_on,BRDIRRACNOR0,TPMERC=010; ESPECI=ON      NM,COTAHIST_D14092026.ZIP,9af50a6defc90890f6508a0bb1e7fcd98794a2773c506c2689117d82d65a840e
DIRR3,2026-09-18,BVBG.028.02,acao_on,BRDIRRACNOR0,SctyCtgy=11; Desc=DIRECIONAL  ON      NM; CFI=ESVUFR,IN260918.zip,826241f04d41c6a6a6d2aff614a6730b10e84788281971bc730e89da217c7173
DIRR3,2026-09-18,COTAHIST,acao_on,BRDIRRACNOR0,TPMERC=010; ESPECI=ON      NM,COTAHIST_D18092026.ZIP,dbb432658fac047210d385058d79f632bca7139f920436a0872eba72e7f706bb
DMVF3,2026-09-14,COTAHIST,acao_on,BRDMVFACNOR9,TPMERC=010; ESPECI=ON      NM,COTAHIST_D14092026.ZIP,9af50a6defc90890f6508a0bb1e7fcd98794a2773c506c2689117d82d65a840e
DMVF3,2026-09-18,BVBG.028.02,acao_on,BRDMVFACNOR9,SctyCtgy=11; Desc=D1000VFARMA ON      NM; CFI=ESVUFR,IN260918.zip,826241f04d41c6a6a6d2aff614a6730b10e84788281971bc730e89da217c7173
DMVF3,2026-09-18,COTAHIST,acao_on,BRDMVFACNOR9,TPMERC=010; ESPECI=ON      NM,COTAHIST_D18092026.ZIP,dbb432658fac047210d385058d79f632bca7139f920436a0872eba72e7f706bb
DOTZ3,2026-09-14,COTAHIST,acao_on,BRDOTZACNOR7,TPMERC=010; ESPECI=ON      NM,COTAHIST_D14092026.ZIP,9af50a6defc90890f6508a0bb1e7fcd98794a2773c506c2689117d82d65a840e
DOTZ3,2026-09-18,BVBG.028.02,acao_on,BRDOTZACNOR7,SctyCtgy=11; Desc=DOTZ SA     ON      NM; CFI=ESVUFR,IN260918.zip,826241f04d41c6a6a6d2aff614a6730b10e84788281971bc730e89da217c7173
DOTZ3,2026-09-18,COTAHIST,acao_on,BRDOTZACNOR7,TPMERC=010; ESPECI=ON      NM,COTAHIST_D18092026.ZIP,dbb432658fac047210d385058d79f632bca7139f920436a0872eba72e7f706bb
DXCO3,2026-09-14,COTAHIST,acao_on,BRDXCOACNOR8,TPMERC=010; ESPECI=ON      NM,COTAHIST_D14092026.ZIP,9af50a6defc90890f6508a0bb1e7fcd98794a2773c506c2689117d82d65a840e
DXCO3,2026-09-18,BVBG.028.02,acao_on,BRDXCOACNOR8,SctyCtgy=11; Desc=DEXCO       ON      NM; CFI=ESVUFR,IN260918.zip,826241f04d41c6a6a6d2aff614a6730b10e84788281971bc730e89da217c7173
DXCO3,2026-09-18,COTAHIST,acao_on,BRDXCOACNOR8,TPMERC=010; ESPECI=ON      NM,COTAHIST_D18092026.ZIP,dbb432658fac047210d385058d79f632bca7139f920436a0872eba72e7f706bb
EALT4,2026-09-14,COTAHIST,acao_pn,BREALTACNPR1,TPMERC=010; ESPECI=PN,COTAHIST_D14092026.ZIP,9af50a6defc90890f6508a0bb1e7fcd98794a2773c506c2689117d82d65a840e
EALT4,2026-09-18,BVBG.028.02,acao_pn,BREALTACNPR1,SctyCtgy=11; Desc=ACO ALTONA  PN; CFI=EPNNPR,IN260918.zip,826241f04d41c6a6a6d2aff614a6730b10e84788281971bc730e89da217c7173
EALT4,2026-09-18,COTAHIST,acao_pn,BREALTACNPR1,TPMERC=010; ESPECI=PN,COTAHIST_D18092026.ZIP,dbb432658fac047210d385058d79f632bca7139f920436a0872eba72e7f706bb
ECOM3,2026-09-14,COTAHIST,acao_on,BRECOMACNOR9,TPMERC=010; ESPECI=ON      NM,COTAHIST_D14092026.ZIP,9af50a6defc90890f6508a0bb1e7fcd98794a2773c506c2689117d82d65a840e
ECOM3,2026-09-18,BVBG.028.02,acao_on,BRECOMACNOR9,SctyCtgy=11; Desc=ECONOMATICA ON      NM; CFI=ESVUFR,IN260918.zip,826241f04d41c6a6a6d2aff614a6730b10e84788281971bc730e89da217c7173
ECOM3,2026-09-18,COTAHIST,acao_on,BRECOMACNOR9,TPMERC=010; ESPECI=ON      NM,COTAHIST_D18092026.ZIP,dbb432658fac047210d385058d79f632bca7139f920436a0872eba72e7f706bb
ECOR3,2026-09-14,COTAHIST,acao_on,BRECORACNOR8,TPMERC=010; ESPECI=ON      NM,COTAHIST_D14092026.ZIP,9af50a6defc90890f6508a0bb1e7fcd98794a2773c506c2689117d82d65a840e
ECOR3,2026-09-18,BVBG.028.02,acao_on,BRECORACNOR8,SctyCtgy=11; Desc=ECORODOVIAS ON      NM; CFI=ESVUFR,IN260918.zip,826241f04d41c6a6a6d2aff614a6730b10e84788281971bc730e89da217c7173
ECOR3,2026-09-18,COTAHIST,acao_on,BRECORACNOR8,TPMERC=010; ESPECI=ON      NM,COTAHIST_D18092026.ZIP,dbb432658fac047210d385058d79f632bca7139f920436a0872eba72e7f706bb
EGIE3,2026-09-14,COTAHIST,acao_on,BREGIEACNOR9,TPMERC=010; ESPECI=ON      NM,COTAHIST_D14092026.ZIP,9af50a6defc90890f6508a0bb1e7fcd98794a2773c506c2689117d82d65a840e
EGIE3,2026-09-18,BVBG.028.02,acao_on,BREGIEACNOR9,SctyCtgy=11; Desc=ENGIE BRASILON      NM; CFI=ESVUFR,IN260918.zip,826241f04d41c6a6a6d2aff614a6730b10e84788281971bc730e89da217c7173
EGIE3,2026-09-18,COTAHIST,acao_on,BREGIEACNOR9,TPMERC=010; ESPECI=ON      NM,COTAHIST_D18092026.ZIP,dbb432658fac047210d385058d79f632bca7139f920436a0872eba72e7f706bb
EKTR4,2026-09-14,COTAHIST,acao_pn,BREKTRACNPR7,TPMERC=010; ESPECI=PN,COTAHIST_D14092026.ZIP,9af50a6defc90890f6508a0bb1e7fcd98794a2773c506c2689117d82d65a840e
EKTR4,2026-09-18,BVBG.028.02,acao_pn,BREKTRACNPR7,SctyCtgy=11; Desc=ELEKTRO     PN; CFI=EPNNPR,IN260918.zip,826241f04d41c6a6a6d2aff614a6730b10e84788281971bc730e89da217c7173
EKTR4,2026-09-18,COTAHIST,acao_pn,BREKTRACNPR7,TPMERC=010; ESPECI=PN,COTAHIST_D18092026.ZIP,dbb432658fac047210d385058d79f632bca7139f920436a0872eba72e7f706bb
EMBJ3,2026-09-14,COTAHIST,acao_on,BREMBJACNOR1,TPMERC=010; ESPECI=ON      NM,COTAHIST_D14092026.ZIP,9af50a6defc90890f6508a0bb1e7fcd98794a2773c506c2689117d82d65a840e
EMBJ3,2026-09-18,BVBG.028.02,acao_on,BREMBJACNOR1,SctyCtgy=11; Desc=EMBRAER     ON      NM; CFI=ESVUFR,IN260918.zip,826241f04d41c6a6a6d2aff614a6730b10e84788281971bc730e89da217c7173
EMBJ3,2026-09-18,COTAHIST,acao_on,BREMBJACNOR1,TPMERC=010; ESPECI=ON      NM,COTAHIST_D18092026.ZIP,dbb432658fac047210d385058d79f632bca7139f920436a0872eba72e7f706bb
ENEV3,2026-09-14,COTAHIST,acao_on,BRENEVACNOR8,TPMERC=010; ESPECI=ON      NM,COTAHIST_D14092026.ZIP,9af50a6defc90890f6508a0bb1e7fcd98794a2773c506c2689117d82d65a840e
ENEV3,2026-09-18,BVBG.028.02,acao_on,BRENEVACNOR8,SctyCtgy=11; Desc=ENEVA       ON      NM; CFI=ESVUFR,IN260918.zip,826241f04d41c6a6a6d2aff614a6730b10e84788281971bc730e89da217c7173
ENEV3,2026-09-18,COTAHIST,acao_on,BRENEVACNOR8,TPMERC=010; ESPECI=ON      NM,COTAHIST_D18092026.ZIP,dbb432658fac047210d385058d79f632bca7139f920436a0872eba72e7f706bb
ENGI11,2026-09-14,COTAHIST,unit,BRENGICDAM16,TPMERC=010; ESPECI=UNT     N2,COTAHIST_D14092026.ZIP,9af50a6defc90890f6508a0bb1e7fcd98794a2773c506c2689117d82d65a840e
ENGI11,2026-09-18,BVBG.028.02,unit,BRENGICDAM16,SctyCtgy=13; Desc=ENERGISA    UNT     N2; CFI=EMXXXR,IN260918.zip,826241f04d41c6a6a6d2aff614a6730b10e84788281971bc730e89da217c7173
ENGI11,2026-09-18,COTAHIST,unit,BRENGICDAM16,TPMERC=010; ESPECI=UNT     N2,COTAHIST_D18092026.ZIP,dbb432658fac047210d385058d79f632bca7139f920436a0872eba72e7f706bb
ENGI3,2026-09-14,COTAHIST,acao_on,BRENGIACNOR0,TPMERC=010; ESPECI=ON      N2,COTAHIST_D14092026.ZIP,9af50a6defc90890f6508a0bb1e7fcd98794a2773c506c2689117d82d65a840e
ENGI3,2026-09-18,BVBG.028.02,acao_on,BRENGIACNOR0,SctyCtgy=11; Desc=ENERGISA    ON      N2; CFI=ESVUFR,IN260918.zip,826241f04d41c6a6a6d2aff614a6730b10e84788281971bc730e89da217c7173
ENGI3,2026-09-18,COTAHIST,acao_on,BRENGIACNOR0,TPMERC=010; ESPECI=ON      N2,COTAHIST_D18092026.ZIP,dbb432658fac047210d385058d79f632bca7139f920436a0872eba72e7f706bb
ENGI4,2026-09-14,COTAHIST,acao_pn,BRENGIACNPR7,TPMERC=010; ESPECI=PN      N2,COTAHIST_D14092026.ZIP,9af50a6defc90890f6508a0bb1e7fcd98794a2773c506c2689117d82d65a840e
ENGI4,2026-09-18,BVBG.028.02,acao_pn,BRENGIACNPR7,SctyCtgy=11; Desc=ENERGISA    PN      N2; CFI=EPNNPR,IN260918.zip,826241f04d41c6a6a6d2aff614a6730b10e84788281971bc730e89da217c7173
ENGI4,2026-09-18,COTAHIST,acao_pn,BRENGIACNPR7,TPMERC=010; ESPECI=PN      N2,COTAHIST_D18092026.ZIP,dbb432658fac047210d385058d79f632bca7139f920436a0872eba72e7f706bb
ENJU3,2026-09-14,COTAHIST,acao_on,BRENJUACNOR9,TPMERC=010; ESPECI=ON      NM,COTAHIST_D14092026.ZIP,9af50a6defc90890f6508a0bb1e7fcd98794a2773c506c2689117d82d65a840e
ENJU3,2026-09-18,BVBG.028.02,acao_on,BRENJUACNOR9,SctyCtgy=11; Desc=ENJOEI      ON      NM; CFI=ESVUFR,IN260918.zip,826241f04d41c6a6a6d2aff614a6730b10e84788281971bc730e89da217c7173
ENJU3,2026-09-18,COTAHIST,acao_on,BRENJUACNOR9,TPMERC=010; ESPECI=ON      NM,COTAHIST_D18092026.ZIP,dbb432658fac047210d385058d79f632bca7139f920436a0872eba72e7f706bb
EPAR3,2026-09-14,COTAHIST,acao_on,BREPARACNOR9,TPMERC=010; ESPECI=ON,COTAHIST_D14092026.ZIP,9af50a6defc90890f6508a0bb1e7fcd98794a2773c506c2689117d82d65a840e
EPAR3,2026-09-18,BVBG.028.02,acao_on,BREPARACNOR9,SctyCtgy=11; Desc=EMBPAR S/A  ON; CFI=ESVUFR,IN260918.zip,826241f04d41c6a6a6d2aff614a6730b10e84788281971bc730e89da217c7173
EPAR3,2026-09-18,COTAHIST,acao_on,BREPARACNOR9,TPMERC=010; ESPECI=ON,COTAHIST_D18092026.ZIP,dbb432658fac047210d385058d79f632bca7139f920436a0872eba72e7f706bb
EQPA3,2026-09-14,COTAHIST,acao_on,BREQPAACNOR1,TPMERC=010; ESPECI=ON,COTAHIST_D14092026.ZIP,9af50a6defc90890f6508a0bb1e7fcd98794a2773c506c2689117d82d65a840e
EQPA3,2026-09-18,BVBG.028.02,acao_on,BREQPAACNOR1,SctyCtgy=11; Desc=EQTL PARA   ON; CFI=ESVUFR,IN260918.zip,826241f04d41c6a6a6d2aff614a6730b10e84788281971bc730e89da217c7173
EQPA3,2026-09-18,COTAHIST,acao_on,BREQPAACNOR1,TPMERC=010; ESPECI=ON,COTAHIST_D18092026.ZIP,dbb432658fac047210d385058d79f632bca7139f920436a0872eba72e7f706bb
EQTL3,2026-09-14,COTAHIST,acao_on,BREQTLACNOR0,TPMERC=010; ESPECI=ON      NM,COTAHIST_D14092026.ZIP,9af50a6defc90890f6508a0bb1e7fcd98794a2773c506c2689117d82d65a840e
EQTL3,2026-09-18,BVBG.028.02,acao_on,BREQTLACNOR0,SctyCtgy=11; Desc=EQUATORIAL  ON      NM; CFI=ESVUFR,IN260918.zip,826241f04d41c6a6a6d2aff614a6730b10e84788281971bc730e89da217c7173
EQTL3,2026-09-18,COTAHIST,acao_on,BREQTLACNOR0,TPMERC=010; ESPECI=ON      NM,COTAHIST_D18092026.ZIP,dbb432658fac047210d385058d79f632bca7139f920436a0872eba72e7f706bb
ESPA3,2026-09-14,COTAHIST,acao_on,BRESPAACNOR7,TPMERC=010; ESPECI=ON      NM,COTAHIST_D14092026.ZIP,9af50a6defc90890f6508a0bb1e7fcd98794a2773c506c2689117d82d65a840e
ESPA3,2026-09-18,BVBG.028.02,acao_on,BRESPAACNOR7,SctyCtgy=11; Desc=ESPACOLASER ON      NM; CFI=ESVUFR,IN260918.zip,826241f04d41c6a6a6d2aff614a6730b10e84788281971bc730e89da217c7173
ESPA3,2026-09-18,COTAHIST,acao_on,BRESPAACNOR7,TPMERC=010; ESPECI=ON      NM,COTAHIST_D18092026.ZIP,dbb432658fac047210d385058d79f632bca7139f920436a0872eba72e7f706bb
ESTR4,2026-09-14,COTAHIST,acao_pn,BRESTRACNPR0,TPMERC=010; ESPECI=PN,COTAHIST_D14092026.ZIP,9af50a6defc90890f6508a0bb1e7fcd98794a2773c506c2689117d82d65a840e
ESTR4,2026-09-18,BVBG.028.02,acao_pn,BRESTRACNPR0,SctyCtgy=11; Desc=ESTRELA     PN; CFI=EPNNPR,IN260918.zip,826241f04d41c6a6a6d2aff614a6730b10e84788281971bc730e89da217c7173
ESTR4,2026-09-18,COTAHIST,acao_pn,BRESTRACNPR0,TPMERC=010; ESPECI=PN,COTAHIST_D18092026.ZIP,dbb432658fac047210d385058d79f632bca7139f920436a0872eba72e7f706bb
ETER3,2026-09-14,COTAHIST,acao_on,BRETERACNOR3,TPMERC=010; ESPECI=ON      NM,COTAHIST_D14092026.ZIP,9af50a6defc90890f6508a0bb1e7fcd98794a2773c506c2689117d82d65a840e
ETER3,2026-09-18,BVBG.028.02,acao_on,BRETERACNOR3,SctyCtgy=11; Desc=ETERNIT     ON      NM; CFI=ESVUFR,IN260918.zip,826241f04d41c6a6a6d2aff614a6730b10e84788281971bc730e89da217c7173
ETER3,2026-09-18,COTAHIST,acao_on,BRETERACNOR3,TPMERC=010; ESPECI=ON      NM,COTAHIST_D18092026.ZIP,dbb432658fac047210d385058d79f632bca7139f920436a0872eba72e7f706bb
EUCA4,2026-09-14,COTAHIST,acao_pn,BREUCAACNPR8,TPMERC=010; ESPECI=PN      N1,COTAHIST_D14092026.ZIP,9af50a6defc90890f6508a0bb1e7fcd98794a2773c506c2689117d82d65a840e
EUCA4,2026-09-18,BVBG.028.02,acao_pn,BREUCAACNPR8,SctyCtgy=11; Desc=EUCATEX     PN      N1; CFI=EPNNPR,IN260918.zip,826241f04d41c6a6a6d2aff614a6730b10e84788281971bc730e89da217c7173
EUCA4,2026-09-18,COTAHIST,acao_pn,BREUCAACNPR8,TPMERC=010; ESPECI=PN      N1,COTAHIST_D18092026.ZIP,dbb432658fac047210d385058d79f632bca7139f920436a0872eba72e7f706bb
EVEN3,2026-09-14,COTAHIST,acao_on,BREVENACNOR8,TPMERC=010; ESPECI=ON      NM,COTAHIST_D14092026.ZIP,9af50a6defc90890f6508a0bb1e7fcd98794a2773c506c2689117d82d65a840e
EVEN3,2026-09-18,BVBG.028.02,acao_on,BREVENACNOR8,SctyCtgy=11; Desc=EVEN        ON      NM; CFI=ESVUFR,IN260918.zip,826241f04d41c6a6a6d2aff614a6730b10e84788281971bc730e89da217c7173
EVEN3,2026-09-18,COTAHIST,acao_on,BREVENACNOR8,TPMERC=010; ESPECI=ON      NM,COTAHIST_D18092026.ZIP,dbb432658fac047210d385058d79f632bca7139f920436a0872eba72e7f706bb
EZTC3,2026-09-14,COTAHIST,acao_on,BREZTCACNOR0,TPMERC=010; ESPECI=ON      NM,COTAHIST_D14092026.ZIP,9af50a6defc90890f6508a0bb1e7fcd98794a2773c506c2689117d82d65a840e
EZTC3,2026-09-18,BVBG.028.02,acao_on,BREZTCACNOR0,SctyCtgy=11; Desc=EZTEC       ON      NM; CFI=ESVUFR,IN260918.zip,826241f04d41c6a6a6d2aff614a6730b10e84788281971bc730e89da217c7173
EZTC3,2026-09-18,COTAHIST,acao_on,BREZTCACNOR0,TPMERC=010; ESPECI=ON      NM,COTAHIST_D18092026.ZIP,dbb432658fac047210d385058d79f632bca7139f920436a0872eba72e7f706bb
FASA3,2026-09-14,COTAHIST,acao_on,BRFASAACNOR6,TPMERC=010; ESPECI=ON,COTAHIST_D14092026.ZIP,9af50a6defc90890f6508a0bb1e7fcd98794a2773c506c2689117d82d65a840e
FASA3,2026-09-18,BVBG.028.02,acao_on,BRFASAACNOR6,SctyCtgy=11; Desc=FASA        ON; CFI=ESVUFR,IN260918.zip,826241f04d41c6a6a6d2aff614a6730b10e84788281971bc730e89da217c7173
FASA3,2026-09-18,COTAHIST,acao_on,BRFASAACNOR6,TPMERC=010; ESPECI=ON,COTAHIST_D18092026.ZIP,dbb432658fac047210d385058d79f632bca7139f920436a0872eba72e7f706bb
FESA3,2026-09-14,COTAHIST,acao_on,BRFESAACNOR8,TPMERC=010; ESPECI=ON      N1,COTAHIST_D14092026.ZIP,9af50a6defc90890f6508a0bb1e7fcd98794a2773c506c2689117d82d65a840e
FESA3,2026-09-18,BVBG.028.02,acao_on,BRFESAACNOR8,SctyCtgy=11; Desc=FERBASA     ON      N1; CFI=ESVUFR,IN260918.zip,826241f04d41c6a6a6d2aff614a6730b10e84788281971bc730e89da217c7173
FESA3,2026-09-18,COTAHIST,acao_on,BRFESAACNOR8,TPMERC=010; ESPECI=ON      N1,COTAHIST_D18092026.ZIP,dbb432658fac047210d385058d79f632bca7139f920436a0872eba72e7f706bb
FESA4,2026-09-14,COTAHIST,acao_pn,BRFESAACNPR5,TPMERC=010; ESPECI=PN      N1,COTAHIST_D14092026.ZIP,9af50a6defc90890f6508a0bb1e7fcd98794a2773c506c2689117d82d65a840e
FESA4,2026-09-18,BVBG.028.02,acao_pn,BRFESAACNPR5,SctyCtgy=11; Desc=FERBASA     PN      N1; CFI=EPNNPR,IN260918.zip,826241f04d41c6a6a6d2aff614a6730b10e84788281971bc730e89da217c7173
FESA4,2026-09-18,COTAHIST,acao_pn,BRFESAACNPR5,TPMERC=010; ESPECI=PN      N1,COTAHIST_D18092026.ZIP,dbb432658fac047210d385058d79f632bca7139f920436a0872eba72e7f706bb
FHER3,2026-09-14,COTAHIST,acao_on,BRFHERACNOR5,TPMERC=010; ESPECI=ON      NM,COTAHIST_D14092026.ZIP,9af50a6defc90890f6508a0bb1e7fcd98794a2773c506c2689117d82d65a840e
FHER3,2026-09-18,BVBG.028.02,acao_on,BRFHERACNOR5,SctyCtgy=11; Desc=FER HERINGERON      NM; CFI=ESVUFR,IN260918.zip,826241f04d41c6a6a6d2aff614a6730b10e84788281971bc730e89da217c7173
FHER3,2026-09-18,COTAHIST,acao_on,BRFHERACNOR5,TPMERC=010; ESPECI=ON      NM,COTAHIST_D18092026.ZIP,dbb432658fac047210d385058d79f632bca7139f920436a0872eba72e7f706bb
FIQE3,2026-09-14,COTAHIST,acao_on,BRFIQEACNOR5,TPMERC=010; ESPECI=ON      NM,COTAHIST_D14092026.ZIP,9af50a6defc90890f6508a0bb1e7fcd98794a2773c506c2689117d82d65a840e
FIQE3,2026-09-18,BVBG.028.02,acao_on,BRFIQEACNOR5,SctyCtgy=11; Desc=UNIFIQUE    ON      NM; CFI=ESVUFR,IN260918.zip,826241f04d41c6a6a6d2aff614a6730b10e84788281971bc730e89da217c7173
FIQE3,2026-09-18,COTAHIST,acao_on,BRFIQEACNOR5,TPMERC=010; ESPECI=ON      NM,COTAHIST_D18092026.ZIP,dbb432658fac047210d385058d79f632bca7139f920436a0872eba72e7f706bb
FLRY3,2026-09-14,COTAHIST,acao_on,BRFLRYACNOR5,TPMERC=010; ESPECI=ON      NM,COTAHIST_D14092026.ZIP,9af50a6defc90890f6508a0bb1e7fcd98794a2773c506c2689117d82d65a840e
FLRY3,2026-09-18,BVBG.028.02,acao_on,BRFLRYACNOR5,SctyCtgy=11; Desc=FLEURY      ON      NM; CFI=ESVUFR,IN260918.zip,826241f04d41c6a6a6d2aff614a6730b10e84788281971bc730e89da217c7173
FLRY3,2026-09-18,COTAHIST,acao_on,BRFLRYACNOR5,TPMERC=010; ESPECI=ON      NM,COTAHIST_D18092026.ZIP,dbb432658fac047210d385058d79f632bca7139f920436a0872eba72e7f706bb
FRAS3,2026-09-14,COTAHIST,acao_on,BRFRASACNOR0,TPMERC=010; ESPECI=ON      N1,COTAHIST_D14092026.ZIP,9af50a6defc90890f6508a0bb1e7fcd98794a2773c506c2689117d82d65a840e
FRAS3,2026-09-18,BVBG.028.02,acao_on,BRFRASACNOR0,SctyCtgy=11; Desc=FRAS-LE     ON      N1; CFI=ESVUFR,IN260918.zip,826241f04d41c6a6a6d2aff614a6730b10e84788281971bc730e89da217c7173
FRAS3,2026-09-18,COTAHIST,acao_on,BRFRASACNOR0,TPMERC=010; ESPECI=ON      N1,COTAHIST_D18092026.ZIP,dbb432658fac047210d385058d79f632bca7139f920436a0872eba72e7f706bb
G2DI33,2026-09-14,COTAHIST,bdr,BRG2DIBDR002,TPMERC=010; ESPECI=DR3,COTAHIST_D14092026.ZIP,9af50a6defc90890f6508a0bb1e7fcd98794a2773c506c2689117d82d65a840e
G2DI33,2026-09-18,BVBG.028.02,bdr,BRG2DIBDR002,SctyCtgy=1; Desc=G2D INVEST  DR3; CFI=EDSXPR,IN260918.zip,826241f04d41c6a6a6d2aff614a6730b10e84788281971bc730e89da217c7173
G2DI33,2026-09-18,COTAHIST,bdr,BRG2DIBDR002,TPMERC=010; ESPECI=DR3,COTAHIST_D18092026.ZIP,dbb432658fac047210d385058d79f632bca7139f920436a0872eba72e7f706bb
GFSA3,2026-09-14,COTAHIST,acao_on,BRGFSAACNOR3,TPMERC=010; ESPECI=ON      NM,COTAHIST_D14092026.ZIP,9af50a6defc90890f6508a0bb1e7fcd98794a2773c506c2689117d82d65a840e
GFSA3,2026-09-18,BVBG.028.02,acao_on,BRGFSAACNOR3,SctyCtgy=11; Desc=GAFISA      ON      NM; CFI=ESVUFR,IN260918.zip,826241f04d41c6a6a6d2aff614a6730b10e84788281971bc730e89da217c7173
GFSA3,2026-09-18,COTAHIST,acao_on,BRGFSAACNOR3,TPMERC=010; ESPECI=ON      NM,COTAHIST_D18092026.ZIP,dbb432658fac047210d385058d79f632bca7139f920436a0872eba72e7f706bb
GGBR3,2026-09-14,COTAHIST,acao_on,BRGGBRACNOR1,TPMERC=010; ESPECI=ON      N1,COTAHIST_D14092026.ZIP,9af50a6defc90890f6508a0bb1e7fcd98794a2773c506c2689117d82d65a840e
GGBR3,2026-09-18,BVBG.028.02,acao_on,BRGGBRACNOR1,SctyCtgy=11; Desc=GERDAU      ON      N1; CFI=ESVUFR,IN260918.zip,826241f04d41c6a6a6d2aff614a6730b10e84788281971bc730e89da217c7173
GGBR3,2026-09-18,COTAHIST,acao_on,BRGGBRACNOR1,TPMERC=010; ESPECI=ON      N1,COTAHIST_D18092026.ZIP,dbb432658fac047210d385058d79f632bca7139f920436a0872eba72e7f706bb
GGBR4,2026-09-14,COTAHIST,acao_pn,BRGGBRACNPR8,TPMERC=010; ESPECI=PN      N1,COTAHIST_D14092026.ZIP,9af50a6defc90890f6508a0bb1e7fcd98794a2773c506c2689117d82d65a840e
GGBR4,2026-09-18,BVBG.028.02,acao_pn,BRGGBRACNPR8,SctyCtgy=11; Desc=GERDAU      PN      N1; CFI=EPNNPR,IN260918.zip,826241f04d41c6a6a6d2aff614a6730b10e84788281971bc730e89da217c7173
GGBR4,2026-09-18,COTAHIST,acao_pn,BRGGBRACNPR8,TPMERC=010; ESPECI=PN      N1,COTAHIST_D18092026.ZIP,dbb432658fac047210d385058d79f632bca7139f920436a0872eba72e7f706bb
GGPS3,2026-09-14,COTAHIST,acao_on,BRGGPSACNOR9,TPMERC=010; ESPECI=ON      NM,COTAHIST_D14092026.ZIP,9af50a6defc90890f6508a0bb1e7fcd98794a2773c506c2689117d82d65a840e
GGPS3,2026-09-18,BVBG.028.02,acao_on,BRGGPSACNOR9,SctyCtgy=11; Desc=GPS         ON      NM; CFI=ESVUFR,IN260918.zip,826241f04d41c6a6a6d2aff614a6730b10e84788281971bc730e89da217c7173
GGPS3,2026-09-18,COTAHIST,acao_on,BRGGPSACNOR9,TPMERC=010; ESPECI=ON      NM,COTAHIST_D18092026.ZIP,dbb432658fac047210d385058d79f632bca7139f920436a0872eba72e7f706bb
GMAT3,2026-09-14,COTAHIST,acao_on,BRGMATACNOR7,TPMERC=010; ESPECI=ON      NM,COTAHIST_D14092026.ZIP,9af50a6defc90890f6508a0bb1e7fcd98794a2773c506c2689117d82d65a840e
GMAT3,2026-09-18,BVBG.028.02,acao_on,BRGMATACNOR7,SctyCtgy=11; Desc=GRUPO MATEUSON      NM; CFI=ESVUFR,IN260918.zip,826241f04d41c6a6a6d2aff614a6730b10e84788281971bc730e89da217c7173
GMAT3,2026-09-18,COTAHIST,acao_on,BRGMATACNOR7,TPMERC=010; ESPECI=ON      NM,COTAHIST_D18092026.ZIP,dbb432658fac047210d385058d79f632bca7139f920436a0872eba72e7f706bb
GOAU3,2026-09-14,COTAHIST,acao_on,BRGOAUACNOR1,TPMERC=010; ESPECI=ON      N1,COTAHIST_D14092026.ZIP,9af50a6defc90890f6508a0bb1e7fcd98794a2773c506c2689117d82d65a840e
GOAU3,2026-09-18,BVBG.028.02,acao_on,BRGOAUACNOR1,SctyCtgy=11; Desc=GERDAU MET  ON      N1; CFI=ESVUFR,IN260918.zip,826241f04d41c6a6a6d2aff614a6730b10e84788281971bc730e89da217c7173
GOAU3,2026-09-18,COTAHIST,acao_on,BRGOAUACNOR1,TPMERC=010; ESPECI=ON      N1,COTAHIST_D18092026.ZIP,dbb432658fac047210d385058d79f632bca7139f920436a0872eba72e7f706bb
GOAU4,2026-09-14,COTAHIST,acao_pn,BRGOAUACNPR8,TPMERC=010; ESPECI=PN      N1,COTAHIST_D14092026.ZIP,9af50a6defc90890f6508a0bb1e7fcd98794a2773c506c2689117d82d65a840e
GOAU4,2026-09-18,BVBG.028.02,acao_pn,BRGOAUACNPR8,SctyCtgy=11; Desc=GERDAU MET  PN      N1; CFI=EPNNPR,IN260918.zip,826241f04d41c6a6a6d2aff614a6730b10e84788281971bc730e89da217c7173
GOAU4,2026-09-18,COTAHIST,acao_pn,BRGOAUACNPR8,TPMERC=010; ESPECI=PN      N1,COTAHIST_D18092026.ZIP,dbb432658fac047210d385058d79f632bca7139f920436a0872eba72e7f706bb
GRND3,2026-09-14,COTAHIST,acao_on,BRGRNDACNOR3,TPMERC=010; ESPECI=ON      NM,COTAHIST_D14092026.ZIP,9af50a6defc90890f6508a0bb1e7fcd98794a2773c506c2689117d82d65a840e
GRND3,2026-09-18,BVBG.028.02,acao_on,BRGRNDACNOR3,SctyCtgy=11; Desc=GRENDENE    ON      NM; CFI=ESVUFR,IN260918.zip,826241f04d41c6a6a6d2aff614a6730b10e84788281971bc730e89da217c7173
GRND3,2026-09-18,COTAHIST,acao_on,BRGRNDACNOR3,TPMERC=010; ESPECI=ON      NM,COTAHIST_D18092026.ZIP,dbb432658fac047210d385058d79f632bca7139f920436a0872eba72e7f706bb
HAGA3,2026-09-14,COTAHIST,acao_on,BRHAGAACNOR7,TPMERC=010; ESPECI=ON,COTAHIST_D14092026.ZIP,9af50a6defc90890f6508a0bb1e7fcd98794a2773c506c2689117d82d65a840e
HAGA3,2026-09-18,BVBG.028.02,acao_on,BRHAGAACNOR7,SctyCtgy=11; Desc=HAGA S/A    ON; CFI=ESVUFR,IN260918.zip,826241f04d41c6a6a6d2aff614a6730b10e84788281971bc730e89da217c7173
HAGA3,2026-09-18,COTAHIST,acao_on,BRHAGAACNOR7,TPMERC=010; ESPECI=ON,COTAHIST_D18092026.ZIP,dbb432658fac047210d385058d79f632bca7139f920436a0872eba72e7f706bb
HAGA4,2026-09-14,COTAHIST,acao_pn,BRHAGAACNPR4,TPMERC=010; ESPECI=PN,COTAHIST_D14092026.ZIP,9af50a6defc90890f6508a0bb1e7fcd98794a2773c506c2689117d82d65a840e
HAGA4,2026-09-18,BVBG.028.02,acao_pn,BRHAGAACNPR4,SctyCtgy=11; Desc=HAGA S/A    PN; CFI=EPNEFR,IN260918.zip,826241f04d41c6a6a6d2aff614a6730b10e84788281971bc730e89da217c7173
HAGA4,2026-09-18,COTAHIST,acao_pn,BRHAGAACNPR4,TPMERC=010; ESPECI=PN,COTAHIST_D18092026.ZIP,dbb432658fac047210d385058d79f632bca7139f920436a0872eba72e7f706bb
HAPV3,2026-09-14,COTAHIST,acao_on,BRHAPVACNOR4,TPMERC=010; ESPECI=ON      NM,COTAHIST_D14092026.ZIP,9af50a6defc90890f6508a0bb1e7fcd98794a2773c506c2689117d82d65a840e
HAPV3,2026-09-18,BVBG.028.02,acao_on,BRHAPVACNOR4,SctyCtgy=11; Desc=HAPVIDA     ON      NM; CFI=ESVUFR,IN260918.zip,826241f04d41c6a6a6d2aff614a6730b10e84788281971bc730e89da217c7173
HAPV3,2026-09-18,COTAHIST,acao_on,BRHAPVACNOR4,TPMERC=010; ESPECI=ON      NM,COTAHIST_D18092026.ZIP,dbb432658fac047210d385058d79f632bca7139f920436a0872eba72e7f706bb
HBOR3,2026-09-14,COTAHIST,acao_on,BRHBORACNOR3,TPMERC=010; ESPECI=ON      NM,COTAHIST_D14092026.ZIP,9af50a6defc90890f6508a0bb1e7fcd98794a2773c506c2689117d82d65a840e
HBOR3,2026-09-18,BVBG.028.02,acao_on,BRHBORACNOR3,SctyCtgy=11; Desc=HELBOR      ON      NM; CFI=ESVUFR,IN260918.zip,826241f04d41c6a6a6d2aff614a6730b10e84788281971bc730e89da217c7173
HBOR3,2026-09-18,COTAHIST,acao_on,BRHBORACNOR3,TPMERC=010; ESPECI=ON      NM,COTAHIST_D18092026.ZIP,dbb432658fac047210d385058d79f632bca7139f920436a0872eba72e7f706bb
HBRE3,2026-09-14,COTAHIST,acao_on,BRHBREACNOR4,TPMERC=010; ESPECI=ON      NM,COTAHIST_D14092026.ZIP,9af50a6defc90890f6508a0bb1e7fcd98794a2773c506c2689117d82d65a840e
HBRE3,2026-09-18,BVBG.028.02,acao_on,BRHBREACNOR4,SctyCtgy=11; Desc=HBR REALTY  ON      NM; CFI=ESVUFR,IN260918.zip,826241f04d41c6a6a6d2aff614a6730b10e84788281971bc730e89da217c7173
HBRE3,2026-09-18,COTAHIST,acao_on,BRHBREACNOR4,TPMERC=010; ESPECI=ON      NM,COTAHIST_D18092026.ZIP,dbb432658fac047210d385058d79f632bca7139f920436a0872eba72e7f706bb
HBSA3,2026-09-14,COTAHIST,acao_on,BRHBSAACNOR0,TPMERC=010; ESPECI=ON      NM,COTAHIST_D14092026.ZIP,9af50a6defc90890f6508a0bb1e7fcd98794a2773c506c2689117d82d65a840e
HBSA3,2026-09-18,BVBG.028.02,acao_on,BRHBSAACNOR0,SctyCtgy=11; Desc=HIDROVIAS   ON      NM; CFI=ESVUFR,IN260918.zip,826241f04d41c6a6a6d2aff614a6730b10e84788281971bc730e89da217c7173
HBSA3,2026-09-18,COTAHIST,acao_on,BRHBSAACNOR0,TPMERC=010; ESPECI=ON      NM,COTAHIST_D18092026.ZIP,dbb432658fac047210d385058d79f632bca7139f920436a0872eba72e7f706bb
HOOT4,2026-09-14,COTAHIST,acao_pn,BRHOOTACNPR9,TPMERC=010; ESPECI=PN,COTAHIST_D14092026.ZIP,9af50a6defc90890f6508a0bb1e7fcd98794a2773c506c2689117d82d65a840e
HOOT4,2026-09-18,BVBG.028.02,acao_pn,BRHOOTACNPR9,SctyCtgy=11; Desc=HOTEIS OTHONPN; CFI=EPNEFR,IN260918.zip,826241f04d41c6a6a6d2aff614a6730b10e84788281971bc730e89da217c7173
HOOT4,2026-09-18,COTAHIST,acao_pn,BRHOOTACNPR9,TPMERC=010; ESPECI=PN,COTAHIST_D18092026.ZIP,dbb432658fac047210d385058d79f632bca7139f920436a0872eba72e7f706bb
HYPE3,2026-09-14,COTAHIST,acao_on,BRHYPEACNOR0,TPMERC=010; ESPECI=ON      NM,COTAHIST_D14092026.ZIP,9af50a6defc90890f6508a0bb1e7fcd98794a2773c506c2689117d82d65a840e
HYPE3,2026-09-18,BVBG.028.02,acao_on,BRHYPEACNOR0,SctyCtgy=11; Desc=HYPERA      ON      NM; CFI=ESVUFR,IN260918.zip,826241f04d41c6a6a6d2aff614a6730b10e84788281971bc730e89da217c7173
HYPE3,2026-09-18,COTAHIST,acao_on,BRHYPEACNOR0,TPMERC=010; ESPECI=ON      NM,COTAHIST_D18092026.ZIP,dbb432658fac047210d385058d79f632bca7139f920436a0872eba72e7f706bb
IFCM3,2026-09-14,COTAHIST,acao_on,BRIFCMACNOR8,TPMERC=010; ESPECI=ON      NM,COTAHIST_D14092026.ZIP,9af50a6defc90890f6508a0bb1e7fcd98794a2773c506c2689117d82d65a840e
IFCM3,2026-09-18,BVBG.028.02,acao_on,BRIFCMACNOR8,SctyCtgy=11; Desc=INFRACOMM   ON      NM; CFI=ESVUFR,IN260918.zip,826241f04d41c6a6a6d2aff614a6730b10e84788281971bc730e89da217c7173
IFCM3,2026-09-18,COTAHIST,acao_on,BRIFCMACNOR8,TPMERC=010; ESPECI=ON      NM,COTAHIST_D18092026.ZIP,dbb432658fac047210d385058d79f632bca7139f920436a0872eba72e7f706bb
IGTI11,2026-09-14,COTAHIST,unit,BRIGTICDAM16,TPMERC=010; ESPECI=UNT     N1,COTAHIST_D14092026.ZIP,9af50a6defc90890f6508a0bb1e7fcd98794a2773c506c2689117d82d65a840e
IGTI11,2026-09-18,BVBG.028.02,unit,BRIGTICDAM16,SctyCtgy=13; Desc=IGUATEMI S.AUNT     N1; CFI=EMXXXR,IN260918.zip,826241f04d41c6a6a6d2aff614a6730b10e84788281971bc730e89da217c7173
IGTI11,2026-09-18,COTAHIST,unit,BRIGTICDAM16,TPMERC=010; ESPECI=UNT     N1,COTAHIST_D18092026.ZIP,dbb432658fac047210d385058d79f632bca7139f920436a0872eba72e7f706bb
IGTI3,2026-09-14,COTAHIST,acao_on,BRIGTIACNOR8,TPMERC=010; ESPECI=ON      N1,COTAHIST_D14092026.ZIP,9af50a6defc90890f6508a0bb1e7fcd98794a2773c506c2689117d82d65a840e
IGTI3,2026-09-18,BVBG.028.02,acao_on,BRIGTIACNOR8,SctyCtgy=11; Desc=IGUATEMI S.AON      N1; CFI=ESVUFR,IN260918.zip,826241f04d41c6a6a6d2aff614a6730b10e84788281971bc730e89da217c7173
IGTI3,2026-09-18,COTAHIST,acao_on,BRIGTIACNOR8,TPMERC=010; ESPECI=ON      N1,COTAHIST_D18092026.ZIP,dbb432658fac047210d385058d79f632bca7139f920436a0872eba72e7f706bb
INEP3,2026-09-14,COTAHIST,acao_on,BRINEPACNOR1,TPMERC=010; ESPECI=ON,COTAHIST_D14092026.ZIP,9af50a6defc90890f6508a0bb1e7fcd98794a2773c506c2689117d82d65a840e
INEP3,2026-09-18,BVBG.028.02,acao_on,BRINEPACNOR1,SctyCtgy=11; Desc=INEPAR      ON; CFI=ESVUFR,IN260918.zip,826241f04d41c6a6a6d2aff614a6730b10e84788281971bc730e89da217c7173
INEP3,2026-09-18,COTAHIST,acao_on,BRINEPACNOR1,TPMERC=010; ESPECI=ON,COTAHIST_D18092026.ZIP,dbb432658fac047210d385058d79f632bca7139f920436a0872eba72e7f706bb
INEP4,2026-09-14,COTAHIST,acao_pn,BRINEPACNPR8,TPMERC=010; ESPECI=PN,COTAHIST_D14092026.ZIP,9af50a6defc90890f6508a0bb1e7fcd98794a2773c506c2689117d82d65a840e
INEP4,2026-09-18,BVBG.028.02,acao_pn,BRINEPACNPR8,SctyCtgy=11; Desc=INEPAR      PN; CFI=EPNNPR,IN260918.zip,826241f04d41c6a6a6d2aff614a6730b10e84788281971bc730e89da217c7173
INEP4,2026-09-18,COTAHIST,acao_pn,BRINEPACNPR8,TPMERC=010; ESPECI=PN,COTAHIST_D18092026.ZIP,dbb432658fac047210d385058d79f632bca7139f920436a0872eba72e7f706bb
INTB3,2026-09-14,COTAHIST,acao_on,BRINTBACNOR9,TPMERC=010; ESPECI=ON      NM,COTAHIST_D14092026.ZIP,9af50a6defc90890f6508a0bb1e7fcd98794a2773c506c2689117d82d65a840e
INTB3,2026-09-18,BVBG.028.02,acao_on,BRINTBACNOR9,SctyCtgy=11; Desc=INTELBRAS   ON      NM; CFI=ESVUFR,IN260918.zip,826241f04d41c6a6a6d2aff614a6730b10e84788281971bc730e89da217c7173
INTB3,2026-09-18,COTAHIST,acao_on,BRINTBACNOR9,TPMERC=010; ESPECI=ON      NM,COTAHIST_D18092026.ZIP,dbb432658fac047210d385058d79f632bca7139f920436a0872eba72e7f706bb
IRBR3,2026-09-14,COTAHIST,acao_on,BRIRBRACNOR4,TPMERC=010; ESPECI=ON      NM,COTAHIST_D14092026.ZIP,9af50a6defc90890f6508a0bb1e7fcd98794a2773c506c2689117d82d65a840e
IRBR3,2026-09-18,BVBG.028.02,acao_on,BRIRBRACNOR4,SctyCtgy=11; Desc=IRBBRASIL REON      NM; CFI=ESVUFR,IN260918.zip,826241f04d41c6a6a6d2aff614a6730b10e84788281971bc730e89da217c7173
IRBR3,2026-09-18,COTAHIST,acao_on,BRIRBRACNOR4,TPMERC=010; ESPECI=ON      NM,COTAHIST_D18092026.ZIP,dbb432658fac047210d385058d79f632bca7139f920436a0872eba72e7f706bb
ISAE3,2026-09-14,COTAHIST,acao_on,BRISAEACNOR2,TPMERC=010; ESPECI=ON      N1,COTAHIST_D14092026.ZIP,9af50a6defc90890f6508a0bb1e7fcd98794a2773c506c2689117d82d65a840e
ISAE3,2026-09-18,BVBG.028.02,acao_on,BRISAEACNOR2,SctyCtgy=11; Desc=ISA ENERGIA ON      N1; CFI=ESVUFR,IN260918.zip,826241f04d41c6a6a6d2aff614a6730b10e84788281971bc730e89da217c7173
ISAE3,2026-09-18,COTAHIST,acao_on,BRISAEACNOR2,TPMERC=010; ESPECI=ON      N1,COTAHIST_D18092026.ZIP,dbb432658fac047210d385058d79f632bca7139f920436a0872eba72e7f706bb
ISAE4,2026-09-14,COTAHIST,acao_pn,BRISAEACNPR9,TPMERC=010; ESPECI=PN      N1,COTAHIST_D14092026.ZIP,9af50a6defc90890f6508a0bb1e7fcd98794a2773c506c2689117d82d65a840e
ISAE4,2026-09-18,BVBG.028.02,acao_pn,BRISAEACNPR9,SctyCtgy=11; Desc=ISA ENERGIA PN      N1; CFI=EPNNPR,IN260918.zip,826241f04d41c6a6a6d2aff614a6730b10e84788281971bc730e89da217c7173
ISAE4,2026-09-18,COTAHIST,acao_pn,BRISAEACNPR9,TPMERC=010; ESPECI=PN      N1,COTAHIST_D18092026.ZIP,dbb432658fac047210d385058d79f632bca7139f920436a0872eba72e7f706bb
ITSA3,2026-09-14,COTAHIST,acao_on,BRITSAACNOR0,TPMERC=010; ESPECI=ON      N1,COTAHIST_D14092026.ZIP,9af50a6defc90890f6508a0bb1e7fcd98794a2773c506c2689117d82d65a840e
ITSA3,2026-09-18,BVBG.028.02,acao_on,BRITSAACNOR0,SctyCtgy=11; Desc=ITAUSA      ON      N1; CFI=ESVUFR,IN260918.zip,826241f04d41c6a6a6d2aff614a6730b10e84788281971bc730e89da217c7173
ITSA3,2026-09-18,COTAHIST,acao_on,BRITSAACNOR0,TPMERC=010; ESPECI=ON      N1,COTAHIST_D18092026.ZIP,dbb432658fac047210d385058d79f632bca7139f920436a0872eba72e7f706bb
ITSA4,2026-09-14,COTAHIST,acao_pn,BRITSAACNPR7,TPMERC=010; ESPECI=PN      N1,COTAHIST_D14092026.ZIP,9af50a6defc90890f6508a0bb1e7fcd98794a2773c506c2689117d82d65a840e
ITSA4,2026-09-18,BVBG.028.02,acao_pn,BRITSAACNPR7,SctyCtgy=11; Desc=ITAUSA      PN      N1; CFI=EPNNPR,IN260918.zip,826241f04d41c6a6a6d2aff614a6730b10e84788281971bc730e89da217c7173
ITSA4,2026-09-18,COTAHIST,acao_pn,BRITSAACNPR7,TPMERC=010; ESPECI=PN      N1,COTAHIST_D18092026.ZIP,dbb432658fac047210d385058d79f632bca7139f920436a0872eba72e7f706bb
ITUB3,2026-09-14,COTAHIST,acao_on,BRITUBACNOR4,TPMERC=010; ESPECI=ON      N1,COTAHIST_D14092026.ZIP,9af50a6defc90890f6508a0bb1e7fcd98794a2773c506c2689117d82d65a840e
ITUB3,2026-09-18,BVBG.028.02,acao_on,BRITUBACNOR4,SctyCtgy=11; Desc=ITAUUNIBANCOON      N1; CFI=ESVUFR,IN260918.zip,826241f04d41c6a6a6d2aff614a6730b10e84788281971bc730e89da217c7173
ITUB3,2026-09-18,COTAHIST,acao_on,BRITUBACNOR4,TPMERC=010; ESPECI=ON      N1,COTAHIST_D18092026.ZIP,dbb432658fac047210d385058d79f632bca7139f920436a0872eba72e7f706bb
ITUB4,2026-09-14,COTAHIST,acao_pn,BRITUBACNPR1,TPMERC=010; ESPECI=PN      N1,COTAHIST_D14092026.ZIP,9af50a6defc90890f6508a0bb1e7fcd98794a2773c506c2689117d82d65a840e
ITUB4,2026-09-18,BVBG.028.02,acao_pn,BRITUBACNPR1,SctyCtgy=11; Desc=ITAUUNIBANCOPN      N1; CFI=EPNNPR,IN260918.zip,826241f04d41c6a6a6d2aff614a6730b10e84788281971bc730e89da217c7173
ITUB4,2026-09-18,COTAHIST,acao_pn,BRITUBACNPR1,TPMERC=010; ESPECI=PN      N1,COTAHIST_D18092026.ZIP,dbb432658fac047210d385058d79f632bca7139f920436a0872eba72e7f706bb
JALL3,2026-09-14,COTAHIST,acao_on,BRJALLACNOR0,TPMERC=010; ESPECI=ON      NM,COTAHIST_D14092026.ZIP,9af50a6defc90890f6508a0bb1e7fcd98794a2773c506c2689117d82d65a840e
JALL3,2026-09-18,BVBG.028.02,acao_on,BRJALLACNOR0,SctyCtgy=11; Desc=JALLESMACHADON      NM; CFI=ESVUFR,IN260918.zip,826241f04d41c6a6a6d2aff614a6730b10e84788281971bc730e89da217c7173
JALL3,2026-09-18,COTAHIST,acao_on,BRJALLACNOR0,TPMERC=010; ESPECI=ON      NM,COTAHIST_D18092026.ZIP,dbb432658fac047210d385058d79f632bca7139f920436a0872eba72e7f706bb
JBSS32,2026-09-14,COTAHIST,bdr,BRJBSSBDR002,TPMERC=010; ESPECI=DR2,COTAHIST_D14092026.ZIP,9af50a6defc90890f6508a0bb1e7fcd98794a2773c506c2689117d82d65a840e
JBSS32,2026-09-18,BVBG.028.02,bdr,BRJBSSBDR002,SctyCtgy=1; Desc=JBS N.V.    DR2; CFI=EDSXPR,IN260918.zip,826241f04d41c6a6a6d2aff614a6730b10e84788281971bc730e89da217c7173
JBSS32,2026-09-18,COTAHIST,bdr,BRJBSSBDR002,TPMERC=010; ESPECI=DR2,COTAHIST_D18092026.ZIP,dbb432658fac047210d385058d79f632bca7139f920436a0872eba72e7f706bb
JHSF3,2026-09-14,COTAHIST,acao_on,BRJHSFACNOR2,TPMERC=010; ESPECI=ON      NM,COTAHIST_D14092026.ZIP,9af50a6defc90890f6508a0bb1e7fcd98794a2773c506c2689117d82d65a840e
JHSF3,2026-09-18,BVBG.028.02,acao_on,BRJHSFACNOR2,SctyCtgy=11; Desc=JHSF PART   ON      NM; CFI=ESVUFR,IN260918.zip,826241f04d41c6a6a6d2aff614a6730b10e84788281971bc730e89da217c7173
JHSF3,2026-09-18,COTAHIST,acao_on,BRJHSFACNOR2,TPMERC=010; ESPECI=ON      NM,COTAHIST_D18092026.ZIP,dbb432658fac047210d385058d79f632bca7139f920436a0872eba72e7f706bb
JSLG3,2026-09-14,COTAHIST,acao_on,BRJSLGACNOR2,TPMERC=010; ESPECI=ON      NM,COTAHIST_D14092026.ZIP,9af50a6defc90890f6508a0bb1e7fcd98794a2773c506c2689117d82d65a840e
JSLG3,2026-09-18,BVBG.028.02,acao_on,BRJSLGACNOR2,SctyCtgy=11; Desc=JSL         ON      NM; CFI=ESVUFR,IN260918.zip,826241f04d41c6a6a6d2aff614a6730b10e84788281971bc730e89da217c7173
JSLG3,2026-09-18,COTAHIST,acao_on,BRJSLGACNOR2,TPMERC=010; ESPECI=ON      NM,COTAHIST_D18092026.ZIP,dbb432658fac047210d385058d79f632bca7139f920436a0872eba72e7f706bb
KEPL3,2026-09-14,COTAHIST,acao_on,BRKEPLACNOR1,TPMERC=010; ESPECI=ON      NM,COTAHIST_D14092026.ZIP,9af50a6defc90890f6508a0bb1e7fcd98794a2773c506c2689117d82d65a840e
KEPL3,2026-09-18,BVBG.028.02,acao_on,BRKEPLACNOR1,SctyCtgy=11; Desc=KEPLER WEBERON      NM; CFI=ESVUFR,IN260918.zip,826241f04d41c6a6a6d2aff614a6730b10e84788281971bc730e89da217c7173
KEPL3,2026-09-18,COTAHIST,acao_on,BRKEPLACNOR1,TPMERC=010; ESPECI=ON      NM,COTAHIST_D18092026.ZIP,dbb432658fac047210d385058d79f632bca7139f920436a0872eba72e7f706bb
KLBN11,2026-09-14,COTAHIST,unit,BRKLBNCDAM18,TPMERC=010; ESPECI=UNT     N2,COTAHIST_D14092026.ZIP,9af50a6defc90890f6508a0bb1e7fcd98794a2773c506c2689117d82d65a840e
KLBN11,2026-09-18,BVBG.028.02,unit,BRKLBNCDAM18,SctyCtgy=13; Desc=KLABIN S/A  UNT     N2; CFI=EMXXXR,IN260918.zip,826241f04d41c6a6a6d2aff614a6730b10e84788281971bc730e89da217c7173
KLBN11,2026-09-18,COTAHIST,unit,BRKLBNCDAM18,TPMERC=010; ESPECI=UNT     N2,COTAHIST_D18092026.ZIP,dbb432658fac047210d385058d79f632bca7139f920436a0872eba72e7f706bb
KLBN3,2026-09-14,COTAHIST,acao_on,BRKLBNACNOR2,TPMERC=010; ESPECI=ON      N2,COTAHIST_D14092026.ZIP,9af50a6defc90890f6508a0bb1e7fcd98794a2773c506c2689117d82d65a840e
KLBN3,2026-09-18,BVBG.028.02,acao_on,BRKLBNACNOR2,SctyCtgy=11; Desc=KLABIN S/A  ON      N2; CFI=ESVUFR,IN260918.zip,826241f04d41c6a6a6d2aff614a6730b10e84788281971bc730e89da217c7173
KLBN3,2026-09-18,COTAHIST,acao_on,BRKLBNACNOR2,TPMERC=010; ESPECI=ON      N2,COTAHIST_D18092026.ZIP,dbb432658fac047210d385058d79f632bca7139f920436a0872eba72e7f706bb
KLBN4,2026-09-14,COTAHIST,acao_pn,BRKLBNACNPR9,TPMERC=010; ESPECI=PN      N2,COTAHIST_D14092026.ZIP,9af50a6defc90890f6508a0bb1e7fcd98794a2773c506c2689117d82d65a840e
KLBN4,2026-09-18,BVBG.028.02,acao_pn,BRKLBNACNPR9,SctyCtgy=11; Desc=KLABIN S/A  PN      N2; CFI=EPNNPR,IN260918.zip,826241f04d41c6a6a6d2aff614a6730b10e84788281971bc730e89da217c7173
KLBN4,2026-09-18,COTAHIST,acao_pn,BRKLBNACNPR9,TPMERC=010; ESPECI=PN      N2,COTAHIST_D18092026.ZIP,dbb432658fac047210d385058d79f632bca7139f920436a0872eba72e7f706bb
LAND3,2026-09-14,COTAHIST,acao_on,BRLANDACNOR9,TPMERC=010; ESPECI=ON      NM,COTAHIST_D14092026.ZIP,9af50a6defc90890f6508a0bb1e7fcd98794a2773c506c2689117d82d65a840e
LAND3,2026-09-18,BVBG.028.02,acao_on,BRLANDACNOR9,SctyCtgy=11; Desc=TERRASANTAPAON      NM; CFI=ESVUFR,IN260918.zip,826241f04d41c6a6a6d2aff614a6730b10e84788281971bc730e89da217c7173
LAND3,2026-09-18,COTAHIST,acao_on,BRLANDACNOR9,TPMERC=010; ESPECI=ON      NM,COTAHIST_D18092026.ZIP,dbb432658fac047210d385058d79f632bca7139f920436a0872eba72e7f706bb
LAVV3,2026-09-14,COTAHIST,acao_on,BRLAVVACNOR4,TPMERC=010; ESPECI=ON      NM,COTAHIST_D14092026.ZIP,9af50a6defc90890f6508a0bb1e7fcd98794a2773c506c2689117d82d65a840e
LAVV3,2026-09-18,BVBG.028.02,acao_on,BRLAVVACNOR4,SctyCtgy=11; Desc=LAVVI       ON      NM; CFI=ESVUFR,IN260918.zip,826241f04d41c6a6a6d2aff614a6730b10e84788281971bc730e89da217c7173
LAVV3,2026-09-18,COTAHIST,acao_on,BRLAVVACNOR4,TPMERC=010; ESPECI=ON      NM,COTAHIST_D18092026.ZIP,dbb432658fac047210d385058d79f632bca7139f920436a0872eba72e7f706bb
LEVE3,2026-09-14,COTAHIST,acao_on,BRLEVEACNOR2,TPMERC=010; ESPECI=ON      NM,COTAHIST_D14092026.ZIP,9af50a6defc90890f6508a0bb1e7fcd98794a2773c506c2689117d82d65a840e
LEVE3,2026-09-18,BVBG.028.02,acao_on,BRLEVEACNOR2,SctyCtgy=11; Desc=METAL LEVE  ON      NM; CFI=ESVUFR,IN260918.zip,826241f04d41c6a6a6d2aff614a6730b10e84788281971bc730e89da217c7173
LEVE3,2026-09-18,COTAHIST,acao_on,BRLEVEACNOR2,TPMERC=010; ESPECI=ON      NM,COTAHIST_D18092026.ZIP,dbb432658fac047210d385058d79f632bca7139f920436a0872eba72e7f706bb
LIGT3,2026-09-14,COTAHIST,acao_on,BRLIGTACNOR2,TPMERC=010; ESPECI=ON      NM,COTAHIST_D14092026.ZIP,9af50a6defc90890f6508a0bb1e7fcd98794a2773c506c2689117d82d65a840e
LIGT3,2026-09-18,BVBG.028.02,acao_on,BRLIGTACNOR2,SctyCtgy=11; Desc=LIGHT S/A   ON      NM; CFI=ESVUFR,IN260918.zip,826241f04d41c6a6a6d2aff614a6730b10e84788281971bc730e89da217c7173
LIGT3,2026-09-18,COTAHIST,acao_on,BRLIGTACNOR2,TPMERC=010; ESPECI=ON      NM,COTAHIST_D18092026.ZIP,dbb432658fac047210d385058d79f632bca7139f920436a0872eba72e7f706bb
LJQQ3,2026-09-14,COTAHIST,acao_on,BRLJQQACNOR5,TPMERC=010; ESPECI=ON      NM,COTAHIST_D14092026.ZIP,9af50a6defc90890f6508a0bb1e7fcd98794a2773c506c2689117d82d65a840e
LJQQ3,2026-09-18,BVBG.028.02,acao_on,BRLJQQACNOR5,SctyCtgy=11; Desc=QUERO-QUERO ON      NM; CFI=ESVUFR,IN260918.zip,826241f04d41c6a6a6d2aff614a6730b10e84788281971bc730e89da217c7173
LJQQ3,2026-09-18,COTAHIST,acao_on,BRLJQQACNOR5,TPMERC=010; ESPECI=ON      NM,COTAHIST_D18092026.ZIP,dbb432658fac047210d385058d79f632bca7139f920436a0872eba72e7f706bb
LOGG3,2026-09-14,COTAHIST,acao_on,BRLOGGACNOR7,TPMERC=010; ESPECI=ON      NM,COTAHIST_D14092026.ZIP,9af50a6defc90890f6508a0bb1e7fcd98794a2773c506c2689117d82d65a840e
LOGG3,2026-09-18,BVBG.028.02,acao_on,BRLOGGACNOR7,SctyCtgy=11; Desc=LOG COM PROPON      NM; CFI=ESVUFR,IN260918.zip,826241f04d41c6a6a6d2aff614a6730b10e84788281971bc730e89da217c7173
LOGG3,2026-09-18,COTAHIST,acao_on,BRLOGGACNOR7,TPMERC=010; ESPECI=ON      NM,COTAHIST_D18092026.ZIP,dbb432658fac047210d385058d79f632bca7139f920436a0872eba72e7f706bb
LOGN3,2026-09-14,COTAHIST,acao_on,BRLOGNACNOR3,TPMERC=010; ESPECI=ON      NM,COTAHIST_D14092026.ZIP,9af50a6defc90890f6508a0bb1e7fcd98794a2773c506c2689117d82d65a840e
LOGN3,2026-09-18,BVBG.028.02,acao_on,BRLOGNACNOR3,SctyCtgy=11; Desc=LOG-IN      ON      NM; CFI=ESVUFR,IN260918.zip,826241f04d41c6a6a6d2aff614a6730b10e84788281971bc730e89da217c7173
LOGN3,2026-09-18,COTAHIST,acao_on,BRLOGNACNOR3,TPMERC=010; ESPECI=ON      NM,COTAHIST_D18092026.ZIP,dbb432658fac047210d385058d79f632bca7139f920436a0872eba72e7f706bb
LPSB3,2026-09-14,COTAHIST,acao_on,BRLPSBACNOR0,TPMERC=010; ESPECI=ON      NM,COTAHIST_D14092026.ZIP,9af50a6defc90890f6508a0bb1e7fcd98794a2773c506c2689117d82d65a840e
LPSB3,2026-09-18,BVBG.028.02,acao_on,BRLPSBACNOR0,SctyCtgy=11; Desc=LOPES BRASILON      NM; CFI=ESVUFR,IN260918.zip,826241f04d41c6a6a6d2aff614a6730b10e84788281971bc730e89da217c7173
LPSB3,2026-09-18,COTAHIST,acao_on,BRLPSBACNOR0,TPMERC=010; ESPECI=ON      NM,COTAHIST_D18092026.ZIP,dbb432658fac047210d385058d79f632bca7139f920436a0872eba72e7f706bb
LREN3,2026-09-14,COTAHIST,acao_on,BRLRENACNOR1,TPMERC=010; ESPECI=ON      NM,COTAHIST_D14092026.ZIP,9af50a6defc90890f6508a0bb1e7fcd98794a2773c506c2689117d82d65a840e
LREN3,2026-09-18,BVBG.028.02,acao_on,BRLRENACNOR1,SctyCtgy=11; Desc=LOJAS RENNERON      NM; CFI=ESVUFR,IN260918.zip,826241f04d41c6a6a6d2aff614a6730b10e84788281971bc730e89da217c7173
LREN3,2026-09-18,COTAHIST,acao_on,BRLRENACNOR1,TPMERC=010; ESPECI=ON      NM,COTAHIST_D18092026.ZIP,dbb432658fac047210d385058d79f632bca7139f920436a0872eba72e7f706bb
LUPA3,2026-09-14,COTAHIST,acao_on,BRLUPAACNOR8,TPMERC=010; ESPECI=ON      NM,COTAHIST_D14092026.ZIP,9af50a6defc90890f6508a0bb1e7fcd98794a2773c506c2689117d82d65a840e
LUPA3,2026-09-18,BVBG.028.02,acao_on,BRLUPAACNOR8,SctyCtgy=11; Desc=LUPATECH    ON      NM; CFI=ESVUFR,IN260918.zip,826241f04d41c6a6a6d2aff614a6730b10e84788281971bc730e89da217c7173
LUPA3,2026-09-18,COTAHIST,acao_on,BRLUPAACNOR8,TPMERC=010; ESPECI=ON      NM,COTAHIST_D18092026.ZIP,dbb432658fac047210d385058d79f632bca7139f920436a0872eba72e7f706bb
LUXM4,2026-09-14,COTAHIST,acao_pn,BRLUXMACNPR4,TPMERC=010; ESPECI=PN,COTAHIST_D14092026.ZIP,9af50a6defc90890f6508a0bb1e7fcd98794a2773c506c2689117d82d65a840e
LUXM4,2026-09-18,BVBG.028.02,acao_pn,BRLUXMACNPR4,SctyCtgy=11; Desc=TREVISA     PN; CFI=EPNNPR,IN260918.zip,826241f04d41c6a6a6d2aff614a6730b10e84788281971bc730e89da217c7173
LUXM4,2026-09-18,COTAHIST,acao_pn,BRLUXMACNPR4,TPMERC=010; ESPECI=PN,COTAHIST_D18092026.ZIP,dbb432658fac047210d385058d79f632bca7139f920436a0872eba72e7f706bb
LWSA3,2026-09-14,COTAHIST,acao_on,BRLWSAACNOR8,TPMERC=010; ESPECI=ON      NM,COTAHIST_D14092026.ZIP,9af50a6defc90890f6508a0bb1e7fcd98794a2773c506c2689117d82d65a840e
LWSA3,2026-09-18,BVBG.028.02,acao_on,BRLWSAACNOR8,SctyCtgy=11; Desc=LWSA        ON      NM; CFI=ESVUFR,IN260918.zip,826241f04d41c6a6a6d2aff614a6730b10e84788281971bc730e89da217c7173
LWSA3,2026-09-18,COTAHIST,acao_on,BRLWSAACNOR8,TPMERC=010; ESPECI=ON      NM,COTAHIST_D18092026.ZIP,dbb432658fac047210d385058d79f632bca7139f920436a0872eba72e7f706bb
MATD3,2026-09-14,COTAHIST,acao_on,BRMATDACNOR4,TPMERC=010; ESPECI=ON      NM,COTAHIST_D14092026.ZIP,9af50a6defc90890f6508a0bb1e7fcd98794a2773c506c2689117d82d65a840e
MATD3,2026-09-18,BVBG.028.02,acao_on,BRMATDACNOR4,SctyCtgy=11; Desc=MATER DEI   ON      NM; CFI=ESVUFR,IN260918.zip,826241f04d41c6a6a6d2aff614a6730b10e84788281971bc730e89da217c7173
MATD3,2026-09-18,COTAHIST,acao_on,BRMATDACNOR4,TPMERC=010; ESPECI=ON      NM,COTAHIST_D18092026.ZIP,dbb432658fac047210d385058d79f632bca7139f920436a0872eba72e7f706bb
MBRF3,2026-09-14,COTAHIST,acao_on,BRMBRFACNOR1,TPMERC=010; ESPECI=ON      NM,COTAHIST_D14092026.ZIP,9af50a6defc90890f6508a0bb1e7fcd98794a2773c506c2689117d82d65a840e
MBRF3,2026-09-18,BVBG.028.02,acao_on,BRMBRFACNOR1,SctyCtgy=11; Desc=MARFRIG     ON      NM; CFI=ESVUFR,IN260918.zip,826241f04d41c6a6a6d2aff614a6730b10e84788281971bc730e89da217c7173
MBRF3,2026-09-18,COTAHIST,acao_on,BRMBRFACNOR1,TPMERC=010; ESPECI=ON      NM,COTAHIST_D18092026.ZIP,dbb432658fac047210d385058d79f632bca7139f920436a0872eba72e7f706bb
MDIA3,2026-09-14,COTAHIST,acao_on,BRMDIAACNOR7,TPMERC=010; ESPECI=ON      NM,COTAHIST_D14092026.ZIP,9af50a6defc90890f6508a0bb1e7fcd98794a2773c506c2689117d82d65a840e
MDIA3,2026-09-18,BVBG.028.02,acao_on,BRMDIAACNOR7,SctyCtgy=11; Desc=M.DIASBRANCOON      NM; CFI=ESVUFR,IN260918.zip,826241f04d41c6a6a6d2aff614a6730b10e84788281971bc730e89da217c7173
MDIA3,2026-09-18,COTAHIST,acao_on,BRMDIAACNOR7,TPMERC=010; ESPECI=ON      NM,COTAHIST_D18092026.ZIP,dbb432658fac047210d385058d79f632bca7139f920436a0872eba72e7f706bb
MDNE3,2026-09-14,COTAHIST,acao_on,BRMDNEACNOR9,TPMERC=010; ESPECI=ON      NM,COTAHIST_D14092026.ZIP,9af50a6defc90890f6508a0bb1e7fcd98794a2773c506c2689117d82d65a840e
MDNE3,2026-09-18,BVBG.028.02,acao_on,BRMDNEACNOR9,SctyCtgy=11; Desc=MOURA DUBEUXON      NM; CFI=ESVUFR,IN260918.zip,826241f04d41c6a6a6d2aff614a6730b10e84788281971bc730e89da217c7173
MDNE3,2026-09-18,COTAHIST,acao_on,BRMDNEACNOR9,TPMERC=010; ESPECI=ON      NM,COTAHIST_D18092026.ZIP,dbb432658fac047210d385058d79f632bca7139f920436a0872eba72e7f706bb
MEAL3,2026-09-14,COTAHIST,acao_on,BRMEALACNOR9,TPMERC=010; ESPECI=ON      NM,COTAHIST_D14092026.ZIP,9af50a6defc90890f6508a0bb1e7fcd98794a2773c506c2689117d82d65a840e
MEAL3,2026-09-18,BVBG.028.02,acao_on,BRMEALACNOR9,SctyCtgy=11; Desc=IMC S/A     ON      NM; CFI=ESVUFR,IN260918.zip,826241f04d41c6a6a6d2aff614a6730b10e84788281971bc730e89da217c7173
MEAL3,2026-09-18,COTAHIST,acao_on,BRMEALACNOR9,TPMERC=010; ESPECI=ON      NM,COTAHIST_D18092026.ZIP,dbb432658fac047210d385058d79f632bca7139f920436a0872eba72e7f706bb
MELK3,2026-09-14,COTAHIST,acao_on,BRMELKACNOR8,TPMERC=010; ESPECI=ON      NM,COTAHIST_D14092026.ZIP,9af50a6defc90890f6508a0bb1e7fcd98794a2773c506c2689117d82d65a840e
MELK3,2026-09-18,BVBG.028.02,acao_on,BRMELKACNOR8,SctyCtgy=11; Desc=MELNICK     ON      NM; CFI=ESVUFR,IN260918.zip,826241f04d41c6a6a6d2aff614a6730b10e84788281971bc730e89da217c7173
MELK3,2026-09-18,COTAHIST,acao_on,BRMELKACNOR8,TPMERC=010; ESPECI=ON      NM,COTAHIST_D18092026.ZIP,dbb432658fac047210d385058d79f632bca7139f920436a0872eba72e7f706bb
MGLU3,2026-09-14,COTAHIST,acao_on,BRMGLUACNOR2,TPMERC=010; ESPECI=ON      NM,COTAHIST_D14092026.ZIP,9af50a6defc90890f6508a0bb1e7fcd98794a2773c506c2689117d82d65a840e
MGLU3,2026-09-18,BVBG.028.02,acao_on,BRMGLUACNOR2,SctyCtgy=11; Desc=MAGAZ LUIZA ON      NM; CFI=ESVUFR,IN260918.zip,826241f04d41c6a6a6d2aff614a6730b10e84788281971bc730e89da217c7173
MGLU3,2026-09-18,COTAHIST,acao_on,BRMGLUACNOR2,TPMERC=010; ESPECI=ON      NM,COTAHIST_D18092026.ZIP,dbb432658fac047210d385058d79f632bca7139f920436a0872eba72e7f706bb
MILS3,2026-09-14,COTAHIST,acao_on,BRMILSACNOR2,TPMERC=010; ESPECI=ON      NM,COTAHIST_D14092026.ZIP,9af50a6defc90890f6508a0bb1e7fcd98794a2773c506c2689117d82d65a840e
MILS3,2026-09-18,BVBG.028.02,acao_on,BRMILSACNOR2,SctyCtgy=11; Desc=MILLS       ON      NM; CFI=ESVUFR,IN260918.zip,826241f04d41c6a6a6d2aff614a6730b10e84788281971bc730e89da217c7173
MILS3,2026-09-18,COTAHIST,acao_on,BRMILSACNOR2,TPMERC=010; ESPECI=ON      NM,COTAHIST_D18092026.ZIP,dbb432658fac047210d385058d79f632bca7139f920436a0872eba72e7f706bb
MLAS3,2026-09-14,COTAHIST,acao_on,BRMLASACNOR9,TPMERC=010; ESPECI=ON      NM,COTAHIST_D14092026.ZIP,9af50a6defc90890f6508a0bb1e7fcd98794a2773c506c2689117d82d65a840e
MLAS3,2026-09-18,BVBG.028.02,acao_on,BRMLASACNOR9,SctyCtgy=11; Desc=MULTILASER  ON      NM; CFI=ESVUFR,IN260918.zip,826241f04d41c6a6a6d2aff614a6730b10e84788281971bc730e89da217c7173
MLAS3,2026-09-18,COTAHIST,acao_on,BRMLASACNOR9,TPMERC=010; ESPECI=ON      NM,COTAHIST_D18092026.ZIP,dbb432658fac047210d385058d79f632bca7139f920436a0872eba72e7f706bb
MNPR3,2026-09-14,COTAHIST,acao_on,BRMNPRACNOR5,TPMERC=010; ESPECI=ON,COTAHIST_D14092026.ZIP,9af50a6defc90890f6508a0bb1e7fcd98794a2773c506c2689117d82d65a840e
MNPR3,2026-09-18,BVBG.028.02,acao_on,BRMNPRACNOR5,SctyCtgy=11; Desc=MINUPAR     ON; CFI=ESVUFR,IN260918.zip,826241f04d41c6a6a6d2aff614a6730b10e84788281971bc730e89da217c7173
MNPR3,2026-09-18,COTAHIST,acao_on,BRMNPRACNOR5,TPMERC=010; ESPECI=ON,COTAHIST_D18092026.ZIP,dbb432658fac047210d385058d79f632bca7139f920436a0872eba72e7f706bb
MOTV3,2026-09-14,COTAHIST,acao_on,BRMOTVACNOR7,TPMERC=010; ESPECI=ON  EJ  NM,COTAHIST_D14092026.ZIP,9af50a6defc90890f6508a0bb1e7fcd98794a2773c506c2689117d82d65a840e
MOTV3,2026-09-18,BVBG.028.02,acao_on,BRMOTVACNOR7,SctyCtgy=11; Desc=MOTIVA SA   ON      NM; CFI=ESVUFR,IN260918.zip,826241f04d41c6a6a6d2aff614a6730b10e84788281971bc730e89da217c7173
MOTV3,2026-09-18,COTAHIST,acao_on,BRMOTVACNOR7,TPMERC=010; ESPECI=ON      NM,COTAHIST_D18092026.ZIP,dbb432658fac047210d385058d79f632bca7139f920436a0872eba72e7f706bb
MOVI3,2026-09-14,COTAHIST,acao_on,BRMOVIACNOR0,TPMERC=010; ESPECI=ON      NM,COTAHIST_D14092026.ZIP,9af50a6defc90890f6508a0bb1e7fcd98794a2773c506c2689117d82d65a840e
MOVI3,2026-09-18,BVBG.028.02,acao_on,BRMOVIACNOR0,SctyCtgy=11; Desc=MOVIDA      ON      NM; CFI=ESVUFR,IN260918.zip,826241f04d41c6a6a6d2aff614a6730b10e84788281971bc730e89da217c7173
MOVI3,2026-09-18,COTAHIST,acao_on,BRMOVIACNOR0,TPMERC=010; ESPECI=ON      NM,COTAHIST_D18092026.ZIP,dbb432658fac047210d385058d79f632bca7139f920436a0872eba72e7f706bb
MRVE3,2026-09-14,COTAHIST,acao_on,BRMRVEACNOR2,TPMERC=010; ESPECI=ON      NM,COTAHIST_D14092026.ZIP,9af50a6defc90890f6508a0bb1e7fcd98794a2773c506c2689117d82d65a840e
MRVE3,2026-09-18,BVBG.028.02,acao_on,BRMRVEACNOR2,SctyCtgy=11; Desc=MRV         ON      NM; CFI=ESVUFR,IN260918.zip,826241f04d41c6a6a6d2aff614a6730b10e84788281971bc730e89da217c7173
MRVE3,2026-09-18,COTAHIST,acao_on,BRMRVEACNOR2,TPMERC=010; ESPECI=ON      NM,COTAHIST_D18092026.ZIP,dbb432658fac047210d385058d79f632bca7139f920436a0872eba72e7f706bb
MTRE3,2026-09-14,COTAHIST,acao_on,BRMTREACNOR6,TPMERC=010; ESPECI=ON  ED  NM,COTAHIST_D14092026.ZIP,9af50a6defc90890f6508a0bb1e7fcd98794a2773c506c2689117d82d65a840e
MTRE3,2026-09-18,BVBG.028.02,acao_on,BRMTREACNOR6,SctyCtgy=11; Desc=MITRE REALTYON  ED  NM; CFI=ESVUFR,IN260918.zip,826241f04d41c6a6a6d2aff614a6730b10e84788281971bc730e89da217c7173
MTRE3,2026-09-18,COTAHIST,acao_on,BRMTREACNOR6,TPMERC=010; ESPECI=ON  ED  NM,COTAHIST_D18092026.ZIP,dbb432658fac047210d385058d79f632bca7139f920436a0872eba72e7f706bb
MTSA4,2026-09-14,COTAHIST,acao_pn,BRMTSAACNPR9,TPMERC=010; ESPECI=PN,COTAHIST_D14092026.ZIP,9af50a6defc90890f6508a0bb1e7fcd98794a2773c506c2689117d82d65a840e
MTSA4,2026-09-18,BVBG.028.02,acao_pn,BRMTSAACNPR9,SctyCtgy=11; Desc=METISA      PN; CFI=EPNNPR,IN260918.zip,826241f04d41c6a6a6d2aff614a6730b10e84788281971bc730e89da217c7173
MTSA4,2026-09-18,COTAHIST,acao_pn,BRMTSAACNPR9,TPMERC=010; ESPECI=PN,COTAHIST_D18092026.ZIP,dbb432658fac047210d385058d79f632bca7139f920436a0872eba72e7f706bb
MULT3,2026-09-14,COTAHIST,acao_on,BRMULTACNOR5,TPMERC=010; ESPECI=ON      N2,COTAHIST_D14092026.ZIP,9af50a6defc90890f6508a0bb1e7fcd98794a2773c506c2689117d82d65a840e
MULT3,2026-09-18,BVBG.028.02,acao_on,BRMULTACNOR5,SctyCtgy=11; Desc=MULTIPLAN   ON      N2; CFI=ESVUFR,IN260918.zip,826241f04d41c6a6a6d2aff614a6730b10e84788281971bc730e89da217c7173
MULT3,2026-09-18,COTAHIST,acao_on,BRMULTACNOR5,TPMERC=010; ESPECI=ON      N2,COTAHIST_D18092026.ZIP,dbb432658fac047210d385058d79f632bca7139f920436a0872eba72e7f706bb
MYPK3,2026-09-14,COTAHIST,acao_on,BRMYPKACNOR7,TPMERC=010; ESPECI=ON      NM,COTAHIST_D14092026.ZIP,9af50a6defc90890f6508a0bb1e7fcd98794a2773c506c2689117d82d65a840e
MYPK3,2026-09-18,BVBG.028.02,acao_on,BRMYPKACNOR7,SctyCtgy=11; Desc=IOCHP-MAXIONON      NM; CFI=ESVUFR,IN260918.zip,826241f04d41c6a6a6d2aff614a6730b10e84788281971bc730e89da217c7173
MYPK3,2026-09-18,COTAHIST,acao_on,BRMYPKACNOR7,TPMERC=010; ESPECI=ON      NM,COTAHIST_D18092026.ZIP,dbb432658fac047210d385058d79f632bca7139f920436a0872eba72e7f706bb
NATU3,2026-09-14,COTAHIST,acao_on,BRNATUACNOR6,TPMERC=010; ESPECI=ON      NM,COTAHIST_D14092026.ZIP,9af50a6defc90890f6508a0bb1e7fcd98794a2773c506c2689117d82d65a840e
NATU3,2026-09-18,BVBG.028.02,acao_on,BRNATUACNOR6,SctyCtgy=11; Desc=NATURA      ON      NM; CFI=ESVUFR,IN260918.zip,826241f04d41c6a6a6d2aff614a6730b10e84788281971bc730e89da217c7173
NATU3,2026-09-18,COTAHIST,acao_on,BRNATUACNOR6,TPMERC=010; ESPECI=ON      NM,COTAHIST_D18092026.ZIP,dbb432658fac047210d385058d79f632bca7139f920436a0872eba72e7f706bb
NORD3,2026-09-14,COTAHIST,acao_on,BRNORDACNOR7,TPMERC=010; ESPECI=ON,COTAHIST_D14092026.ZIP,9af50a6defc90890f6508a0bb1e7fcd98794a2773c506c2689117d82d65a840e
NORD3,2026-09-18,BVBG.028.02,acao_on,BRNORDACNOR7,SctyCtgy=11; Desc=NORDON MET  ON; CFI=ESVUFR,IN260918.zip,826241f04d41c6a6a6d2aff614a6730b10e84788281971bc730e89da217c7173
NORD3,2026-09-18,COTAHIST,acao_on,BRNORDACNOR7,TPMERC=010; ESPECI=ON,COTAHIST_D18092026.ZIP,dbb432658fac047210d385058d79f632bca7139f920436a0872eba72e7f706bb
NUTR3,2026-09-14,COTAHIST,acao_on,BRNUTRACNOR0,TPMERC=010; ESPECI=ON      MP,COTAHIST_D14092026.ZIP,9af50a6defc90890f6508a0bb1e7fcd98794a2773c506c2689117d82d65a840e
NUTR3,2026-09-18,BVBG.028.02,acao_on,BRNUTRACNOR0,SctyCtgy=11; Desc=NUTRIPLANT  ON      MP; CFI=ESVUFR,IN260918.zip,826241f04d41c6a6a6d2aff614a6730b10e84788281971bc730e89da217c7173
NUTR3,2026-09-18,COTAHIST,acao_on,BRNUTRACNOR0,TPMERC=010; ESPECI=ON      MP,COTAHIST_D18092026.ZIP,dbb432658fac047210d385058d79f632bca7139f920436a0872eba72e7f706bb
OBTC3,2026-09-14,COTAHIST,acao_on,BROBTCACNOR0,TPMERC=010; ESPECI=ON,COTAHIST_D14092026.ZIP,9af50a6defc90890f6508a0bb1e7fcd98794a2773c506c2689117d82d65a840e
OBTC3,2026-09-18,BVBG.028.02,acao_on,BROBTCACNOR0,SctyCtgy=11; Desc=ORANJEBTC   ON; CFI=ESVUFR,IN260918.zip,826241f04d41c6a6a6d2aff614a6730b10e84788281971bc730e89da217c7173
OBTC3,2026-09-18,COTAHIST,acao_on,BROBTCACNOR0,TPMERC=010; ESPECI=ON,COTAHIST_D18092026.ZIP,dbb432658fac047210d385058d79f632bca7139f920436a0872eba72e7f706bb
OFSA3,2026-09-14,COTAHIST,acao_on,BROFSAACNOR7,TPMERC=010; ESPECI=ON      NM,COTAHIST_D14092026.ZIP,9af50a6defc90890f6508a0bb1e7fcd98794a2773c506c2689117d82d65a840e
OFSA3,2026-09-18,BVBG.028.02,acao_on,BROFSAACNOR7,SctyCtgy=11; Desc=OUROFINO S/AON      NM; CFI=ESVUFR,IN260918.zip,826241f04d41c6a6a6d2aff614a6730b10e84788281971bc730e89da217c7173
OFSA3,2026-09-18,COTAHIST,acao_on,BROFSAACNOR7,TPMERC=010; ESPECI=ON      NM,COTAHIST_D18092026.ZIP,dbb432658fac047210d385058d79f632bca7139f920436a0872eba72e7f706bb
ONCO3,2026-09-14,COTAHIST,acao_on,BRONCOACNOR6,TPMERC=010; ESPECI=ON      NM,COTAHIST_D14092026.ZIP,9af50a6defc90890f6508a0bb1e7fcd98794a2773c506c2689117d82d65a840e
ONCO3,2026-09-18,BVBG.028.02,acao_on,BRONCOACNOR6,SctyCtgy=11; Desc=ONCOCLINICASON      NM; CFI=ESVUFR,IN260918.zip,826241f04d41c6a6a6d2aff614a6730b10e84788281971bc730e89da217c7173
ONCO3,2026-09-18,COTAHIST,acao_on,BRONCOACNOR6,TPMERC=010; ESPECI=ON      NM,COTAHIST_D18092026.ZIP,dbb432658fac047210d385058d79f632bca7139f920436a0872eba72e7f706bb
OPCT3,2026-09-14,COTAHIST,acao_on,BROPCTACNOR0,TPMERC=010; ESPECI=ON      NM,COTAHIST_D14092026.ZIP,9af50a6defc90890f6508a0bb1e7fcd98794a2773c506c2689117d82d65a840e
OPCT3,2026-09-18,BVBG.028.02,acao_on,BROPCTACNOR0,SctyCtgy=11; Desc=OCEANPACT   ON  EC  NM; CFI=ESVUFR,IN260918.zip,826241f04d41c6a6a6d2aff614a6730b10e84788281971bc730e89da217c7173
OPCT3,2026-09-18,COTAHIST,acao_on,BROPCTACNOR0,TPMERC=010; ESPECI=ON  EC  NM,COTAHIST_D18092026.ZIP,dbb432658fac047210d385058d79f632bca7139f920436a0872eba72e7f706bb
ORVR3,2026-09-14,COTAHIST,acao_on,BRORVRACNOR0,TPMERC=010; ESPECI=ON      NM,COTAHIST_D14092026.ZIP,9af50a6defc90890f6508a0bb1e7fcd98794a2773c506c2689117d82d65a840e
ORVR3,2026-09-18,BVBG.028.02,acao_on,BRORVRACNOR0,SctyCtgy=11; Desc=ORIZON      ON      NM; CFI=ESVUFR,IN260918.zip,826241f04d41c6a6a6d2aff614a6730b10e84788281971bc730e89da217c7173
ORVR3,2026-09-18,COTAHIST,acao_on,BRORVRACNOR0,TPMERC=010; ESPECI=ON      NM,COTAHIST_D18092026.ZIP,dbb432658fac047210d385058d79f632bca7139f920436a0872eba72e7f706bb
OSXB3,2026-09-14,COTAHIST,acao_on,BROSXBACNOR8,TPMERC=010; ESPECI=ON      NM,COTAHIST_D14092026.ZIP,9af50a6defc90890f6508a0bb1e7fcd98794a2773c506c2689117d82d65a840e
OSXB3,2026-09-18,BVBG.028.02,acao_on,BROSXBACNOR8,SctyCtgy=11; Desc=OSX BRASIL  ON      NM; CFI=ESVUFR,IN260918.zip,826241f04d41c6a6a6d2aff614a6730b10e84788281971bc730e89da217c7173
OSXB3,2026-09-18,COTAHIST,acao_on,BROSXBACNOR8,TPMERC=010; ESPECI=ON      NM,COTAHIST_D18092026.ZIP,dbb432658fac047210d385058d79f632bca7139f920436a0872eba72e7f706bb
PASS3,2026-09-14,COTAHIST,acao_on,BRPASSACNOR7,TPMERC=010; ESPECI=ON      NM,COTAHIST_D14092026.ZIP,9af50a6defc90890f6508a0bb1e7fcd98794a2773c506c2689117d82d65a840e
PASS3,2026-09-18,BVBG.028.02,acao_on,BRPASSACNOR7,SctyCtgy=11; Desc=COMPASS     ON      NM; CFI=ESVUFR,IN260918.zip,826241f04d41c6a6a6d2aff614a6730b10e84788281971bc730e89da217c7173
PASS3,2026-09-18,COTAHIST,acao_on,BRPASSACNOR7,TPMERC=010; ESPECI=ON      NM,COTAHIST_D18092026.ZIP,dbb432658fac047210d385058d79f632bca7139f920436a0872eba72e7f706bb
PATI3,2026-09-14,COTAHIST,acao_on,BRPATIACNOR6,TPMERC=010; ESPECI=ON,COTAHIST_D14092026.ZIP,9af50a6defc90890f6508a0bb1e7fcd98794a2773c506c2689117d82d65a840e
PATI3,2026-09-18,BVBG.028.02,acao_on,BRPATIACNOR6,SctyCtgy=11; Desc=PANATLANTICAON; CFI=ESVUFR,IN260918.zip,826241f04d41c6a6a6d2aff614a6730b10e84788281971bc730e89da217c7173
PATI3,2026-09-18,COTAHIST,acao_on,BRPATIACNOR6,TPMERC=010; ESPECI=ON,COTAHIST_D18092026.ZIP,dbb432658fac047210d385058d79f632bca7139f920436a0872eba72e7f706bb
PCAR3,2026-09-14,COTAHIST,acao_on,BRPCARACNOR3,TPMERC=010; ESPECI=ON      NM,COTAHIST_D14092026.ZIP,9af50a6defc90890f6508a0bb1e7fcd98794a2773c506c2689117d82d65a840e
PCAR3,2026-09-18,BVBG.028.02,acao_on,BRPCARACNOR3,SctyCtgy=11; Desc=P.ACUCAR-CBDON      NM; CFI=ESVUFR,IN260918.zip,826241f04d41c6a6a6d2aff614a6730b10e84788281971bc730e89da217c7173
PCAR3,2026-09-18,COTAHIST,acao_on,BRPCARACNOR3,TPMERC=010; ESPECI=ON      NM,COTAHIST_D18092026.ZIP,dbb432658fac047210d385058d79f632bca7139f920436a0872eba72e7f706bb
PDGR3,2026-09-14,COTAHIST,acao_on,BRPDGRACNOR8,TPMERC=010; ESPECI=ON      NM,COTAHIST_D14092026.ZIP,9af50a6defc90890f6508a0bb1e7fcd98794a2773c506c2689117d82d65a840e
PDGR3,2026-09-18,BVBG.028.02,acao_on,BRPDGRACNOR8,SctyCtgy=11; Desc=PDG REALT   ON      NM; CFI=ESVUFR,IN260918.zip,826241f04d41c6a6a6d2aff614a6730b10e84788281971bc730e89da217c7173
PDGR3,2026-09-18,COTAHIST,acao_on,BRPDGRACNOR8,TPMERC=010; ESPECI=ON      NM,COTAHIST_D18092026.ZIP,dbb432658fac047210d385058d79f632bca7139f920436a0872eba72e7f706bb
PDTC3,2026-09-14,COTAHIST,acao_on,BRPDTCACNOR3,TPMERC=010; ESPECI=ON      NM,COTAHIST_D14092026.ZIP,9af50a6defc90890f6508a0bb1e7fcd98794a2773c506c2689117d82d65a840e
PDTC3,2026-09-18,BVBG.028.02,acao_on,BRPDTCACNOR3,SctyCtgy=11; Desc=PADTEC      ON      NM; CFI=ESVUFR,IN260918.zip,826241f04d41c6a6a6d2aff614a6730b10e84788281971bc730e89da217c7173
PDTC3,2026-09-18,COTAHIST,acao_on,BRPDTCACNOR3,TPMERC=010; ESPECI=ON      NM,COTAHIST_D18092026.ZIP,dbb432658fac047210d385058d79f632bca7139f920436a0872eba72e7f706bb
PETR3,2026-09-14,COTAHIST,acao_on,BRPETRACNOR9,TPMERC=010; ESPECI=ON      N2,COTAHIST_D14092026.ZIP,9af50a6defc90890f6508a0bb1e7fcd98794a2773c506c2689117d82d65a840e
PETR3,2026-09-18,BVBG.028.02,acao_on,BRPETRACNOR9,SctyCtgy=11; Desc=PETROBRAS   ON      N2; CFI=ESVUFR,IN260918.zip,826241f04d41c6a6a6d2aff614a6730b10e84788281971bc730e89da217c7173
PETR3,2026-09-18,COTAHIST,acao_on,BRPETRACNOR9,TPMERC=010; ESPECI=ON      N2,COTAHIST_D18092026.ZIP,dbb432658fac047210d385058d79f632bca7139f920436a0872eba72e7f706bb
PETR4,2026-09-14,COTAHIST,acao_pn,BRPETRACNPR6,TPMERC=010; ESPECI=PN      N2,COTAHIST_D14092026.ZIP,9af50a6defc90890f6508a0bb1e7fcd98794a2773c506c2689117d82d65a840e
PETR4,2026-09-18,BVBG.028.02,acao_pn,BRPETRACNPR6,SctyCtgy=11; Desc=PETROBRAS   PN      N2; CFI=EPNNPR,IN260918.zip,826241f04d41c6a6a6d2aff614a6730b10e84788281971bc730e89da217c7173
PETR4,2026-09-18,COTAHIST,acao_pn,BRPETRACNPR6,TPMERC=010; ESPECI=PN      N2,COTAHIST_D18092026.ZIP,dbb432658fac047210d385058d79f632bca7139f920436a0872eba72e7f706bb
PFRM3,2026-09-14,COTAHIST,acao_on,BRPFRMACNOR1,TPMERC=010; ESPECI=ON      NM,COTAHIST_D14092026.ZIP,9af50a6defc90890f6508a0bb1e7fcd98794a2773c506c2689117d82d65a840e
PFRM3,2026-09-18,BVBG.028.02,acao_on,BRPFRMACNOR1,SctyCtgy=11; Desc=PROFARMA    ON      NM; CFI=ESVUFR,IN260918.zip,826241f04d41c6a6a6d2aff614a6730b10e84788281971bc730e89da217c7173
PFRM3,2026-09-18,COTAHIST,acao_on,BRPFRMACNOR1,TPMERC=010; ESPECI=ON      NM,COTAHIST_D18092026.ZIP,dbb432658fac047210d385058d79f632bca7139f920436a0872eba72e7f706bb
PGMN3,2026-09-14,COTAHIST,acao_on,BRPGMNACNOR8,TPMERC=010; ESPECI=ON      NM,COTAHIST_D14092026.ZIP,9af50a6defc90890f6508a0bb1e7fcd98794a2773c506c2689117d82d65a840e
PGMN3,2026-09-18,BVBG.028.02,acao_on,BRPGMNACNOR8,SctyCtgy=11; Desc=PAGUE MENOS ON      NM; CFI=ESVUFR,IN260918.zip,826241f04d41c6a6a6d2aff614a6730b10e84788281971bc730e89da217c7173
PGMN3,2026-09-18,COTAHIST,acao_on,BRPGMNACNOR8,TPMERC=010; ESPECI=ON      NM,COTAHIST_D18092026.ZIP,dbb432658fac047210d385058d79f632bca7139f920436a0872eba72e7f706bb
PINE3,2026-09-14,COTAHIST,acao_on,BRPINEACNOR1,TPMERC=010; ESPECI=ON      N2,COTAHIST_D14092026.ZIP,9af50a6defc90890f6508a0bb1e7fcd98794a2773c506c2689117d82d65a840e
PINE3,2026-09-18,BVBG.028.02,acao_on,BRPINEACNOR1,SctyCtgy=11; Desc=PINE        ON      N2; CFI=ESVUFR,IN260918.zip,826241f04d41c6a6a6d2aff614a6730b10e84788281971bc730e89da217c7173
PINE3,2026-09-18,COTAHIST,acao_on,BRPINEACNOR1,TPMERC=010; ESPECI=ON      N2,COTAHIST_D18092026.ZIP,dbb432658fac047210d385058d79f632bca7139f920436a0872eba72e7f706bb
PINE4,2026-09-14,COTAHIST,acao_pn,BRPINEACNPR8,TPMERC=010; ESPECI=PN      N2,COTAHIST_D14092026.ZIP,9af50a6defc90890f6508a0bb1e7fcd98794a2773c506c2689117d82d65a840e
PINE4,2026-09-18,BVBG.028.02,acao_pn,BRPINEACNPR8,SctyCtgy=11; Desc=PINE        PN      N2; CFI=EPNNPR,IN260918.zip,826241f04d41c6a6a6d2aff614a6730b10e84788281971bc730e89da217c7173
PINE4,2026-09-18,COTAHIST,acao_pn,BRPINEACNPR8,TPMERC=010; ESPECI=PN      N2,COTAHIST_D18092026.ZIP,dbb432658fac047210d385058d79f632bca7139f920436a0872eba72e7f706bb
PLAS3,2026-09-14,COTAHIST,acao_on,BRPLASACNOR2,TPMERC=010; ESPECI=ON,COTAHIST_D14092026.ZIP,9af50a6defc90890f6508a0bb1e7fcd98794a2773c506c2689117d82d65a840e
PLAS3,2026-09-18,BVBG.028.02,acao_on,BRPLASACNOR2,SctyCtgy=11; Desc=PLASCAR PARTON; CFI=ESVUFR,IN260918.zip,826241f04d41c6a6a6d2aff614a6730b10e84788281971bc730e89da217c7173
PLAS3,2026-09-18,COTAHIST,acao_on,BRPLASACNOR2,TPMERC=010; ESPECI=ON,COTAHIST_D18092026.ZIP,dbb432658fac047210d385058d79f632bca7139f920436a0872eba72e7f706bb
PLPL3,2026-09-14,COTAHIST,acao_on,BRPLPLACNOR5,TPMERC=010; ESPECI=ON      NM,COTAHIST_D14092026.ZIP,9af50a6defc90890f6508a0bb1e7fcd98794a2773c506c2689117d82d65a840e
PLPL3,2026-09-18,BVBG.028.02,acao_on,BRPLPLACNOR5,SctyCtgy=11; Desc=PLANOEPLANO ON      NM; CFI=ESVUFR,IN260918.zip,826241f04d41c6a6a6d2aff614a6730b10e84788281971bc730e89da217c7173
PLPL3,2026-09-18,COTAHIST,acao_on,BRPLPLACNOR5,TPMERC=010; ESPECI=ON      NM,COTAHIST_D18092026.ZIP,dbb432658fac047210d385058d79f632bca7139f920436a0872eba72e7f706bb
PMAM3,2026-09-14,COTAHIST,acao_on,BRPMAMACNOR3,TPMERC=010; ESPECI=ON      NM,COTAHIST_D14092026.ZIP,9af50a6defc90890f6508a0bb1e7fcd98794a2773c506c2689117d82d65a840e
PMAM3,2026-09-18,BVBG.028.02,acao_on,BRPMAMACNOR3,SctyCtgy=11; Desc=PARANAPANEMAON      NM; CFI=ESVUFR,IN260918.zip,826241f04d41c6a6a6d2aff614a6730b10e84788281971bc730e89da217c7173
PMAM3,2026-09-18,COTAHIST,acao_on,BRPMAMACNOR3,TPMERC=010; ESPECI=ON      NM,COTAHIST_D18092026.ZIP,dbb432658fac047210d385058d79f632bca7139f920436a0872eba72e7f706bb
PNVL3,2026-09-14,COTAHIST,acao_on,BRPNVLACNOR9,TPMERC=010; ESPECI=ON      NM,COTAHIST_D14092026.ZIP,9af50a6defc90890f6508a0bb1e7fcd98794a2773c506c2689117d82d65a840e
PNVL3,2026-09-18,BVBG.028.02,acao_on,BRPNVLACNOR9,SctyCtgy=11; Desc=DIMED       ON      NM; CFI=ESVUFR,IN260918.zip,826241f04d41c6a6a6d2aff614a6730b10e84788281971bc730e89da217c7173
PNVL3,2026-09-18,COTAHIST,acao_on,BRPNVLACNOR9,TPMERC=010; ESPECI=ON      NM,COTAHIST_D18092026.ZIP,dbb432658fac047210d385058d79f632bca7139f920436a0872eba72e7f706bb
POMO3,2026-09-14,COTAHIST,acao_on,BRPOMOACNOR0,TPMERC=010; ESPECI=ON      N2,COTAHIST_D14092026.ZIP,9af50a6defc90890f6508a0bb1e7fcd98794a2773c506c2689117d82d65a840e
POMO3,2026-09-18,BVBG.028.02,acao_on,BRPOMOACNOR0,SctyCtgy=11; Desc=MARCOPOLO   ON      N2; CFI=ESVUFR,IN260918.zip,826241f04d41c6a6a6d2aff614a6730b10e84788281971bc730e89da217c7173
POMO3,2026-09-18,COTAHIST,acao_on,BRPOMOACNOR0,TPMERC=010; ESPECI=ON      N2,COTAHIST_D18092026.ZIP,dbb432658fac047210d385058d79f632bca7139f920436a0872eba72e7f706bb
POMO4,2026-09-14,COTAHIST,acao_pn,BRPOMOACNPR7,TPMERC=010; ESPECI=PN      N2,COTAHIST_D14092026.ZIP,9af50a6defc90890f6508a0bb1e7fcd98794a2773c506c2689117d82d65a840e
POMO4,2026-09-18,BVBG.028.02,acao_pn,BRPOMOACNPR7,SctyCtgy=11; Desc=MARCOPOLO   PN      N2; CFI=EPNNPR,IN260918.zip,826241f04d41c6a6a6d2aff614a6730b10e84788281971bc730e89da217c7173
POMO4,2026-09-18,COTAHIST,acao_pn,BRPOMOACNPR7,TPMERC=010; ESPECI=PN      N2,COTAHIST_D18092026.ZIP,dbb432658fac047210d385058d79f632bca7139f920436a0872eba72e7f706bb
POSI3,2026-09-14,COTAHIST,acao_on,BRPOSIACNOR9,TPMERC=010; ESPECI=ON      NM,COTAHIST_D14092026.ZIP,9af50a6defc90890f6508a0bb1e7fcd98794a2773c506c2689117d82d65a840e
POSI3,2026-09-18,BVBG.028.02,acao_on,BRPOSIACNOR9,SctyCtgy=11; Desc=POSITIVO TECON      NM; CFI=ESVUFR,IN260918.zip,826241f04d41c6a6a6d2aff614a6730b10e84788281971bc730e89da217c7173
POSI3,2026-09-18,COTAHIST,acao_on,BRPOSIACNOR9,TPMERC=010; ESPECI=ON      NM,COTAHIST_D18092026.ZIP,dbb432658fac047210d385058d79f632bca7139f920436a0872eba72e7f706bb
PRIO3,2026-09-14,COTAHIST,acao_on,BRPRIOACNOR1,TPMERC=010; ESPECI=ON      NM,COTAHIST_D14092026.ZIP,9af50a6defc90890f6508a0bb1e7fcd98794a2773c506c2689117d82d65a840e
PRIO3,2026-09-18,BVBG.028.02,acao_on,BRPRIOACNOR1,SctyCtgy=11; Desc=PRIO        ON      NM; CFI=ESVUFR,IN260918.zip,826241f04d41c6a6a6d2aff614a6730b10e84788281971bc730e89da217c7173
PRIO3,2026-09-18,COTAHIST,acao_on,BRPRIOACNOR1,TPMERC=010; ESPECI=ON      NM,COTAHIST_D18092026.ZIP,dbb432658fac047210d385058d79f632bca7139f920436a0872eba72e7f706bb
PRNR3,2026-09-14,COTAHIST,acao_on,BRPRNRACNOR4,TPMERC=010; ESPECI=ON      NM,COTAHIST_D14092026.ZIP,9af50a6defc90890f6508a0bb1e7fcd98794a2773c506c2689117d82d65a840e
PRNR3,2026-09-18,BVBG.028.02,acao_on,BRPRNRACNOR4,SctyCtgy=11; Desc=PRINER      ON      NM; CFI=ESVUFR,IN260918.zip,826241f04d41c6a6a6d2aff614a6730b10e84788281971bc730e89da217c7173
PRNR3,2026-09-18,COTAHIST,acao_on,BRPRNRACNOR4,TPMERC=010; ESPECI=ON      NM,COTAHIST_D18092026.ZIP,dbb432658fac047210d385058d79f632bca7139f920436a0872eba72e7f706bb
PSSA3,2026-09-14,COTAHIST,acao_on,BRPSSAACNOR7,TPMERC=010; ESPECI=ON      NM,COTAHIST_D14092026.ZIP,9af50a6defc90890f6508a0bb1e7fcd98794a2773c506c2689117d82d65a840e
PSSA3,2026-09-18,BVBG.028.02,acao_on,BRPSSAACNOR7,SctyCtgy=11; Desc=PORTO SEGUROON      NM; CFI=ESVUFR,IN260918.zip,826241f04d41c6a6a6d2aff614a6730b10e84788281971bc730e89da217c7173
PSSA3,2026-09-18,COTAHIST,acao_on,BRPSSAACNOR7,TPMERC=010; ESPECI=ON      NM,COTAHIST_D18092026.ZIP,dbb432658fac047210d385058d79f632bca7139f920436a0872eba72e7f706bb
PTBL3,2026-09-14,COTAHIST,acao_on,BRPTBLACNOR8,TPMERC=010; ESPECI=ON      NM,COTAHIST_D14092026.ZIP,9af50a6defc90890f6508a0bb1e7fcd98794a2773c506c2689117d82d65a840e
PTBL3,2026-09-18,BVBG.028.02,acao_on,BRPTBLACNOR8,SctyCtgy=11; Desc=PORTOBELLO  ON      NM; CFI=ESVUFR,IN260918.zip,826241f04d41c6a6a6d2aff614a6730b10e84788281971bc730e89da217c7173
PTBL3,2026-09-18,COTAHIST,acao_on,BRPTBLACNOR8,TPMERC=010; ESPECI=ON      NM,COTAHIST_D18092026.ZIP,dbb432658fac047210d385058d79f632bca7139f920436a0872eba72e7f706bb
QUAL3,2026-09-14,COTAHIST,acao_on,BRQUALACNOR6,TPMERC=010; ESPECI=ON      NM,COTAHIST_D14092026.ZIP,9af50a6defc90890f6508a0bb1e7fcd98794a2773c506c2689117d82d65a840e
QUAL3,2026-09-18,BVBG.028.02,acao_on,BRQUALACNOR6,SctyCtgy=11; Desc=QUALICORP   ON      NM; CFI=ESVUFR,IN260918.zip,826241f04d41c6a6a6d2aff614a6730b10e84788281971bc730e89da217c7173
QUAL3,2026-09-18,COTAHIST,acao_on,BRQUALACNOR6,TPMERC=010; ESPECI=ON      NM,COTAHIST_D18092026.ZIP,dbb432658fac047210d385058d79f632bca7139f920436a0872eba72e7f706bb
RADL3,2026-09-14,COTAHIST,acao_on,BRRADLACNOR0,TPMERC=010; ESPECI=ON      NM,COTAHIST_D14092026.ZIP,9af50a6defc90890f6508a0bb1e7fcd98794a2773c506c2689117d82d65a840e
RADL3,2026-09-18,BVBG.028.02,acao_on,BRRADLACNOR0,SctyCtgy=11; Desc=RAIADROGASILON      NM; CFI=ESVUFR,IN260918.zip,826241f04d41c6a6a6d2aff614a6730b10e84788281971bc730e89da217c7173
RADL3,2026-09-18,COTAHIST,acao_on,BRRADLACNOR0,TPMERC=010; ESPECI=ON      NM,COTAHIST_D18092026.ZIP,dbb432658fac047210d385058d79f632bca7139f920436a0872eba72e7f706bb
RAIL3,2026-09-14,COTAHIST,acao_on,BRRAILACNOR9,TPMERC=010; ESPECI=ON      NM,COTAHIST_D14092026.ZIP,9af50a6defc90890f6508a0bb1e7fcd98794a2773c506c2689117d82d65a840e
RAIL3,2026-09-18,BVBG.028.02,acao_on,BRRAILACNOR9,SctyCtgy=11; Desc=RUMO S.A.   ON      NM; CFI=ESVUFR,IN260918.zip,826241f04d41c6a6a6d2aff614a6730b10e84788281971bc730e89da217c7173
RAIL3,2026-09-18,COTAHIST,acao_on,BRRAILACNOR9,TPMERC=010; ESPECI=ON      NM,COTAHIST_D18092026.ZIP,dbb432658fac047210d385058d79f632bca7139f920436a0872eba72e7f706bb
RAIZ4,2026-09-14,COTAHIST,acao_pn,BRRAIZACNPR6,TPMERC=010; ESPECI=PN      N2,COTAHIST_D14092026.ZIP,9af50a6defc90890f6508a0bb1e7fcd98794a2773c506c2689117d82d65a840e
RAIZ4,2026-09-18,BVBG.028.02,acao_pn,BRRAIZACNPR6,SctyCtgy=11; Desc=RAIZEN      PN      N2; CFI=EPNNPR,IN260918.zip,826241f04d41c6a6a6d2aff614a6730b10e84788281971bc730e89da217c7173
RAIZ4,2026-09-18,COTAHIST,acao_pn,BRRAIZACNPR6,TPMERC=010; ESPECI=PN      N2,COTAHIST_D18092026.ZIP,dbb432658fac047210d385058d79f632bca7139f920436a0872eba72e7f706bb
RANI3,2026-09-14,COTAHIST,acao_on,BRRANIACNOR5,TPMERC=010; ESPECI=ON      NM,COTAHIST_D14092026.ZIP,9af50a6defc90890f6508a0bb1e7fcd98794a2773c506c2689117d82d65a840e
RANI3,2026-09-18,BVBG.028.02,acao_on,BRRANIACNOR5,SctyCtgy=11; Desc=IRANI       ON      NM; CFI=ESVUFR,IN260918.zip,826241f04d41c6a6a6d2aff614a6730b10e84788281971bc730e89da217c7173
RANI3,2026-09-18,COTAHIST,acao_on,BRRANIACNOR5,TPMERC=010; ESPECI=ON      NM,COTAHIST_D18092026.ZIP,dbb432658fac047210d385058d79f632bca7139f920436a0872eba72e7f706bb
RAPT3,2026-09-14,COTAHIST,acao_on,BRRAPTACNOR7,TPMERC=010; ESPECI=ON      N1,COTAHIST_D14092026.ZIP,9af50a6defc90890f6508a0bb1e7fcd98794a2773c506c2689117d82d65a840e
RAPT3,2026-09-18,BVBG.028.02,acao_on,BRRAPTACNOR7,SctyCtgy=11; Desc=RANDON PART ON      N1; CFI=ESVUFR,IN260918.zip,826241f04d41c6a6a6d2aff614a6730b10e84788281971bc730e89da217c7173
RAPT3,2026-09-18,COTAHIST,acao_on,BRRAPTACNOR7,TPMERC=010; ESPECI=ON      N1,COTAHIST_D18092026.ZIP,dbb432658fac047210d385058d79f632bca7139f920436a0872eba72e7f706bb
RAPT4,2026-09-14,COTAHIST,acao_pn,BRRAPTACNPR4,TPMERC=010; ESPECI=PN      N1,COTAHIST_D14092026.ZIP,9af50a6defc90890f6508a0bb1e7fcd98794a2773c506c2689117d82d65a840e
RAPT4,2026-09-18,BVBG.028.02,acao_pn,BRRAPTACNPR4,SctyCtgy=11; Desc=RANDON PART PN      N1; CFI=EPNNPR,IN260918.zip,826241f04d41c6a6a6d2aff614a6730b10e84788281971bc730e89da217c7173
RAPT4,2026-09-18,COTAHIST,acao_pn,BRRAPTACNPR4,TPMERC=010; ESPECI=PN      N1,COTAHIST_D18092026.ZIP,dbb432658fac047210d385058d79f632bca7139f920436a0872eba72e7f706bb
RCSL3,2026-09-14,COTAHIST,acao_on,BRRCSLACNOR4,TPMERC=010; ESPECI=ON,COTAHIST_D14092026.ZIP,9af50a6defc90890f6508a0bb1e7fcd98794a2773c506c2689117d82d65a840e
RCSL3,2026-09-18,BVBG.028.02,acao_on,BRRCSLACNOR4,SctyCtgy=11; Desc=RECRUSUL    ON; CFI=ESVUFR,IN260918.zip,826241f04d41c6a6a6d2aff614a6730b10e84788281971bc730e89da217c7173
RCSL3,2026-09-18,COTAHIST,acao_on,BRRCSLACNOR4,TPMERC=010; ESPECI=ON,COTAHIST_D18092026.ZIP,dbb432658fac047210d385058d79f632bca7139f920436a0872eba72e7f706bb
RCSL4,2026-09-14,COTAHIST,acao_pn,BRRCSLACNPR1,TPMERC=010; ESPECI=PN,COTAHIST_D14092026.ZIP,9af50a6defc90890f6508a0bb1e7fcd98794a2773c506c2689117d82d65a840e
RCSL4,2026-09-18,BVBG.028.02,acao_pn,BRRCSLACNPR1,SctyCtgy=11; Desc=RECRUSUL    PN; CFI=EPNNPR,IN260918.zip,826241f04d41c6a6a6d2aff614a6730b10e84788281971bc730e89da217c7173
RCSL4,2026-09-18,COTAHIST,acao_pn,BRRCSLACNPR1,TPMERC=010; ESPECI=PN,COTAHIST_D18092026.ZIP,dbb432658fac047210d385058d79f632bca7139f920436a0872eba72e7f706bb
RDOR3,2026-09-14,COTAHIST,acao_on,BRRDORACNOR8,TPMERC=010; ESPECI=ON      NM,COTAHIST_D14092026.ZIP,9af50a6defc90890f6508a0bb1e7fcd98794a2773c506c2689117d82d65a840e
RDOR3,2026-09-18,BVBG.028.02,acao_on,BRRDORACNOR8,SctyCtgy=11; Desc=REDE D OR   ON      NM; CFI=ESVUFR,IN260918.zip,826241f04d41c6a6a6d2aff614a6730b10e84788281971bc730e89da217c7173
RDOR3,2026-09-18,COTAHIST,acao_on,BRRDORACNOR8,TPMERC=010; ESPECI=ON      NM,COTAHIST_D18092026.ZIP,dbb432658fac047210d385058d79f632bca7139f920436a0872eba72e7f706bb
RECV3,2026-09-14,COTAHIST,acao_on,BRRECVACNOR3,TPMERC=010; ESPECI=ON      NM,COTAHIST_D14092026.ZIP,9af50a6defc90890f6508a0bb1e7fcd98794a2773c506c2689117d82d65a840e
RECV3,2026-09-18,BVBG.028.02,acao_on,BRRECVACNOR3,SctyCtgy=11; Desc=PETRORECSA  ON      NM; CFI=ESVUFR,IN260918.zip,826241f04d41c6a6a6d2aff614a6730b10e84788281971bc730e89da217c7173
RECV3,2026-09-18,COTAHIST,acao_on,BRRECVACNOR3,TPMERC=010; ESPECI=ON      NM,COTAHIST_D18092026.ZIP,dbb432658fac047210d385058d79f632bca7139f920436a0872eba72e7f706bb
REDE3,2026-09-14,COTAHIST,acao_on,BRREDEACNOR7,TPMERC=010; ESPECI=ON,COTAHIST_D14092026.ZIP,9af50a6defc90890f6508a0bb1e7fcd98794a2773c506c2689117d82d65a840e
REDE3,2026-09-18,BVBG.028.02,acao_on,BRREDEACNOR7,SctyCtgy=11; Desc=REDE ENERGIAON; CFI=ESVUFR,IN260918.zip,826241f04d41c6a6a6d2aff614a6730b10e84788281971bc730e89da217c7173
REDE3,2026-09-18,COTAHIST,acao_on,BRREDEACNOR7,TPMERC=010; ESPECI=ON,COTAHIST_D18092026.ZIP,dbb432658fac047210d385058d79f632bca7139f920436a0872eba72e7f706bb
RENT3,2026-09-14,COTAHIST,acao_on,BRRENTACNOR4,TPMERC=010; ESPECI=ON      NM,COTAHIST_D14092026.ZIP,9af50a6defc90890f6508a0bb1e7fcd98794a2773c506c2689117d82d65a840e
RENT3,2026-09-18,BVBG.028.02,acao_on,BRRENTACNOR4,SctyCtgy=11; Desc=LOCALIZA    ON      NM; CFI=ESVUFR,IN260918.zip,826241f04d41c6a6a6d2aff614a6730b10e84788281971bc730e89da217c7173
RENT3,2026-09-18,COTAHIST,acao_on,BRRENTACNOR4,TPMERC=010; ESPECI=ON      NM,COTAHIST_D18092026.ZIP,dbb432658fac047210d385058d79f632bca7139f920436a0872eba72e7f706bb
RENT4,2026-09-14,COTAHIST,acao_pn,BRRENTACNPR1,TPMERC=010; ESPECI=PN      NM,COTAHIST_D14092026.ZIP,9af50a6defc90890f6508a0bb1e7fcd98794a2773c506c2689117d82d65a840e
RENT4,2026-09-18,BVBG.028.02,acao_pn,BRRENTACNPR1,SctyCtgy=11; Desc=LOCALIZA    PN      NM; CFI=EPNNPR,IN260918.zip,826241f04d41c6a6a6d2aff614a6730b10e84788281971bc730e89da217c7173
RENT4,2026-09-18,COTAHIST,acao_pn,BRRENTACNPR1,TPMERC=010; ESPECI=PN      NM,COTAHIST_D18092026.ZIP,dbb432658fac047210d385058d79f632bca7139f920436a0872eba72e7f706bb
RIAA3,2026-09-14,COTAHIST,acao_on,BRRIAAACNOR2,TPMERC=010; ESPECI=ON      NM,COTAHIST_D14092026.ZIP,9af50a6defc90890f6508a0bb1e7fcd98794a2773c506c2689117d82d65a840e
RIAA3,2026-09-18,BVBG.028.02,acao_on,BRRIAAACNOR2,SctyCtgy=11; Desc=RIACHUELO   ON      NM; CFI=ESVUFR,IN260918.zip,826241f04d41c6a6a6d2aff614a6730b10e84788281971bc730e89da217c7173
RIAA3,2026-09-18,COTAHIST,acao_on,BRRIAAACNOR2,TPMERC=010; ESPECI=ON      NM,COTAHIST_D18092026.ZIP,dbb432658fac047210d385058d79f632bca7139f920436a0872eba72e7f706bb
RNEW3,2026-09-14,COTAHIST,acao_on,BRRNEWACNOR8,TPMERC=010; ESPECI=ON      N2,COTAHIST_D14092026.ZIP,9af50a6defc90890f6508a0bb1e7fcd98794a2773c506c2689117d82d65a840e
RNEW3,2026-09-18,BVBG.028.02,acao_on,BRRNEWACNOR8,SctyCtgy=11; Desc=RENOVA      ON      N2; CFI=ESVUFR,IN260918.zip,826241f04d41c6a6a6d2aff614a6730b10e84788281971bc730e89da217c7173
RNEW3,2026-09-18,COTAHIST,acao_on,BRRNEWACNOR8,TPMERC=010; ESPECI=ON      N2,COTAHIST_D18092026.ZIP,dbb432658fac047210d385058d79f632bca7139f920436a0872eba72e7f706bb
RNEW4,2026-09-14,COTAHIST,acao_pn,BRRNEWACNPR5,TPMERC=010; ESPECI=PN      N2,COTAHIST_D14092026.ZIP,9af50a6defc90890f6508a0bb1e7fcd98794a2773c506c2689117d82d65a840e
RNEW4,2026-09-18,BVBG.028.02,acao_pn,BRRNEWACNPR5,SctyCtgy=11; Desc=RENOVA      PN      N2; CFI=EPNNPR,IN260918.zip,826241f04d41c6a6a6d2aff614a6730b10e84788281971bc730e89da217c7173
RNEW4,2026-09-18,COTAHIST,acao_pn,BRRNEWACNPR5,TPMERC=010; ESPECI=PN      N2,COTAHIST_D18092026.ZIP,dbb432658fac047210d385058d79f632bca7139f920436a0872eba72e7f706bb
ROMI3,2026-09-14,COTAHIST,acao_on,BRROMIACNOR8,TPMERC=010; ESPECI=ON      NM,COTAHIST_D14092026.ZIP,9af50a6defc90890f6508a0bb1e7fcd98794a2773c506c2689117d82d65a840e
ROMI3,2026-09-18,BVBG.028.02,acao_on,BRROMIACNOR8,SctyCtgy=11; Desc=ROMI        ON      NM; CFI=ESVUFR,IN260918.zip,826241f04d41c6a6a6d2aff614a6730b10e84788281971bc730e89da217c7173
ROMI3,2026-09-18,COTAHIST,acao_on,BRROMIACNOR8,TPMERC=010; ESPECI=ON      NM,COTAHIST_D18092026.ZIP,dbb432658fac047210d385058d79f632bca7139f920436a0872eba72e7f706bb
RSUL4,2026-09-14,COTAHIST,acao_pn,BRRSULACNPR3,TPMERC=010; ESPECI=PN,COTAHIST_D14092026.ZIP,9af50a6defc90890f6508a0bb1e7fcd98794a2773c506c2689117d82d65a840e
RSUL4,2026-09-18,BVBG.028.02,acao_pn,BRRSULACNPR3,SctyCtgy=11; Desc=RIOSULENSE  PN; CFI=EPNNPR,IN260918.zip,826241f04d41c6a6a6d2aff614a6730b10e84788281971bc730e89da217c7173
RSUL4,2026-09-18,COTAHIST,acao_pn,BRRSULACNPR3,TPMERC=010; ESPECI=PN,COTAHIST_D18092026.ZIP,dbb432658fac047210d385058d79f632bca7139f920436a0872eba72e7f706bb
SANB11,2026-09-14,COTAHIST,unit,BRSANBCDAM13,TPMERC=010; ESPECI=UNT,COTAHIST_D14092026.ZIP,9af50a6defc90890f6508a0bb1e7fcd98794a2773c506c2689117d82d65a840e
SANB11,2026-09-18,BVBG.028.02,unit,BRSANBCDAM13,SctyCtgy=13; Desc=SANTANDER BRUNT; CFI=EMXXXR,IN260918.zip,826241f04d41c6a6a6d2aff614a6730b10e84788281971bc730e89da217c7173
SANB11,2026-09-18,COTAHIST,unit,BRSANBCDAM13,TPMERC=010; ESPECI=UNT,COTAHIST_D18092026.ZIP,dbb432658fac047210d385058d79f632bca7139f920436a0872eba72e7f706bb
SANB3,2026-09-14,COTAHIST,acao_on,BRSANBACNOR8,TPMERC=010; ESPECI=ON,COTAHIST_D14092026.ZIP,9af50a6defc90890f6508a0bb1e7fcd98794a2773c506c2689117d82d65a840e
SANB3,2026-09-18,BVBG.028.02,acao_on,BRSANBACNOR8,SctyCtgy=11; Desc=SANTANDER BRON; CFI=ESVUFR,IN260918.zip,826241f04d41c6a6a6d2aff614a6730b10e84788281971bc730e89da217c7173
SANB3,2026-09-18,COTAHIST,acao_on,BRSANBACNOR8,TPMERC=010; ESPECI=ON,COTAHIST_D18092026.ZIP,dbb432658fac047210d385058d79f632bca7139f920436a0872eba72e7f706bb
SANB4,2026-09-14,COTAHIST,acao_pn,BRSANBACNPR5,TPMERC=010; ESPECI=PN,COTAHIST_D14092026.ZIP,9af50a6defc90890f6508a0bb1e7fcd98794a2773c506c2689117d82d65a840e
SANB4,2026-09-18,BVBG.028.02,acao_pn,BRSANBACNPR5,SctyCtgy=11; Desc=SANTANDER BRPN; CFI=EPNNPR,IN260918.zip,826241f04d41c6a6a6d2aff614a6730b10e84788281971bc730e89da217c7173
SANB4,2026-09-18,COTAHIST,acao_pn,BRSANBACNPR5,TPMERC=010; ESPECI=PN,COTAHIST_D18092026.ZIP,dbb432658fac047210d385058d79f632bca7139f920436a0872eba72e7f706bb
SAPR11,2026-09-14,COTAHIST,unit,BRSAPRCDAM13,TPMERC=010; ESPECI=UNT     N2,COTAHIST_D14092026.ZIP,9af50a6defc90890f6508a0bb1e7fcd98794a2773c506c2689117d82d65a840e
SAPR11,2026-09-18,BVBG.028.02,unit,BRSAPRCDAM13,SctyCtgy=13; Desc=SANEPAR     UNT     N2; CFI=EMXXXR,IN260918.zip,826241f04d41c6a6a6d2aff614a6730b10e84788281971bc730e89da217c7173
SAPR11,2026-09-18,COTAHIST,unit,BRSAPRCDAM13,TPMERC=010; ESPECI=UNT     N2,COTAHIST_D18092026.ZIP,dbb432658fac047210d385058d79f632bca7139f920436a0872eba72e7f706bb
SAPR3,2026-09-14,COTAHIST,acao_on,BRSAPRACNOR9,TPMERC=010; ESPECI=ON      N2,COTAHIST_D14092026.ZIP,9af50a6defc90890f6508a0bb1e7fcd98794a2773c506c2689117d82d65a840e
SAPR3,2026-09-18,BVBG.028.02,acao_on,BRSAPRACNOR9,SctyCtgy=11; Desc=SANEPAR     ON      N2; CFI=ESVUFR,IN260918.zip,826241f04d41c6a6a6d2aff614a6730b10e84788281971bc730e89da217c7173
SAPR3,2026-09-18,COTAHIST,acao_on,BRSAPRACNOR9,TPMERC=010; ESPECI=ON      N2,COTAHIST_D18092026.ZIP,dbb432658fac047210d385058d79f632bca7139f920436a0872eba72e7f706bb
SAPR4,2026-09-14,COTAHIST,acao_pn,BRSAPRACNPR6,TPMERC=010; ESPECI=PN      N2,COTAHIST_D14092026.ZIP,9af50a6defc90890f6508a0bb1e7fcd98794a2773c506c2689117d82d65a840e
SAPR4,2026-09-18,BVBG.028.02,acao_pn,BRSAPRACNPR6,SctyCtgy=11; Desc=SANEPAR     PN      N2; CFI=EPNNPR,IN260918.zip,826241f04d41c6a6a6d2aff614a6730b10e84788281971bc730e89da217c7173
SAPR4,2026-09-18,COTAHIST,acao_pn,BRSAPRACNPR6,TPMERC=010; ESPECI=PN      N2,COTAHIST_D18092026.ZIP,dbb432658fac047210d385058d79f632bca7139f920436a0872eba72e7f706bb
SAUD3,2026-09-14,COTAHIST,acao_on,BRSAUDACNOR9,TPMERC=010; ESPECI=ON      NM,COTAHIST_D14092026.ZIP,9af50a6defc90890f6508a0bb1e7fcd98794a2773c506c2689117d82d65a840e
SAUD3,2026-09-18,BVBG.028.02,acao_on,BRSAUDACNOR9,SctyCtgy=11; Desc=BRADSAUDE   ON      NM; CFI=ESVUFR,IN260918.zip,826241f04d41c6a6a6d2aff614a6730b10e84788281971bc730e89da217c7173
SAUD3,2026-09-18,COTAHIST,acao_on,BRSAUDACNOR9,TPMERC=010; ESPECI=ON      NM,COTAHIST_D18092026.ZIP,dbb432658fac047210d385058d79f632bca7139f920436a0872eba72e7f706bb
SBFG3,2026-09-14,COTAHIST,acao_on,BRSBFGACNOR1,TPMERC=010; ESPECI=ON      NM,COTAHIST_D14092026.ZIP,9af50a6defc90890f6508a0bb1e7fcd98794a2773c506c2689117d82d65a840e
SBFG3,2026-09-18,BVBG.028.02,acao_on,BRSBFGACNOR1,SctyCtgy=11; Desc=GRUPO SBF   ON      NM; CFI=ESVUFR,IN260918.zip,826241f04d41c6a6a6d2aff614a6730b10e84788281971bc730e89da217c7173
SBFG3,2026-09-18,COTAHIST,acao_on,BRSBFGACNOR1,TPMERC=010; ESPECI=ON      NM,COTAHIST_D18092026.ZIP,dbb432658fac047210d385058d79f632bca7139f920436a0872eba72e7f706bb
SBSP3,2026-09-14,COTAHIST,acao_on,BRSBSPACNOR5,TPMERC=010; ESPECI=ON      NM,COTAHIST_D14092026.ZIP,9af50a6defc90890f6508a0bb1e7fcd98794a2773c506c2689117d82d65a840e
SBSP3,2026-09-18,BVBG.028.02,acao_on,BRSBSPACNOR5,SctyCtgy=11; Desc=SABESP      ON      NM; CFI=ESVUFR,IN260918.zip,826241f04d41c6a6a6d2aff614a6730b10e84788281971bc730e89da217c7173
SBSP3,2026-09-18,COTAHIST,acao_on,BRSBSPACNOR5,TPMERC=010; ESPECI=ON      NM,COTAHIST_D18092026.ZIP,dbb432658fac047210d385058d79f632bca7139f920436a0872eba72e7f706bb
SCAR3,2026-09-14,COTAHIST,acao_on,BRSCARACNOR7,TPMERC=010; ESPECI=ON      NM,COTAHIST_D14092026.ZIP,9af50a6defc90890f6508a0bb1e7fcd98794a2773c506c2689117d82d65a840e
SCAR3,2026-09-18,BVBG.028.02,acao_on,BRSCARACNOR7,SctyCtgy=11; Desc=SAO CARLOS  ON      NM; CFI=ESVUFR,IN260918.zip,826241f04d41c6a6a6d2aff614a6730b10e84788281971bc730e89da217c7173
SCAR3,2026-09-18,COTAHIST,acao_on,BRSCARACNOR7,TPMERC=010; ESPECI=ON      NM,COTAHIST_D18092026.ZIP,dbb432658fac047210d385058d79f632bca7139f920436a0872eba72e7f706bb
SEER3,2026-09-14,COTAHIST,acao_on,BRSEERACNOR5,TPMERC=010; ESPECI=ON      NM,COTAHIST_D14092026.ZIP,9af50a6defc90890f6508a0bb1e7fcd98794a2773c506c2689117d82d65a840e
SEER3,2026-09-18,BVBG.028.02,acao_on,BRSEERACNOR5,SctyCtgy=11; Desc=SER EDUCA   ON      NM; CFI=ESVUFR,IN260918.zip,826241f04d41c6a6a6d2aff614a6730b10e84788281971bc730e89da217c7173
SEER3,2026-09-18,COTAHIST,acao_on,BRSEERACNOR5,TPMERC=010; ESPECI=ON      NM,COTAHIST_D18092026.ZIP,dbb432658fac047210d385058d79f632bca7139f920436a0872eba72e7f706bb
SEQL3,2026-09-14,COTAHIST,acao_on,BRSEQLACNOR2,TPMERC=010; ESPECI=ON      NM,COTAHIST_D14092026.ZIP,9af50a6defc90890f6508a0bb1e7fcd98794a2773c506c2689117d82d65a840e
SEQL3,2026-09-18,BVBG.028.02,acao_on,BRSEQLACNOR2,SctyCtgy=11; Desc=SEQUOIA LOG ON      NM; CFI=ESVUFR,IN260918.zip,826241f04d41c6a6a6d2aff614a6730b10e84788281971bc730e89da217c7173
SEQL3,2026-09-18,COTAHIST,acao_on,BRSEQLACNOR2,TPMERC=010; ESPECI=ON      NM,COTAHIST_D18092026.ZIP,dbb432658fac047210d385058d79f632bca7139f920436a0872eba72e7f706bb
SHUL4,2026-09-14,COTAHIST,acao_pn,BRSHULACNPR4,TPMERC=010; ESPECI=PN,COTAHIST_D14092026.ZIP,9af50a6defc90890f6508a0bb1e7fcd98794a2773c506c2689117d82d65a840e
SHUL4,2026-09-18,BVBG.028.02,acao_pn,BRSHULACNPR4,SctyCtgy=11; Desc=SCHULZ      PN; CFI=EPNNPR,IN260918.zip,826241f04d41c6a6a6d2aff614a6730b10e84788281971bc730e89da217c7173
SHUL4,2026-09-18,COTAHIST,acao_pn,BRSHULACNPR4,TPMERC=010; ESPECI=PN,COTAHIST_D18092026.ZIP,dbb432658fac047210d385058d79f632bca7139f920436a0872eba72e7f706bb
SIMH3,2026-09-14,COTAHIST,acao_on,BRSIMHACNOR0,TPMERC=010; ESPECI=ON      NM,COTAHIST_D14092026.ZIP,9af50a6defc90890f6508a0bb1e7fcd98794a2773c506c2689117d82d65a840e
SIMH3,2026-09-18,BVBG.028.02,acao_on,BRSIMHACNOR0,SctyCtgy=11; Desc=SIMPAR      ON      NM; CFI=ESVUFR,IN260918.zip,826241f04d41c6a6a6d2aff614a6730b10e84788281971bc730e89da217c7173
SIMH3,2026-09-18,COTAHIST,acao_on,BRSIMHACNOR0,TPMERC=010; ESPECI=ON      NM,COTAHIST_D18092026.ZIP,dbb432658fac047210d385058d79f632bca7139f920436a0872eba72e7f706bb
SLCE3,2026-09-14,COTAHIST,acao_on,BRSLCEACNOR2,TPMERC=010; ESPECI=ON      NM,COTAHIST_D14092026.ZIP,9af50a6defc90890f6508a0bb1e7fcd98794a2773c506c2689117d82d65a840e
SLCE3,2026-09-18,BVBG.028.02,acao_on,BRSLCEACNOR2,SctyCtgy=11; Desc=SLC AGRICOLAON      NM; CFI=ESVUFR,IN260918.zip,826241f04d41c6a6a6d2aff614a6730b10e84788281971bc730e89da217c7173
SLCE3,2026-09-18,COTAHIST,acao_on,BRSLCEACNOR2,TPMERC=010; ESPECI=ON      NM,COTAHIST_D18092026.ZIP,dbb432658fac047210d385058d79f632bca7139f920436a0872eba72e7f706bb
SMFT3,2026-09-14,COTAHIST,acao_on,BRSMFTACNOR1,TPMERC=010; ESPECI=ON  EJ  NM,COTAHIST_D14092026.ZIP,9af50a6defc90890f6508a0bb1e7fcd98794a2773c506c2689117d82d65a840e
SMFT3,2026-09-18,BVBG.028.02,acao_on,BRSMFTACNOR1,SctyCtgy=11; Desc=SMART FIT   ON      NM; CFI=ESVUFR,IN260918.zip,826241f04d41c6a6a6d2aff614a6730b10e84788281971bc730e89da217c7173
SMFT3,2026-09-18,COTAHIST,acao_on,BRSMFTACNOR1,TPMERC=010; ESPECI=ON      NM,COTAHIST_D18092026.ZIP,dbb432658fac047210d385058d79f632bca7139f920436a0872eba72e7f706bb
SMTO3,2026-09-14,COTAHIST,acao_on,BRSMTOACNOR3,TPMERC=010; ESPECI=ON      NM,COTAHIST_D14092026.ZIP,9af50a6defc90890f6508a0bb1e7fcd98794a2773c506c2689117d82d65a840e
SMTO3,2026-09-18,BVBG.028.02,acao_on,BRSMTOACNOR3,SctyCtgy=11; Desc=SAO MARTINHOON      NM; CFI=ESVUFR,IN260918.zip,826241f04d41c6a6a6d2aff614a6730b10e84788281971bc730e89da217c7173
SMTO3,2026-09-18,COTAHIST,acao_on,BRSMTOACNOR3,TPMERC=010; ESPECI=ON      NM,COTAHIST_D18092026.ZIP,dbb432658fac047210d385058d79f632bca7139f920436a0872eba72e7f706bb
SNSY5,2026-09-14,COTAHIST,acao_pn,BRSNSYACNPA5,TPMERC=010; ESPECI=PNA,COTAHIST_D14092026.ZIP,9af50a6defc90890f6508a0bb1e7fcd98794a2773c506c2689117d82d65a840e
SNSY5,2026-09-18,BVBG.028.02,acao_pn,BRSNSYACNPA5,SctyCtgy=11; Desc=SANSUY      PNA; CFI=EPNNPR,IN260918.zip,826241f04d41c6a6a6d2aff614a6730b10e84788281971bc730e89da217c7173
SNSY5,2026-09-18,COTAHIST,acao_pn,BRSNSYACNPA5,TPMERC=010; ESPECI=PNA,COTAHIST_D18092026.ZIP,dbb432658fac047210d385058d79f632bca7139f920436a0872eba72e7f706bb
SOJA3,2026-09-14,COTAHIST,acao_on,BRSOJAACNOR9,TPMERC=010; ESPECI=ON      NM,COTAHIST_D14092026.ZIP,9af50a6defc90890f6508a0bb1e7fcd98794a2773c506c2689117d82d65a840e
SOJA3,2026-09-18,BVBG.028.02,acao_on,BRSOJAACNOR9,SctyCtgy=11; Desc=BOA SAFRA   ON      NM; CFI=ESVUFR,IN260918.zip,826241f04d41c6a6a6d2aff614a6730b10e84788281971bc730e89da217c7173
SOJA3,2026-09-18,COTAHIST,acao_on,BRSOJAACNOR9,TPMERC=010; ESPECI=ON      NM,COTAHIST_D18092026.ZIP,dbb432658fac047210d385058d79f632bca7139f920436a0872eba72e7f706bb
SUZB3,2026-09-14,COTAHIST,acao_on,BRSUZBACNOR0,TPMERC=010; ESPECI=ON      NM,COTAHIST_D14092026.ZIP,9af50a6defc90890f6508a0bb1e7fcd98794a2773c506c2689117d82d65a840e
SUZB3,2026-09-18,BVBG.028.02,acao_on,BRSUZBACNOR0,SctyCtgy=11; Desc=SUZANO S.A. ON      NM; CFI=ESVUFR,IN260918.zip,826241f04d41c6a6a6d2aff614a6730b10e84788281971bc730e89da217c7173
SUZB3,2026-09-18,COTAHIST,acao_on,BRSUZBACNOR0,TPMERC=010; ESPECI=ON      NM,COTAHIST_D18092026.ZIP,dbb432658fac047210d385058d79f632bca7139f920436a0872eba72e7f706bb
SYNE3,2026-09-14,COTAHIST,acao_on,BRSYNEACNOR2,TPMERC=010; ESPECI=ON      NM,COTAHIST_D14092026.ZIP,9af50a6defc90890f6508a0bb1e7fcd98794a2773c506c2689117d82d65a840e
SYNE3,2026-09-18,BVBG.028.02,acao_on,BRSYNEACNOR2,SctyCtgy=11; Desc=SYN PROP TECON      NM; CFI=ESVUFR,IN260918.zip,826241f04d41c6a6a6d2aff614a6730b10e84788281971bc730e89da217c7173
SYNE3,2026-09-18,COTAHIST,acao_on,BRSYNEACNOR2,TPMERC=010; ESPECI=ON      NM,COTAHIST_D18092026.ZIP,dbb432658fac047210d385058d79f632bca7139f920436a0872eba72e7f706bb
TAEE11,2026-09-14,COTAHIST,unit,BRTAEECDAM10,TPMERC=010; ESPECI=UNT     N2,COTAHIST_D14092026.ZIP,9af50a6defc90890f6508a0bb1e7fcd98794a2773c506c2689117d82d65a840e
TAEE11,2026-09-18,BVBG.028.02,unit,BRTAEECDAM10,SctyCtgy=13; Desc=TAESA       UNT     N2; CFI=EMXXXR,IN260918.zip,826241f04d41c6a6a6d2aff614a6730b10e84788281971bc730e89da217c7173
TAEE11,2026-09-18,COTAHIST,unit,BRTAEECDAM10,TPMERC=010; ESPECI=UNT     N2,COTAHIST_D18092026.ZIP,dbb432658fac047210d385058d79f632bca7139f920436a0872eba72e7f706bb
TAEE3,2026-09-14,COTAHIST,acao_on,BRTAEEACNOR9,TPMERC=010; ESPECI=ON      N2,COTAHIST_D14092026.ZIP,9af50a6defc90890f6508a0bb1e7fcd98794a2773c506c2689117d82d65a840e
TAEE3,2026-09-18,BVBG.028.02,acao_on,BRTAEEACNOR9,SctyCtgy=11; Desc=TAESA       ON      N2; CFI=ESVUFR,IN260918.zip,826241f04d41c6a6a6d2aff614a6730b10e84788281971bc730e89da217c7173
TAEE3,2026-09-18,COTAHIST,acao_on,BRTAEEACNOR9,TPMERC=010; ESPECI=ON      N2,COTAHIST_D18092026.ZIP,dbb432658fac047210d385058d79f632bca7139f920436a0872eba72e7f706bb
TAEE4,2026-09-14,COTAHIST,acao_pn,BRTAEEACNPR6,TPMERC=010; ESPECI=PN      N2,COTAHIST_D14092026.ZIP,9af50a6defc90890f6508a0bb1e7fcd98794a2773c506c2689117d82d65a840e
TAEE4,2026-09-18,BVBG.028.02,acao_pn,BRTAEEACNPR6,SctyCtgy=11; Desc=TAESA       PN      N2; CFI=EPNNPR,IN260918.zip,826241f04d41c6a6a6d2aff614a6730b10e84788281971bc730e89da217c7173
TAEE4,2026-09-18,COTAHIST,acao_pn,BRTAEEACNPR6,TPMERC=010; ESPECI=PN      N2,COTAHIST_D18092026.ZIP,dbb432658fac047210d385058d79f632bca7139f920436a0872eba72e7f706bb
TASA3,2026-09-14,COTAHIST,acao_on,BRTASAACNOR7,TPMERC=010; ESPECI=ON      N2,COTAHIST_D14092026.ZIP,9af50a6defc90890f6508a0bb1e7fcd98794a2773c506c2689117d82d65a840e
TASA3,2026-09-18,BVBG.028.02,acao_on,BRTASAACNOR7,SctyCtgy=11; Desc=TAURUS ARMASON      N2; CFI=ESVUFR,IN260918.zip,826241f04d41c6a6a6d2aff614a6730b10e84788281971bc730e89da217c7173
TASA3,2026-09-18,COTAHIST,acao_on,BRTASAACNOR7,TPMERC=010; ESPECI=ON      N2,COTAHIST_D18092026.ZIP,dbb432658fac047210d385058d79f632bca7139f920436a0872eba72e7f706bb
TASA4,2026-09-14,COTAHIST,acao_pn,BRTASAACNPR4,TPMERC=010; ESPECI=PN      N2,COTAHIST_D14092026.ZIP,9af50a6defc90890f6508a0bb1e7fcd98794a2773c506c2689117d82d65a840e
TASA4,2026-09-18,BVBG.028.02,acao_pn,BRTASAACNPR4,SctyCtgy=11; Desc=TAURUS ARMASPN      N2; CFI=EPNNPR,IN260918.zip,826241f04d41c6a6a6d2aff614a6730b10e84788281971bc730e89da217c7173
TASA4,2026-09-18,COTAHIST,acao_pn,BRTASAACNPR4,TPMERC=010; ESPECI=PN      N2,COTAHIST_D18092026.ZIP,dbb432658fac047210d385058d79f632bca7139f920436a0872eba72e7f706bb
TCSA3,2026-09-14,COTAHIST,acao_on,BRTCSAACNOR3,TPMERC=010; ESPECI=ON      NM,COTAHIST_D14092026.ZIP,9af50a6defc90890f6508a0bb1e7fcd98794a2773c506c2689117d82d65a840e
TCSA3,2026-09-18,BVBG.028.02,acao_on,BRTCSAACNOR3,SctyCtgy=11; Desc=TECNISA     ON      NM; CFI=ESVUFR,IN260918.zip,826241f04d41c6a6a6d2aff614a6730b10e84788281971bc730e89da217c7173
TCSA3,2026-09-18,COTAHIST,acao_on,BRTCSAACNOR3,TPMERC=010; ESPECI=ON      NM,COTAHIST_D18092026.ZIP,dbb432658fac047210d385058d79f632bca7139f920436a0872eba72e7f706bb
TECN3,2026-09-14,COTAHIST,acao_on,BRTECNACNOR6,TPMERC=010; ESPECI=ON      NM,COTAHIST_D14092026.ZIP,9af50a6defc90890f6508a0bb1e7fcd98794a2773c506c2689117d82d65a840e
TECN3,2026-09-18,BVBG.028.02,acao_on,BRTECNACNOR6,SctyCtgy=11; Desc=TECHNOS     ON      NM; CFI=ESVUFR,IN260918.zip,826241f04d41c6a6a6d2aff614a6730b10e84788281971bc730e89da217c7173
TECN3,2026-09-18,COTAHIST,acao_on,BRTECNACNOR6,TPMERC=010; ESPECI=ON      NM,COTAHIST_D18092026.ZIP,dbb432658fac047210d385058d79f632bca7139f920436a0872eba72e7f706bb
TEND3,2026-09-14,COTAHIST,acao_on,BRTENDACNOR4,TPMERC=010; ESPECI=ON      NM,COTAHIST_D14092026.ZIP,9af50a6defc90890f6508a0bb1e7fcd98794a2773c506c2689117d82d65a840e
TEND3,2026-09-18,BVBG.028.02,acao_on,BRTENDACNOR4,SctyCtgy=11; Desc=TENDA       ON      NM; CFI=ESVUFR,IN260918.zip,826241f04d41c6a6a6d2aff614a6730b10e84788281971bc730e89da217c7173
TEND3,2026-09-18,COTAHIST,acao_on,BRTENDACNOR4,TPMERC=010; ESPECI=ON      NM,COTAHIST_D18092026.ZIP,dbb432658fac047210d385058d79f632bca7139f920436a0872eba72e7f706bb
TFCO4,2026-09-14,COTAHIST,acao_pn,BRTFCOACNPR8,TPMERC=010; ESPECI=PN      N2,COTAHIST_D14092026.ZIP,9af50a6defc90890f6508a0bb1e7fcd98794a2773c506c2689117d82d65a840e
TFCO4,2026-09-18,BVBG.028.02,acao_pn,BRTFCOACNPR8,SctyCtgy=11; Desc=TRACK FIELD PN      N2; CFI=EPRNPR,IN260918.zip,826241f04d41c6a6a6d2aff614a6730b10e84788281971bc730e89da217c7173
TFCO4,2026-09-18,COTAHIST,acao_pn,BRTFCOACNPR8,TPMERC=010; ESPECI=PN      N2,COTAHIST_D18092026.ZIP,dbb432658fac047210d385058d79f632bca7139f920436a0872eba72e7f706bb
TGMA3,2026-09-14,COTAHIST,acao_on,BRTGMAACNOR7,TPMERC=010; ESPECI=ON      NM,COTAHIST_D14092026.ZIP,9af50a6defc90890f6508a0bb1e7fcd98794a2773c506c2689117d82d65a840e
TGMA3,2026-09-18,BVBG.028.02,acao_on,BRTGMAACNOR7,SctyCtgy=11; Desc=TEGMA       ON      NM; CFI=ESVUFR,IN260918.zip,826241f04d41c6a6a6d2aff614a6730b10e84788281971bc730e89da217c7173
TGMA3,2026-09-18,COTAHIST,acao_on,BRTGMAACNOR7,TPMERC=010; ESPECI=ON      NM,COTAHIST_D18092026.ZIP,dbb432658fac047210d385058d79f632bca7139f920436a0872eba72e7f706bb
TIMS3,2026-09-14,COTAHIST,acao_on,BRTIMSACNOR5,TPMERC=010; ESPECI=ON      NM,COTAHIST_D14092026.ZIP,9af50a6defc90890f6508a0bb1e7fcd98794a2773c506c2689117d82d65a840e
TIMS3,2026-09-18,BVBG.028.02,acao_on,BRTIMSACNOR5,SctyCtgy=11; Desc=TIM         ON      NM; CFI=ESVUFR,IN260918.zip,826241f04d41c6a6a6d2aff614a6730b10e84788281971bc730e89da217c7173
TIMS3,2026-09-18,COTAHIST,acao_on,BRTIMSACNOR5,TPMERC=010; ESPECI=ON      NM,COTAHIST_D18092026.ZIP,dbb432658fac047210d385058d79f632bca7139f920436a0872eba72e7f706bb
TOKY3,2026-09-14,COTAHIST,acao_on,BRTOKYACNOR5,TPMERC=010; ESPECI=ON      NM,COTAHIST_D14092026.ZIP,9af50a6defc90890f6508a0bb1e7fcd98794a2773c506c2689117d82d65a840e
TOKY3,2026-09-18,BVBG.028.02,acao_on,BRTOKYACNOR5,SctyCtgy=11; Desc=GRUPO TOKY  ON      NM; CFI=ESVUFR,IN260918.zip,826241f04d41c6a6a6d2aff614a6730b10e84788281971bc730e89da217c7173
TOKY3,2026-09-18,COTAHIST,acao_on,BRTOKYACNOR5,TPMERC=010; ESPECI=ON      NM,COTAHIST_D18092026.ZIP,dbb432658fac047210d385058d79f632bca7139f920436a0872eba72e7f706bb
TOTS3,2026-09-14,COTAHIST,acao_on,BRTOTSACNOR8,TPMERC=010; ESPECI=ON      NM,COTAHIST_D14092026.ZIP,9af50a6defc90890f6508a0bb1e7fcd98794a2773c506c2689117d82d65a840e
TOTS3,2026-09-18,BVBG.028.02,acao_on,BRTOTSACNOR8,SctyCtgy=11; Desc=TOTVS       ON      NM; CFI=ESVUFR,IN260918.zip,826241f04d41c6a6a6d2aff614a6730b10e84788281971bc730e89da217c7173
TOTS3,2026-09-18,COTAHIST,acao_on,BRTOTSACNOR8,TPMERC=010; ESPECI=ON      NM,COTAHIST_D18092026.ZIP,dbb432658fac047210d385058d79f632bca7139f920436a0872eba72e7f706bb
TPIS3,2026-09-14,COTAHIST,acao_on,BRTPISACNOR8,TPMERC=010; ESPECI=ON      NM,COTAHIST_D14092026.ZIP,9af50a6defc90890f6508a0bb1e7fcd98794a2773c506c2689117d82d65a840e
TPIS3,2026-09-18,BVBG.028.02,acao_on,BRTPISACNOR8,SctyCtgy=11; Desc=TRIUNFO PARTON      NM; CFI=ESVUFR,IN260918.zip,826241f04d41c6a6a6d2aff614a6730b10e84788281971bc730e89da217c7173
TPIS3,2026-09-18,COTAHIST,acao_on,BRTPISACNOR8,TPMERC=010; ESPECI=ON      NM,COTAHIST_D18092026.ZIP,dbb432658fac047210d385058d79f632bca7139f920436a0872eba72e7f706bb
TRIS3,2026-09-14,COTAHIST,acao_on,BRTRISACNOR4,TPMERC=010; ESPECI=ON      NM,COTAHIST_D14092026.ZIP,9af50a6defc90890f6508a0bb1e7fcd98794a2773c506c2689117d82d65a840e
TRIS3,2026-09-18,BVBG.028.02,acao_on,BRTRISACNOR4,SctyCtgy=11; Desc=TRISUL      ON      NM; CFI=ESVUFR,IN260918.zip,826241f04d41c6a6a6d2aff614a6730b10e84788281971bc730e89da217c7173
TRIS3,2026-09-18,COTAHIST,acao_on,BRTRISACNOR4,TPMERC=010; ESPECI=ON      NM,COTAHIST_D18092026.ZIP,dbb432658fac047210d385058d79f632bca7139f920436a0872eba72e7f706bb
TTEN3,2026-09-14,COTAHIST,acao_on,BRTTENACNOR0,TPMERC=010; ESPECI=ON      NM,COTAHIST_D14092026.ZIP,9af50a6defc90890f6508a0bb1e7fcd98794a2773c506c2689117d82d65a840e
TTEN3,2026-09-18,BVBG.028.02,acao_on,BRTTENACNOR0,SctyCtgy=11; Desc=3TENTOS     ON      NM; CFI=ESVUFR,IN260918.zip,826241f04d41c6a6a6d2aff614a6730b10e84788281971bc730e89da217c7173
TTEN3,2026-09-18,COTAHIST,acao_on,BRTTENACNOR0,TPMERC=010; ESPECI=ON      NM,COTAHIST_D18092026.ZIP,dbb432658fac047210d385058d79f632bca7139f920436a0872eba72e7f706bb
TUPY3,2026-09-14,COTAHIST,acao_on,BRTUPYACNOR1,TPMERC=010; ESPECI=ON      NM,COTAHIST_D14092026.ZIP,9af50a6defc90890f6508a0bb1e7fcd98794a2773c506c2689117d82d65a840e
TUPY3,2026-09-18,BVBG.028.02,acao_on,BRTUPYACNOR1,SctyCtgy=11; Desc=TUPY        ON      NM; CFI=ESVUFR,IN260918.zip,826241f04d41c6a6a6d2aff614a6730b10e84788281971bc730e89da217c7173
TUPY3,2026-09-18,COTAHIST,acao_on,BRTUPYACNOR1,TPMERC=010; ESPECI=ON      NM,COTAHIST_D18092026.ZIP,dbb432658fac047210d385058d79f632bca7139f920436a0872eba72e7f706bb
TXRX4,2026-09-14,COTAHIST,acao_pn,BRTXRXACNPR0,TPMERC=010; ESPECI=PN,COTAHIST_D14092026.ZIP,9af50a6defc90890f6508a0bb1e7fcd98794a2773c506c2689117d82d65a840e
TXRX4,2026-09-18,BVBG.028.02,acao_pn,BRTXRXACNPR0,SctyCtgy=11; Desc=TEX RENAUX  PN; CFI=EPNEFR,IN260918.zip,826241f04d41c6a6a6d2aff614a6730b10e84788281971bc730e89da217c7173
TXRX4,2026-09-18,COTAHIST,acao_pn,BRTXRXACNPR0,TPMERC=010; ESPECI=PN,COTAHIST_D18092026.ZIP,dbb432658fac047210d385058d79f632bca7139f920436a0872eba72e7f706bb
UCAS3,2026-09-14,COTAHIST,acao_on,BRUCASACNOR1,TPMERC=010; ESPECI=ON      NM,COTAHIST_D14092026.ZIP,9af50a6defc90890f6508a0bb1e7fcd98794a2773c506c2689117d82d65a840e
UCAS3,2026-09-18,BVBG.028.02,acao_on,BRUCASACNOR1,SctyCtgy=11; Desc=UNICASA     ON      NM; CFI=ESVUFR,IN260918.zip,826241f04d41c6a6a6d2aff614a6730b10e84788281971bc730e89da217c7173
UCAS3,2026-09-18,COTAHIST,acao_on,BRUCASACNOR1,TPMERC=010; ESPECI=ON      NM,COTAHIST_D18092026.ZIP,dbb432658fac047210d385058d79f632bca7139f920436a0872eba72e7f706bb
UGPA3,2026-09-14,COTAHIST,acao_on,BRUGPAACNOR8,TPMERC=010; ESPECI=ON      NM,COTAHIST_D14092026.ZIP,9af50a6defc90890f6508a0bb1e7fcd98794a2773c506c2689117d82d65a840e
UGPA3,2026-09-18,BVBG.028.02,acao_on,BRUGPAACNOR8,SctyCtgy=11; Desc=ULTRAPAR    ON      NM; CFI=ESVUFR,IN260918.zip,826241f04d41c6a6a6d2aff614a6730b10e84788281971bc730e89da217c7173
UGPA3,2026-09-18,COTAHIST,acao_on,BRUGPAACNOR8,TPMERC=010; ESPECI=ON      NM,COTAHIST_D18092026.ZIP,dbb432658fac047210d385058d79f632bca7139f920436a0872eba72e7f706bb
UNIP3,2026-09-14,COTAHIST,acao_on,BRUNIPACNOR7,TPMERC=010; ESPECI=ON,COTAHIST_D14092026.ZIP,9af50a6defc90890f6508a0bb1e7fcd98794a2773c506c2689117d82d65a840e
UNIP3,2026-09-18,BVBG.028.02,acao_on,BRUNIPACNOR7,SctyCtgy=11; Desc=UNIPAR      ON; CFI=ESVUFR,IN260918.zip,826241f04d41c6a6a6d2aff614a6730b10e84788281971bc730e89da217c7173
UNIP3,2026-09-18,COTAHIST,acao_on,BRUNIPACNOR7,TPMERC=010; ESPECI=ON,COTAHIST_D18092026.ZIP,dbb432658fac047210d385058d79f632bca7139f920436a0872eba72e7f706bb
UNIP5,2026-09-14,COTAHIST,acao_pn,BRUNIPACNPA0,TPMERC=010; ESPECI=PNA,COTAHIST_D14092026.ZIP,9af50a6defc90890f6508a0bb1e7fcd98794a2773c506c2689117d82d65a840e
UNIP5,2026-09-18,BVBG.028.02,acao_pn,BRUNIPACNPA0,SctyCtgy=11; Desc=UNIPAR      PNA; CFI=EPNNPR,IN260918.zip,826241f04d41c6a6a6d2aff614a6730b10e84788281971bc730e89da217c7173
UNIP5,2026-09-18,COTAHIST,acao_pn,BRUNIPACNPA0,TPMERC=010; ESPECI=PNA,COTAHIST_D18092026.ZIP,dbb432658fac047210d385058d79f632bca7139f920436a0872eba72e7f706bb
UNIP6,2026-09-14,COTAHIST,acao_pn,BRUNIPACNPB8,TPMERC=010; ESPECI=PNB,COTAHIST_D14092026.ZIP,9af50a6defc90890f6508a0bb1e7fcd98794a2773c506c2689117d82d65a840e
UNIP6,2026-09-18,BVBG.028.02,acao_pn,BRUNIPACNPB8,SctyCtgy=11; Desc=UNIPAR      PNB; CFI=EPNNPR,IN260918.zip,826241f04d41c6a6a6d2aff614a6730b10e84788281971bc730e89da217c7173
UNIP6,2026-09-18,COTAHIST,acao_pn,BRUNIPACNPB8,TPMERC=010; ESPECI=PNB,COTAHIST_D18092026.ZIP,dbb432658fac047210d385058d79f632bca7139f920436a0872eba72e7f706bb
USIM3,2026-09-14,COTAHIST,acao_on,BRUSIMACNOR3,TPMERC=010; ESPECI=ON      N1,COTAHIST_D14092026.ZIP,9af50a6defc90890f6508a0bb1e7fcd98794a2773c506c2689117d82d65a840e
USIM3,2026-09-18,BVBG.028.02,acao_on,BRUSIMACNOR3,SctyCtgy=11; Desc=USIMINAS    ON      N1; CFI=ESVUFR,IN260918.zip,826241f04d41c6a6a6d2aff614a6730b10e84788281971bc730e89da217c7173
USIM3,2026-09-18,COTAHIST,acao_on,BRUSIMACNOR3,TPMERC=010; ESPECI=ON      N1,COTAHIST_D18092026.ZIP,dbb432658fac047210d385058d79f632bca7139f920436a0872eba72e7f706bb
USIM5,2026-09-14,COTAHIST,acao_pn,BRUSIMACNPA6,TPMERC=010; ESPECI=PNA     N1,COTAHIST_D14092026.ZIP,9af50a6defc90890f6508a0bb1e7fcd98794a2773c506c2689117d82d65a840e
USIM5,2026-09-18,BVBG.028.02,acao_pn,BRUSIMACNPA6,SctyCtgy=11; Desc=USIMINAS    PNA     N1; CFI=EPNNPR,IN260918.zip,826241f04d41c6a6a6d2aff614a6730b10e84788281971bc730e89da217c7173
USIM5,2026-09-18,COTAHIST,acao_pn,BRUSIMACNPA6,TPMERC=010; ESPECI=PNA     N1,COTAHIST_D18092026.ZIP,dbb432658fac047210d385058d79f632bca7139f920436a0872eba72e7f706bb
VALE3,2026-09-14,COTAHIST,acao_on,BRVALEACNOR0,TPMERC=010; ESPECI=ON      NM,COTAHIST_D14092026.ZIP,9af50a6defc90890f6508a0bb1e7fcd98794a2773c506c2689117d82d65a840e
VALE3,2026-09-18,BVBG.028.02,acao_on,BRVALEACNOR0,SctyCtgy=11; Desc=VALE        ON      NM; CFI=ESVUFR,IN260918.zip,826241f04d41c6a6a6d2aff614a6730b10e84788281971bc730e89da217c7173
VALE3,2026-09-18,COTAHIST,acao_on,BRVALEACNOR0,TPMERC=010; ESPECI=ON      NM,COTAHIST_D18092026.ZIP,dbb432658fac047210d385058d79f632bca7139f920436a0872eba72e7f706bb
VAMO3,2026-09-14,COTAHIST,acao_on,BRVAMOACNOR7,TPMERC=010; ESPECI=ON      NM,COTAHIST_D14092026.ZIP,9af50a6defc90890f6508a0bb1e7fcd98794a2773c506c2689117d82d65a840e
VAMO3,2026-09-18,BVBG.028.02,acao_on,BRVAMOACNOR7,SctyCtgy=11; Desc=VAMOS       ON      NM; CFI=ESVUFR,IN260918.zip,826241f04d41c6a6a6d2aff614a6730b10e84788281971bc730e89da217c7173
VAMO3,2026-09-18,COTAHIST,acao_on,BRVAMOACNOR7,TPMERC=010; ESPECI=ON      NM,COTAHIST_D18092026.ZIP,dbb432658fac047210d385058d79f632bca7139f920436a0872eba72e7f706bb
VBBR3,2026-09-14,COTAHIST,acao_on,BRVBBRACNOR1,TPMERC=010; ESPECI=ON      NM,COTAHIST_D14092026.ZIP,9af50a6defc90890f6508a0bb1e7fcd98794a2773c506c2689117d82d65a840e
VBBR3,2026-09-18,BVBG.028.02,acao_on,BRVBBRACNOR1,SctyCtgy=11; Desc=VIBRA       ON      NM; CFI=ESVUFR,IN260918.zip,826241f04d41c6a6a6d2aff614a6730b10e84788281971bc730e89da217c7173
VBBR3,2026-09-18,COTAHIST,acao_on,BRVBBRACNOR1,TPMERC=010; ESPECI=ON      NM,COTAHIST_D18092026.ZIP,dbb432658fac047210d385058d79f632bca7139f920436a0872eba72e7f706bb
VITT3,2026-09-14,COTAHIST,acao_on,BRVITTACNOR4,TPMERC=010; ESPECI=ON      NM,COTAHIST_D14092026.ZIP,9af50a6defc90890f6508a0bb1e7fcd98794a2773c506c2689117d82d65a840e
VITT3,2026-09-18,BVBG.028.02,acao_on,BRVITTACNOR4,SctyCtgy=11; Desc=VITTIA      ON      NM; CFI=ESVUFR,IN260918.zip,826241f04d41c6a6a6d2aff614a6730b10e84788281971bc730e89da217c7173
VITT3,2026-09-18,COTAHIST,acao_on,BRVITTACNOR4,TPMERC=010; ESPECI=ON      NM,COTAHIST_D18092026.ZIP,dbb432658fac047210d385058d79f632bca7139f920436a0872eba72e7f706bb
VIVA3,2026-09-14,COTAHIST,acao_on,BRVIVAACNOR0,TPMERC=010; ESPECI=ON      NM,COTAHIST_D14092026.ZIP,9af50a6defc90890f6508a0bb1e7fcd98794a2773c506c2689117d82d65a840e
VIVA3,2026-09-18,BVBG.028.02,acao_on,BRVIVAACNOR0,SctyCtgy=11; Desc=VIVARA S.A. ON      NM; CFI=ESVUFR,IN260918.zip,826241f04d41c6a6a6d2aff614a6730b10e84788281971bc730e89da217c7173
VIVA3,2026-09-18,COTAHIST,acao_on,BRVIVAACNOR0,TPMERC=010; ESPECI=ON      NM,COTAHIST_D18092026.ZIP,dbb432658fac047210d385058d79f632bca7139f920436a0872eba72e7f706bb
VIVR3,2026-09-14,COTAHIST,acao_on,BRVIVRACNOR4,TPMERC=010; ESPECI=ON      NM,COTAHIST_D14092026.ZIP,9af50a6defc90890f6508a0bb1e7fcd98794a2773c506c2689117d82d65a840e
VIVR3,2026-09-18,BVBG.028.02,acao_on,BRVIVRACNOR4,SctyCtgy=11; Desc=VIVER       ON      NM; CFI=ESVUFR,IN260918.zip,826241f04d41c6a6a6d2aff614a6730b10e84788281971bc730e89da217c7173
VIVR3,2026-09-18,COTAHIST,acao_on,BRVIVRACNOR4,TPMERC=010; ESPECI=ON      NM,COTAHIST_D18092026.ZIP,dbb432658fac047210d385058d79f632bca7139f920436a0872eba72e7f706bb
VIVT3,2026-09-14,COTAHIST,acao_on,BRVIVTACNOR0,TPMERC=010; ESPECI=ON,COTAHIST_D14092026.ZIP,9af50a6defc90890f6508a0bb1e7fcd98794a2773c506c2689117d82d65a840e
VIVT3,2026-09-18,BVBG.028.02,acao_on,BRVIVTACNOR0,SctyCtgy=11; Desc=TELEF BRASILON; CFI=ESVUFR,IN260918.zip,826241f04d41c6a6a6d2aff614a6730b10e84788281971bc730e89da217c7173
VIVT3,2026-09-18,COTAHIST,acao_on,BRVIVTACNOR0,TPMERC=010; ESPECI=ON,COTAHIST_D18092026.ZIP,dbb432658fac047210d385058d79f632bca7139f920436a0872eba72e7f706bb
VLID3,2026-09-14,COTAHIST,acao_on,BRVLIDACNOR5,TPMERC=010; ESPECI=ON      NM,COTAHIST_D14092026.ZIP,9af50a6defc90890f6508a0bb1e7fcd98794a2773c506c2689117d82d65a840e
VLID3,2026-09-18,BVBG.028.02,acao_on,BRVLIDACNOR5,SctyCtgy=11; Desc=VALID       ON      NM; CFI=ESVUFR,IN260918.zip,826241f04d41c6a6a6d2aff614a6730b10e84788281971bc730e89da217c7173
VLID3,2026-09-18,COTAHIST,acao_on,BRVLIDACNOR5,TPMERC=010; ESPECI=ON      NM,COTAHIST_D18092026.ZIP,dbb432658fac047210d385058d79f632bca7139f920436a0872eba72e7f706bb
VSTE3,2026-09-14,COTAHIST,acao_on,BRVSTEACNOR5,TPMERC=010; ESPECI=ON      NM,COTAHIST_D14092026.ZIP,9af50a6defc90890f6508a0bb1e7fcd98794a2773c506c2689117d82d65a840e
VSTE3,2026-09-18,BVBG.028.02,acao_on,BRVSTEACNOR5,SctyCtgy=11; Desc=VESTE       ON      NM; CFI=ESVUFR,IN260918.zip,826241f04d41c6a6a6d2aff614a6730b10e84788281971bc730e89da217c7173
VSTE3,2026-09-18,COTAHIST,acao_on,BRVSTEACNOR5,TPMERC=010; ESPECI=ON      NM,COTAHIST_D18092026.ZIP,dbb432658fac047210d385058d79f632bca7139f920436a0872eba72e7f706bb
VTRU3,2026-09-14,COTAHIST,acao_on,BRVTRUACNOR3,TPMERC=010; ESPECI=ON      NM,COTAHIST_D14092026.ZIP,9af50a6defc90890f6508a0bb1e7fcd98794a2773c506c2689117d82d65a840e
VTRU3,2026-09-18,BVBG.028.02,acao_on,BRVTRUACNOR3,SctyCtgy=11; Desc=VITRUEDUCA  ON      NM; CFI=ESVUFR,IN260918.zip,826241f04d41c6a6a6d2aff614a6730b10e84788281971bc730e89da217c7173
VTRU3,2026-09-18,COTAHIST,acao_on,BRVTRUACNOR3,TPMERC=010; ESPECI=ON      NM,COTAHIST_D18092026.ZIP,dbb432658fac047210d385058d79f632bca7139f920436a0872eba72e7f706bb
VULC3,2026-09-14,COTAHIST,acao_on,BRVULCACNOR2,TPMERC=010; ESPECI=ON      NM,COTAHIST_D14092026.ZIP,9af50a6defc90890f6508a0bb1e7fcd98794a2773c506c2689117d82d65a840e
VULC3,2026-09-18,BVBG.028.02,acao_on,BRVULCACNOR2,SctyCtgy=11; Desc=VULCABRAS   ON      NM; CFI=ESVUFR,IN260918.zip,826241f04d41c6a6a6d2aff614a6730b10e84788281971bc730e89da217c7173
VULC3,2026-09-18,COTAHIST,acao_on,BRVULCACNOR2,TPMERC=010; ESPECI=ON      NM,COTAHIST_D18092026.ZIP,dbb432658fac047210d385058d79f632bca7139f920436a0872eba72e7f706bb
VVEO3,2026-09-14,COTAHIST,acao_on,BRVVEOACNOR0,TPMERC=010; ESPECI=ON      NM,COTAHIST_D14092026.ZIP,9af50a6defc90890f6508a0bb1e7fcd98794a2773c506c2689117d82d65a840e
VVEO3,2026-09-18,BVBG.028.02,acao_on,BRVVEOACNOR0,SctyCtgy=11; Desc=VIVEO       ON      NM; CFI=ESVUFR,IN260918.zip,826241f04d41c6a6a6d2aff614a6730b10e84788281971bc730e89da217c7173
VVEO3,2026-09-18,COTAHIST,acao_on,BRVVEOACNOR0,TPMERC=010; ESPECI=ON      NM,COTAHIST_D18092026.ZIP,dbb432658fac047210d385058d79f632bca7139f920436a0872eba72e7f706bb
WDCN3,2026-09-14,COTAHIST,acao_on,BRWDCNACNOR2,TPMERC=010; ESPECI=ON      NM,COTAHIST_D14092026.ZIP,9af50a6defc90890f6508a0bb1e7fcd98794a2773c506c2689117d82d65a840e
WDCN3,2026-09-18,BVBG.028.02,acao_on,BRWDCNACNOR2,SctyCtgy=11; Desc=WDC NETWORKSON      NM; CFI=ESVUFR,IN260918.zip,826241f04d41c6a6a6d2aff614a6730b10e84788281971bc730e89da217c7173
WDCN3,2026-09-18,COTAHIST,acao_on,BRWDCNACNOR2,TPMERC=010; ESPECI=ON      NM,COTAHIST_D18092026.ZIP,dbb432658fac047210d385058d79f632bca7139f920436a0872eba72e7f706bb
WEGE3,2026-09-14,COTAHIST,acao_on,BRWEGEACNOR0,TPMERC=010; ESPECI=ON      NM,COTAHIST_D14092026.ZIP,9af50a6defc90890f6508a0bb1e7fcd98794a2773c506c2689117d82d65a840e
WEGE3,2026-09-18,BVBG.028.02,acao_on,BRWEGEACNOR0,SctyCtgy=11; Desc=WEG         ON      NM; CFI=ESVUFR,IN260918.zip,826241f04d41c6a6a6d2aff614a6730b10e84788281971bc730e89da217c7173
WEGE3,2026-09-18,COTAHIST,acao_on,BRWEGEACNOR0,TPMERC=010; ESPECI=ON      NM,COTAHIST_D18092026.ZIP,dbb432658fac047210d385058d79f632bca7139f920436a0872eba72e7f706bb
WEST3,2026-09-14,COTAHIST,acao_on,BRWESTACNOR3,TPMERC=010; ESPECI=ON      NM,COTAHIST_D14092026.ZIP,9af50a6defc90890f6508a0bb1e7fcd98794a2773c506c2689117d82d65a840e
WEST3,2026-09-18,BVBG.028.02,acao_on,BRWESTACNOR3,SctyCtgy=11; Desc=WESTWING    ON      NM; CFI=ESVUFR,IN260918.zip,826241f04d41c6a6a6d2aff614a6730b10e84788281971bc730e89da217c7173
WEST3,2026-09-18,COTAHIST,acao_on,BRWESTACNOR3,TPMERC=010; ESPECI=ON      NM,COTAHIST_D18092026.ZIP,dbb432658fac047210d385058d79f632bca7139f920436a0872eba72e7f706bb
WHRL3,2026-09-14,COTAHIST,acao_on,BRWHRLACNOR5,TPMERC=010; ESPECI=ON,COTAHIST_D14092026.ZIP,9af50a6defc90890f6508a0bb1e7fcd98794a2773c506c2689117d82d65a840e
WHRL3,2026-09-18,BVBG.028.02,acao_on,BRWHRLACNOR5,SctyCtgy=11; Desc=WHIRLPOOL   ON; CFI=ESVUFR,IN260918.zip,826241f04d41c6a6a6d2aff614a6730b10e84788281971bc730e89da217c7173
WHRL3,2026-09-18,COTAHIST,acao_on,BRWHRLACNOR5,TPMERC=010; ESPECI=ON,COTAHIST_D18092026.ZIP,dbb432658fac047210d385058d79f632bca7139f920436a0872eba72e7f706bb
WHRL4,2026-09-14,COTAHIST,acao_pn,BRWHRLACNPR2,TPMERC=010; ESPECI=PN,COTAHIST_D14092026.ZIP,9af50a6defc90890f6508a0bb1e7fcd98794a2773c506c2689117d82d65a840e
WHRL4,2026-09-18,BVBG.028.02,acao_pn,BRWHRLACNPR2,SctyCtgy=11; Desc=WHIRLPOOL   PN; CFI=EPNNPR,IN260918.zip,826241f04d41c6a6a6d2aff614a6730b10e84788281971bc730e89da217c7173
WHRL4,2026-09-18,COTAHIST,acao_pn,BRWHRLACNPR2,TPMERC=010; ESPECI=PN,COTAHIST_D18092026.ZIP,dbb432658fac047210d385058d79f632bca7139f920436a0872eba72e7f706bb
WIZC3,2026-09-14,COTAHIST,acao_on,BRWIZCACNOR5,TPMERC=010; ESPECI=ON      NM,COTAHIST_D14092026.ZIP,9af50a6defc90890f6508a0bb1e7fcd98794a2773c506c2689117d82d65a840e
WIZC3,2026-09-18,BVBG.028.02,acao_on,BRWIZCACNOR5,SctyCtgy=11; Desc=WIZ CO      ON      NM; CFI=ESVUFR,IN260918.zip,826241f04d41c6a6a6d2aff614a6730b10e84788281971bc730e89da217c7173
WIZC3,2026-09-18,COTAHIST,acao_on,BRWIZCACNOR5,TPMERC=010; ESPECI=ON      NM,COTAHIST_D18092026.ZIP,dbb432658fac047210d385058d79f632bca7139f920436a0872eba72e7f706bb
WLMM4,2026-09-14,COTAHIST,acao_pn,BRWLMMACNPR3,TPMERC=010; ESPECI=PN,COTAHIST_D14092026.ZIP,9af50a6defc90890f6508a0bb1e7fcd98794a2773c506c2689117d82d65a840e
WLMM4,2026-09-18,BVBG.028.02,acao_pn,BRWLMMACNPR3,SctyCtgy=11; Desc=WLM IND COM PN; CFI=EPNNPR,IN260918.zip,826241f04d41c6a6a6d2aff614a6730b10e84788281971bc730e89da217c7173
WLMM4,2026-09-18,COTAHIST,acao_pn,BRWLMMACNPR3,TPMERC=010; ESPECI=PN,COTAHIST_D18092026.ZIP,dbb432658fac047210d385058d79f632bca7139f920436a0872eba72e7f706bb
YDUQ3,2026-09-14,COTAHIST,acao_on,BRYDUQACNOR3,TPMERC=010; ESPECI=ON      NM,COTAHIST_D14092026.ZIP,9af50a6defc90890f6508a0bb1e7fcd98794a2773c506c2689117d82d65a840e
YDUQ3,2026-09-18,BVBG.028.02,acao_on,BRYDUQACNOR3,SctyCtgy=11; Desc=YDUQS PART  ON      NM; CFI=ESVUFR,IN260918.zip,826241f04d41c6a6a6d2aff614a6730b10e84788281971bc730e89da217c7173
YDUQ3,2026-09-18,COTAHIST,acao_on,BRYDUQACNOR3,TPMERC=010; ESPECI=ON      NM,COTAHIST_D18092026.ZIP,dbb432658fac047210d385058d79f632bca7139f920436a0872eba72e7f706bb
