record_id,source_line,ticker,trade_date,field,code,severity,reason
1,2,TTEN3,2026-09-07,close,MISSING_VALUE,info,Valor ausente na extração
1,2,TTEN3,2026-09-07,adjusted_quantity,MISSING_VALUE,info,Valor ausente na extração
1,2,TTEN3,2026-09-07,open,MISSING_VALUE,info,Valor ausente na extração
1,2,TTEN3,2026-09-07,high,MISSING_VALUE,info,Valor ausente na extração
1,2,TTEN3,2026-09-07,low,MISSING_VALUE,info,Valor ausente na extração
1,2,TTEN3,2026-09-07,average,MISSING_VALUE,info,Valor ausente na extração
1,2,TTEN3,2026-09-07,raw_volume,MISSING_VALUE,info,Valor ausente na extração
12,13,QVQP3,1920-01-02,close,MISSING_VALUE,info,Valor ausente na extração
12,13,QVQP3,1920-01-02,adjusted_quantity,MISSING_VALUE,info,Valor ausente na extração
12,13,QVQP3,1920-01-02,open,MISSING_VALUE,info,Valor ausente na extração
12,13,QVQP3,1920-01-02,high,MISSING_VALUE,info,Valor ausente na extração
12,13,QVQP3,1920-01-02,low,MISSING_VALUE,info,Valor ausente na extração
12,13,QVQP3,1920-01-02,average,MISSING_VALUE,info,Valor ausente na extração
12,13,QVQP3,1920-01-02,raw_volume,MISSING_VALUE,info,Valor ausente na extração
13,14,ABCB4,2026-09-07,close,MISSING_VALUE,info,Valor ausente na extração
13,14,ABCB4,2026-09-07,adjusted_quantity,MISSING_VALUE,info,Valor ausente na extração
13,14,ABCB4,2026-09-07,open,MISSING_VALUE,info,Valor ausente na extração
13,14,ABCB4,2026-09-07,high,MISSING_VALUE,info,Valor ausente na extração
13,14,ABCB4,2026-09-07,low,MISSING_VALUE,info,Valor ausente na extração
13,14,ABCB4,2026-09-07,average,MISSING_VALUE,info,Valor ausente na extração
13,14,ABCB4,2026-09-07,raw_volume,MISSING_VALUE,info,Valor ausente na extração
24,25,EALT3,2026-09-07,close,MISSING_VALUE,info,Valor ausente na extração
24,25,EALT3,2026-09-07,adjusted_quantity,MISSING_VALUE,info,Valor ausente na extração
24,25,EALT3,2026-09-07,open,MISSING_VALUE,info,Valor ausente na extração
24,25,EALT3,2026-09-07,high,MISSING_VALUE,info,Valor ausente na extração
24,25,EALT3,2026-09-07,low,MISSING_VALUE,info,Valor ausente na extração
24,25,EALT3,2026-09-07,average,MISSING_VALUE,info,Valor ausente na extração
24,25,EALT3,2026-09-07,raw_volume,MISSING_VALUE,info,Valor ausente na extração
27,28,EALT3,2026-09-10,close,MISSING_VALUE,info,Valor ausente na extração
27,28,EALT3,2026-09-10,adjusted_quantity,MISSING_VALUE,info,Valor ausente na extração
27,28,EALT3,2026-09-10,open,MISSING_VALUE,info,Valor ausente na extração
27,28,EALT3,2026-09-10,high,MISSING_VALUE,info,Valor ausente na extração
27,28,EALT3,2026-09-10,low,MISSING_VALUE,info,Valor ausente na extração
27,28,EALT3,2026-09-10,average,MISSING_VALUE,info,Valor ausente na extração
27,28,EALT3,2026-09-10,raw_volume,MISSING_VALUE,info,Valor ausente na extração
28,29,EALT3,2026-09-11,close,MISSING_VALUE,info,Valor ausente na extração
28,29,EALT3,2026-09-11,adjusted_quantity,MISSING_VALUE,info,Valor ausente na extração
28,29,EALT3,2026-09-11,open,MISSING_VALUE,info,Valor ausente na extração
28,29,EALT3,2026-09-11,high,MISSING_VALUE,info,Valor ausente na extração
28,29,EALT3,2026-09-11,low,MISSING_VALUE,info,Valor ausente na extração
28,29,EALT3,2026-09-11,average,MISSING_VALUE,info,Valor ausente na extração
28,29,EALT3,2026-09-11,raw_volume,MISSING_VALUE,info,Valor ausente na extração
30,31,EALT3,2026-09-15,close,MISSING_VALUE,info,Valor ausente na extração
30,31,EALT3,2026-09-15,adjusted_quantity,MISSING_VALUE,info,Valor ausente na extração
30,31,EALT3,2026-09-15,open,MISSING_VALUE,info,Valor ausente na extração
30,31,EALT3,2026-09-15,high,MISSING_VALUE,info,Valor ausente na extração
30,31,EALT3,2026-09-15,low,MISSING_VALUE,info,Valor ausente na extração
30,31,EALT3,2026-09-15,average,MISSING_VALUE,info,Valor ausente na extração
30,31,EALT3,2026-09-15,raw_volume,MISSING_VALUE,info,Valor ausente na extração
31,32,EALT3,2026-09-16,close,MISSING_VALUE,info,Valor ausente na extração
31,32,EALT3,2026-09-16,adjusted_quantity,MISSING_VALUE,info,Valor ausente na extração
31,32,EALT3,2026-09-16,open,MISSING_VALUE,info,Valor ausente na extração
31,32,EALT3,2026-09-16,high,MISSING_VALUE,info,Valor ausente na extração
31,32,EALT3,2026-09-16,low,MISSING_VALUE,info,Valor ausente na extração
31,32,EALT3,2026-09-16,average,MISSING_VALUE,info,Valor ausente na extração
31,32,EALT3,2026-09-16,raw_volume,MISSING_VALUE,info,Valor ausente na extração
32,33,EALT3,2026-09-17,close,MISSING_VALUE,info,Valor ausente na extração
32,33,EALT3,2026-09-17,adjusted_quantity,MISSING_VALUE,info,Valor ausente na extração
32,33,EALT3,2026-09-17,open,MISSING_VALUE,info,Valor ausente na extração
32,33,EALT3,2026-09-17,high,MISSING_VALUE,info,Valor ausente na extração
32,33,EALT3,2026-09-17,low,MISSING_VALUE,info,Valor ausente na extração
32,33,EALT3,2026-09-17,average,MISSING_VALUE,info,Valor ausente na extração
32,33,EALT3,2026-09-17,raw_volume,MISSING_VALUE,info,Valor ausente na extração
33,34,EALT3,2026-09-18,close,MISSING_VALUE,info,Valor ausente na extração
33,34,EALT3,2026-09-18,adjusted_quantity,MISSING_VALUE,info,Valor ausente na extração
33,34,EALT3,2026-09-18,open,MISSING_VALUE,info,Valor ausente na extração
33,34,EALT3,2026-09-18,high,MISSING_VALUE,info,Valor ausente na extração
33,34,EALT3,2026-09-18,low,MISSING_VALUE,info,Valor ausente na extração
33,34,EALT3,2026-09-18,average,MISSING_VALUE,info,Valor ausente na extração
33,34,EALT3,2026-09-18,raw_volume,MISSING_VALUE,info,Valor ausente na extração
35,36,EALT4,2026-09-07,close,MISSING_VALUE,info,Valor ausente na extração
35,36,EALT4,2026-09-07,adjusted_quantity,MISSING_VALUE,info,Valor ausente na extração
35,36,EALT4,2026-09-07,open,MISSING_VALUE,info,Valor ausente na extração
35,36,EALT4,2026-09-07,high,MISSING_VALUE,info,Valor ausente na extração
35,36,EALT4,2026-09-07,low,MISSING_VALUE,info,Valor ausente na extração
35,36,EALT4,2026-09-07,average,MISSING_VALUE,info,Valor ausente na extração
35,36,EALT4,2026-09-07,raw_volume,MISSING_VALUE,info,Valor ausente na extração
46,47,AERI3,2026-09-07,close,MISSING_VALUE,info,Valor ausente na extração
46,47,AERI3,2026-09-07,adjusted_quantity,MISSING_VALUE,info,Valor ausente na extração
46,47,AERI3,2026-09-07,open,MISSING_VALUE,info,Valor ausente na extração
46,47,AERI3,2026-09-07,high,MISSING_VALUE,info,Valor ausente na extração
46,47,AERI3,2026-09-07,low,MISSING_VALUE,info,Valor ausente na extração
46,47,AERI3,2026-09-07,average,MISSING_VALUE,info,Valor ausente na extração
46,47,AERI3,2026-09-07,raw_volume,MISSING_VALUE,info,Valor ausente na extração
57,58,AESO3,1920-01-02,close,MISSING_VALUE,info,Valor ausente na extração
57,58,AESO3,1920-01-02,adjusted_quantity,MISSING_VALUE,info,Valor ausente na extração
57,58,AESO3,1920-01-02,open,MISSING_VALUE,info,Valor ausente na extração
57,58,AESO3,1920-01-02,high,MISSING_VALUE,info,Valor ausente na extração
57,58,AESO3,1920-01-02,low,MISSING_VALUE,info,Valor ausente na extração
57,58,AESO3,1920-01-02,average,MISSING_VALUE,info,Valor ausente na extração
57,58,AESO3,1920-01-02,raw_volume,MISSING_VALUE,info,Valor ausente na extração
58,59,AFLT3,2026-09-07,close,MISSING_VALUE,info,Valor ausente na extração
58,59,AFLT3,2026-09-07,adjusted_quantity,MISSING_VALUE,info,Valor ausente na extração
58,59,AFLT3,2026-09-07,open,MISSING_VALUE,info,Valor ausente na extração
58,59,AFLT3,2026-09-07,high,MISSING_VALUE,info,Valor ausente na extração
58,59,AFLT3,2026-09-07,low,MISSING_VALUE,info,Valor ausente na extração
58,59,AFLT3,2026-09-07,average,MISSING_VALUE,info,Valor ausente na extração
58,59,AFLT3,2026-09-07,raw_volume,MISSING_VALUE,info,Valor ausente na extração
65,66,AFLT3,2026-09-16,close,MISSING_VALUE,info,Valor ausente na extração
65,66,AFLT3,2026-09-16,adjusted_quantity,MISSING_VALUE,info,Valor ausente na extração
65,66,AFLT3,2026-09-16,open,MISSING_VALUE,info,Valor ausente na extração
65,66,AFLT3,2026-09-16,high,MISSING_VALUE,info,Valor ausente na extração
65,66,AFLT3,2026-09-16,low,MISSING_VALUE,info,Valor ausente na extração
65,66,AFLT3,2026-09-16,average,MISSING_VALUE,info,Valor ausente na extração
65,66,AFLT3,2026-09-16,raw_volume,MISSING_VALUE,info,Valor ausente na extração
66,67,AFLT3,2026-09-17,close,MISSING_VALUE,info,Valor ausente na extração
66,67,AFLT3,2026-09-17,adjusted_quantity,MISSING_VALUE,info,Valor ausente na extração
66,67,AFLT3,2026-09-17,open,MISSING_VALUE,info,Valor ausente na extração
66,67,AFLT3,2026-09-17,high,MISSING_VALUE,info,Valor ausente na extração
66,67,AFLT3,2026-09-17,low,MISSING_VALUE,info,Valor ausente na extração
66,67,AFLT3,2026-09-17,average,MISSING_VALUE,info,Valor ausente na extração
66,67,AFLT3,2026-09-17,raw_volume,MISSING_VALUE,info,Valor ausente na extração
67,68,AFLT3,2026-09-18,close,MISSING_VALUE,info,Valor ausente na extração
67,68,AFLT3,2026-09-18,adjusted_quantity,MISSING_VALUE,info,Valor ausente na extração
67,68,AFLT3,2026-09-18,open,MISSING_VALUE,info,Valor ausente na extração
67,68,AFLT3,2026-09-18,high,MISSING_VALUE,info,Valor ausente na extração
67,68,AFLT3,2026-09-18,low,MISSING_VALUE,info,Valor ausente na extração
67,68,AFLT3,2026-09-18,average,MISSING_VALUE,info,Valor ausente na extração
67,68,AFLT3,2026-09-18,raw_volume,MISSING_VALUE,info,Valor ausente na extração
69,70,AGXY3,2026-09-07,close,MISSING_VALUE,info,Valor ausente na extração
69,70,AGXY3,2026-09-07,adjusted_quantity,MISSING_VALUE,info,Valor ausente na extração
69,70,AGXY3,2026-09-07,open,MISSING_VALUE,info,Valor ausente na extração
69,70,AGXY3,2026-09-07,high,MISSING_VALUE,info,Valor ausente na extração
69,70,AGXY3,2026-09-07,low,MISSING_VALUE,info,Valor ausente na extração
69,70,AGXY3,2026-09-07,average,MISSING_VALUE,info,Valor ausente na extração
69,70,AGXY3,2026-09-07,raw_volume,MISSING_VALUE,info,Valor ausente na extração
80,81,RPAD3,2026-09-07,close,MISSING_VALUE,info,Valor ausente na extração
80,81,RPAD3,2026-09-07,adjusted_quantity,MISSING_VALUE,info,Valor ausente na extração
80,81,RPAD3,2026-09-07,open,MISSING_VALUE,info,Valor ausente na extração
80,81,RPAD3,2026-09-07,high,MISSING_VALUE,info,Valor ausente na extração
80,81,RPAD3,2026-09-07,low,MISSING_VALUE,info,Valor ausente na extração
80,81,RPAD3,2026-09-07,average,MISSING_VALUE,info,Valor ausente na extração
80,81,RPAD3,2026-09-07,raw_volume,MISSING_VALUE,info,Valor ausente na extração
81,82,RPAD3,2026-09-08,close,MISSING_VALUE,info,Valor ausente na extração
81,82,RPAD3,2026-09-08,adjusted_quantity,MISSING_VALUE,info,Valor ausente na extração
81,82,RPAD3,2026-09-08,open,MISSING_VALUE,info,Valor ausente na extração
81,82,RPAD3,2026-09-08,high,MISSING_VALUE,info,Valor ausente na extração
81,82,RPAD3,2026-09-08,low,MISSING_VALUE,info,Valor ausente na extração
81,82,RPAD3,2026-09-08,average,MISSING_VALUE,info,Valor ausente na extração
81,82,RPAD3,2026-09-08,raw_volume,MISSING_VALUE,info,Valor ausente na extração
82,83,RPAD3,2026-09-09,close,MISSING_VALUE,info,Valor ausente na extração
82,83,RPAD3,2026-09-09,adjusted_quantity,MISSING_VALUE,info,Valor ausente na extração
82,83,RPAD3,2026-09-09,open,MISSING_VALUE,info,Valor ausente na extração
82,83,RPAD3,2026-09-09,high,MISSING_VALUE,info,Valor ausente na extração
82,83,RPAD3,2026-09-09,low,MISSING_VALUE,info,Valor ausente na extração
82,83,RPAD3,2026-09-09,average,MISSING_VALUE,info,Valor ausente na extração
82,83,RPAD3,2026-09-09,raw_volume,MISSING_VALUE,info,Valor ausente na extração
83,84,RPAD3,2026-09-10,close,MISSING_VALUE,info,Valor ausente na extração
83,84,RPAD3,2026-09-10,adjusted_quantity,MISSING_VALUE,info,Valor ausente na extração
83,84,RPAD3,2026-09-10,open,MISSING_VALUE,info,Valor ausente na extração
83,84,RPAD3,2026-09-10,high,MISSING_VALUE,info,Valor ausente na extração
83,84,RPAD3,2026-09-10,low,MISSING_VALUE,info,Valor ausente na extração
83,84,RPAD3,2026-09-10,average,MISSING_VALUE,info,Valor ausente na extração
83,84,RPAD3,2026-09-10,raw_volume,MISSING_VALUE,info,Valor ausente na extração
84,85,RPAD3,2026-09-11,close,MISSING_VALUE,info,Valor ausente na extração
84,85,RPAD3,2026-09-11,adjusted_quantity,MISSING_VALUE,info,Valor ausente na extração
84,85,RPAD3,2026-09-11,open,MISSING_VALUE,info,Valor ausente na extração
84,85,RPAD3,2026-09-11,high,MISSING_VALUE,info,Valor ausente na extração
84,85,RPAD3,2026-09-11,low,MISSING_VALUE,info,Valor ausente na extração
84,85,RPAD3,2026-09-11,average,MISSING_VALUE,info,Valor ausente na extração
84,85,RPAD3,2026-09-11,raw_volume,MISSING_VALUE,info,Valor ausente na extração
85,86,RPAD3,2026-09-14,close,MISSING_VALUE,info,Valor ausente na extração
85,86,RPAD3,2026-09-14,adjusted_quantity,MISSING_VALUE,info,Valor ausente na extração
85,86,RPAD3,2026-09-14,open,MISSING_VALUE,info,Valor ausente na extração
85,86,RPAD3,2026-09-14,high,MISSING_VALUE,info,Valor ausente na extração
85,86,RPAD3,2026-09-14,low,MISSING_VALUE,info,Valor ausente na extração
85,86,RPAD3,2026-09-14,average,MISSING_VALUE,info,Valor ausente na extração
85,86,RPAD3,2026-09-14,raw_volume,MISSING_VALUE,info,Valor ausente na extração
86,87,RPAD3,2026-09-15,close,MISSING_VALUE,info,Valor ausente na extração
86,87,RPAD3,2026-09-15,adjusted_quantity,MISSING_VALUE,info,Valor ausente na extração
86,87,RPAD3,2026-09-15,open,MISSING_VALUE,info,Valor ausente na extração
86,87,RPAD3,2026-09-15,high,MISSING_VALUE,info,Valor ausente na extração
86,87,RPAD3,2026-09-15,low,MISSING_VALUE,info,Valor ausente na extração
86,87,RPAD3,2026-09-15,average,MISSING_VALUE,info,Valor ausente na extração
86,87,RPAD3,2026-09-15,raw_volume,MISSING_VALUE,info,Valor ausente na extração
87,88,RPAD3,2026-09-16,close,MISSING_VALUE,info,Valor ausente na extração
87,88,RPAD3,2026-09-16,adjusted_quantity,MISSING_VALUE,info,Valor ausente na extração
87,88,RPAD3,2026-09-16,open,MISSING_VALUE,info,Valor ausente na extração
87,88,RPAD3,2026-09-16,high,MISSING_VALUE,info,Valor ausente na extração
87,88,RPAD3,2026-09-16,low,MISSING_VALUE,info,Valor ausente na extração
87,88,RPAD3,2026-09-16,average,MISSING_VALUE,info,Valor ausente na extração
87,88,RPAD3,2026-09-16,raw_volume,MISSING_VALUE,info,Valor ausente na extração
88,89,RPAD3,2026-09-17,close,MISSING_VALUE,info,Valor ausente na extração
88,89,RPAD3,2026-09-17,adjusted_quantity,MISSING_VALUE,info,Valor ausente na extração
88,89,RPAD3,2026-09-17,open,MISSING_VALUE,info,Valor ausente na extração
88,89,RPAD3,2026-09-17,high,MISSING_VALUE,info,Valor ausente na extração
88,89,RPAD3,2026-09-17,low,MISSING_VALUE,info,Valor ausente na extração
88,89,RPAD3,2026-09-17,average,MISSING_VALUE,info,Valor ausente na extração
88,89,RPAD3,2026-09-17,raw_volume,MISSING_VALUE,info,Valor ausente na extração
89,90,RPAD3,2026-09-18,close,MISSING_VALUE,info,Valor ausente na extração
89,90,RPAD3,2026-09-18,adjusted_quantity,MISSING_VALUE,info,Valor ausente na extração
89,90,RPAD3,2026-09-18,open,MISSING_VALUE,info,Valor ausente na extração
89,90,RPAD3,2026-09-18,high,MISSING_VALUE,info,Valor ausente na extração
89,90,RPAD3,2026-09-18,low,MISSING_VALUE,info,Valor ausente na extração
89,90,RPAD3,2026-09-18,average,MISSING_VALUE,info,Valor ausente na extração
89,90,RPAD3,2026-09-18,raw_volume,MISSING_VALUE,info,Valor ausente na extração
91,92,RPAD5,2026-09-07,close,MISSING_VALUE,info,Valor ausente na extração
91,92,RPAD5,2026-09-07,adjusted_quantity,MISSING_VALUE,info,Valor ausente na extração
91,92,RPAD5,2026-09-07,open,MISSING_VALUE,info,Valor ausente na extração
91,92,RPAD5,2026-09-07,high,MISSING_VALUE,info,Valor ausente na extração
91,92,RPAD5,2026-09-07,low,MISSING_VALUE,info,Valor ausente na extração
91,92,RPAD5,2026-09-07,average,MISSING_VALUE,info,Valor ausente na extração
91,92,RPAD5,2026-09-07,raw_volume,MISSING_VALUE,info,Valor ausente na extração
92,93,RPAD5,2026-09-08,close,MISSING_VALUE,info,Valor ausente na extração
92,93,RPAD5,2026-09-08,adjusted_quantity,MISSING_VALUE,info,Valor ausente na extração
92,93,RPAD5,2026-09-08,open,MISSING_VALUE,info,Valor ausente na extração
92,93,RPAD5,2026-09-08,high,MISSING_VALUE,info,Valor ausente na extração
92,93,RPAD5,2026-09-08,low,MISSING_VALUE,info,Valor ausente na extração
92,93,RPAD5,2026-09-08,average,MISSING_VALUE,info,Valor ausente na extração
92,93,RPAD5,2026-09-08,raw_volume,MISSING_VALUE,info,Valor ausente na extração
93,94,RPAD5,2026-09-09,close,MISSING_VALUE,info,Valor ausente na extração
93,94,RPAD5,2026-09-09,adjusted_quantity,MISSING_VALUE,info,Valor ausente na extração
93,94,RPAD5,2026-09-09,open,MISSING_VALUE,info,Valor ausente na extração
93,94,RPAD5,2026-09-09,high,MISSING_VALUE,info,Valor ausente na extração
93,94,RPAD5,2026-09-09,low,MISSING_VALUE,info,Valor ausente na extração
93,94,RPAD5,2026-09-09,average,MISSING_VALUE,info,Valor ausente na extração
93,94,RPAD5,2026-09-09,raw_volume,MISSING_VALUE,info,Valor ausente na extração
94,95,RPAD5,2026-09-10,close,MISSING_VALUE,info,Valor ausente na extração
94,95,RPAD5,2026-09-10,adjusted_quantity,MISSING_VALUE,info,Valor ausente na extração
94,95,RPAD5,2026-09-10,open,MISSING_VALUE,info,Valor ausente na extração
94,95,RPAD5,2026-09-10,high,MISSING_VALUE,info,Valor ausente na extração
94,95,RPAD5,2026-09-10,low,MISSING_VALUE,info,Valor ausente na extração
94,95,RPAD5,2026-09-10,average,MISSING_VALUE,info,Valor ausente na extração
94,95,RPAD5,2026-09-10,raw_volume,MISSING_VALUE,info,Valor ausente na extração
95,96,RPAD5,2026-09-11,close,MISSING_VALUE,info,Valor ausente na extração
95,96,RPAD5,2026-09-11,adjusted_quantity,MISSING_VALUE,info,Valor ausente na extração
95,96,RPAD5,2026-09-11,open,MISSING_VALUE,info,Valor ausente na extração
95,96,RPAD5,2026-09-11,high,MISSING_VALUE,info,Valor ausente na extração
95,96,RPAD5,2026-09-11,low,MISSING_VALUE,info,Valor ausente na extração
95,96,RPAD5,2026-09-11,average,MISSING_VALUE,info,Valor ausente na extração
95,96,RPAD5,2026-09-11,raw_volume,MISSING_VALUE,info,Valor ausente na extração
96,97,RPAD5,2026-09-14,close,MISSING_VALUE,info,Valor ausente na extração
96,97,RPAD5,2026-09-14,adjusted_quantity,MISSING_VALUE,info,Valor ausente na extração
96,97,RPAD5,2026-09-14,open,MISSING_VALUE,info,Valor ausente na extração
96,97,RPAD5,2026-09-14,high,MISSING_VALUE,info,Valor ausente na extração
96,97,RPAD5,2026-09-14,low,MISSING_VALUE,info,Valor ausente na extração
96,97,RPAD5,2026-09-14,average,MISSING_VALUE,info,Valor ausente na extração
96,97,RPAD5,2026-09-14,raw_volume,MISSING_VALUE,info,Valor ausente na extração
97,98,RPAD5,2026-09-15,close,MISSING_VALUE,info,Valor ausente na extração
97,98,RPAD5,2026-09-15,adjusted_quantity,MISSING_VALUE,info,Valor ausente na extração
97,98,RPAD5,2026-09-15,open,MISSING_VALUE,info,Valor ausente na extração
97,98,RPAD5,2026-09-15,high,MISSING_VALUE,info,Valor ausente na extração
97,98,RPAD5,2026-09-15,low,MISSING_VALUE,info,Valor ausente na extração
97,98,RPAD5,2026-09-15,average,MISSING_VALUE,info,Valor ausente na extração
97,98,RPAD5,2026-09-15,raw_volume,MISSING_VALUE,info,Valor ausente na extração
98,99,RPAD5,2026-09-16,close,MISSING_VALUE,info,Valor ausente na extração
98,99,RPAD5,2026-09-16,adjusted_quantity,MISSING_VALUE,info,Valor ausente na extração
98,99,RPAD5,2026-09-16,open,MISSING_VALUE,info,Valor ausente na extração
98,99,RPAD5,2026-09-16,high,MISSING_VALUE,info,Valor ausente na extração
98,99,RPAD5,2026-09-16,low,MISSING_VALUE,info,Valor ausente na extração
98,99,RPAD5,2026-09-16,average,MISSING_VALUE,info,Valor ausente na extração
98,99,RPAD5,2026-09-16,raw_volume,MISSING_VALUE,info,Valor ausente na extração
99,100,RPAD5,2026-09-17,close,MISSING_VALUE,info,Valor ausente na extração
99,100,RPAD5,2026-09-17,adjusted_quantity,MISSING_VALUE,info,Valor ausente na extração
99,100,RPAD5,2026-09-17,open,MISSING_VALUE,info,Valor ausente na extração
99,100,RPAD5,2026-09-17,high,MISSING_VALUE,info,Valor ausente na extração
99,100,RPAD5,2026-09-17,low,MISSING_VALUE,info,Valor ausente na extração
99,100,RPAD5,2026-09-17,average,MISSING_VALUE,info,Valor ausente na extração
99,100,RPAD5,2026-09-17,raw_volume,MISSING_VALUE,info,Valor ausente na extração
100,101,RPAD5,2026-09-18,close,MISSING_VALUE,info,Valor ausente na extração
100,101,RPAD5,2026-09-18,adjusted_quantity,MISSING_VALUE,info,Valor ausente na extração
100,101,RPAD5,2026-09-18,open,MISSING_VALUE,info,Valor ausente na extração
100,101,RPAD5,2026-09-18,high,MISSING_VALUE,info,Valor ausente na extração
100,101,RPAD5,2026-09-18,low,MISSING_VALUE,info,Valor ausente na extração
100,101,RPAD5,2026-09-18,average,MISSING_VALUE,info,Valor ausente na extração
100,101,RPAD5,2026-09-18,raw_volume,MISSING_VALUE,info,Valor ausente na extração
102,103,RPAD6,2026-09-07,close,MISSING_VALUE,info,Valor ausente na extração
102,103,RPAD6,2026-09-07,adjusted_quantity,MISSING_VALUE,info,Valor ausente na extração
102,103,RPAD6,2026-09-07,open,MISSING_VALUE,info,Valor ausente na extração
102,103,RPAD6,2026-09-07,high,MISSING_VALUE,info,Valor ausente na extração
102,103,RPAD6,2026-09-07,low,MISSING_VALUE,info,Valor ausente na extração
102,103,RPAD6,2026-09-07,average,MISSING_VALUE,info,Valor ausente na extração
102,103,RPAD6,2026-09-07,raw_volume,MISSING_VALUE,info,Valor ausente na extração
103,104,RPAD6,2026-09-08,close,MISSING_VALUE,info,Valor ausente na extração
103,104,RPAD6,2026-09-08,adjusted_quantity,MISSING_VALUE,info,Valor ausente na extração
103,104,RPAD6,2026-09-08,open,MISSING_VALUE,info,Valor ausente na extração
103,104,RPAD6,2026-09-08,high,MISSING_VALUE,info,Valor ausente na extração
103,104,RPAD6,2026-09-08,low,MISSING_VALUE,info,Valor ausente na extração
103,104,RPAD6,2026-09-08,average,MISSING_VALUE,info,Valor ausente na extração
103,104,RPAD6,2026-09-08,raw_volume,MISSING_VALUE,info,Valor ausente na extração
104,105,RPAD6,2026-09-09,close,MISSING_VALUE,info,Valor ausente na extração
104,105,RPAD6,2026-09-09,adjusted_quantity,MISSING_VALUE,info,Valor ausente na extração
104,105,RPAD6,2026-09-09,open,MISSING_VALUE,info,Valor ausente na extração
104,105,RPAD6,2026-09-09,high,MISSING_VALUE,info,Valor ausente na extração
104,105,RPAD6,2026-09-09,low,MISSING_VALUE,info,Valor ausente na extração
104,105,RPAD6,2026-09-09,average,MISSING_VALUE,info,Valor ausente na extração
104,105,RPAD6,2026-09-09,raw_volume,MISSING_VALUE,info,Valor ausente na extração
105,106,RPAD6,2026-09-10,close,MISSING_VALUE,info,Valor ausente na extração
105,106,RPAD6,2026-09-10,adjusted_quantity,MISSING_VALUE,info,Valor ausente na extração
105,106,RPAD6,2026-09-10,open,MISSING_VALUE,info,Valor ausente na extração
105,106,RPAD6,2026-09-10,high,MISSING_VALUE,info,Valor ausente na extração
105,106,RPAD6,2026-09-10,low,MISSING_VALUE,info,Valor ausente na extração
105,106,RPAD6,2026-09-10,average,MISSING_VALUE,info,Valor ausente na extração
105,106,RPAD6,2026-09-10,raw_volume,MISSING_VALUE,info,Valor ausente na extração
106,107,RPAD6,2026-09-11,close,MISSING_VALUE,info,Valor ausente na extração
106,107,RPAD6,2026-09-11,adjusted_quantity,MISSING_VALUE,info,Valor ausente na extração
106,107,RPAD6,2026-09-11,open,MISSING_VALUE,info,Valor ausente na extração
106,107,RPAD6,2026-09-11,high,MISSING_VALUE,info,Valor ausente na extração
106,107,RPAD6,2026-09-11,low,MISSING_VALUE,info,Valor ausente na extração
106,107,RPAD6,2026-09-11,average,MISSING_VALUE,info,Valor ausente na extração
106,107,RPAD6,2026-09-11,raw_volume,MISSING_VALUE,info,Valor ausente na extração
107,108,RPAD6,2026-09-14,close,MISSING_VALUE,info,Valor ausente na extração
107,108,RPAD6,2026-09-14,adjusted_quantity,MISSING_VALUE,info,Valor ausente na extração
107,108,RPAD6,2026-09-14,open,MISSING_VALUE,info,Valor ausente na extração
107,108,RPAD6,2026-09-14,high,MISSING_VALUE,info,Valor ausente na extração
107,108,RPAD6,2026-09-14,low,MISSING_VALUE,info,Valor ausente na extração
107,108,RPAD6,2026-09-14,average,MISSING_VALUE,info,Valor ausente na extração
107,108,RPAD6,2026-09-14,raw_volume,MISSING_VALUE,info,Valor ausente na extração
108,109,RPAD6,2026-09-15,close,MISSING_VALUE,info,Valor ausente na extração
108,109,RPAD6,2026-09-15,adjusted_quantity,MISSING_VALUE,info,Valor ausente na extração
108,109,RPAD6,2026-09-15,open,MISSING_VALUE,info,Valor ausente na extração
108,109,RPAD6,2026-09-15,high,MISSING_VALUE,info,Valor ausente na extração
108,109,RPAD6,2026-09-15,low,MISSING_VALUE,info,Valor ausente na extração
108,109,RPAD6,2026-09-15,average,MISSING_VALUE,info,Valor ausente na extração
108,109,RPAD6,2026-09-15,raw_volume,MISSING_VALUE,info,Valor ausente na extração
109,110,RPAD6,2026-09-16,close,MISSING_VALUE,info,Valor ausente na extração
109,110,RPAD6,2026-09-16,adjusted_quantity,MISSING_VALUE,info,Valor ausente na extração
109,110,RPAD6,2026-09-16,open,MISSING_VALUE,info,Valor ausente na extração
109,110,RPAD6,2026-09-16,high,MISSING_VALUE,info,Valor ausente na extração
109,110,RPAD6,2026-09-16,low,MISSING_VALUE,info,Valor ausente na extração
109,110,RPAD6,2026-09-16,average,MISSING_VALUE,info,Valor ausente na extração
109,110,RPAD6,2026-09-16,raw_volume,MISSING_VALUE,info,Valor ausente na extração
110,111,RPAD6,2026-09-17,close,MISSING_VALUE,info,Valor ausente na extração
110,111,RPAD6,2026-09-17,adjusted_quantity,MISSING_VALUE,info,Valor ausente na extração
110,111,RPAD6,2026-09-17,open,MISSING_VALUE,info,Valor ausente na extração
110,111,RPAD6,2026-09-17,high,MISSING_VALUE,info,Valor ausente na extração
110,111,RPAD6,2026-09-17,low,MISSING_VALUE,info,Valor ausente na extração
110,111,RPAD6,2026-09-17,average,MISSING_VALUE,info,Valor ausente na extração
110,111,RPAD6,2026-09-17,raw_volume,MISSING_VALUE,info,Valor ausente na extração
111,112,RPAD6,2026-09-18,close,MISSING_VALUE,info,Valor ausente na extração
111,112,RPAD6,2026-09-18,adjusted_quantity,MISSING_VALUE,info,Valor ausente na extração
111,112,RPAD6,2026-09-18,open,MISSING_VALUE,info,Valor ausente na extração
111,112,RPAD6,2026-09-18,high,MISSING_VALUE,info,Valor ausente na extração
111,112,RPAD6,2026-09-18,low,MISSING_VALUE,info,Valor ausente na extração
111,112,RPAD6,2026-09-18,average,MISSING_VALUE,info,Valor ausente na extração
111,112,RPAD6,2026-09-18,raw_volume,MISSING_VALUE,info,Valor ausente na extração
113,114,APTI3,1920-01-02,close,MISSING_VALUE,info,Valor ausente na extração
113,114,APTI3,1920-01-02,adjusted_quantity,MISSING_VALUE,info,Valor ausente na extração
113,114,APTI3,1920-01-02,open,MISSING_VALUE,info,Valor ausente na extração
113,114,APTI3,1920-01-02,high,MISSING_VALUE,info,Valor ausente na extração
113,114,APTI3,1920-01-02,low,MISSING_VALUE,info,Valor ausente na extração
113,114,APTI3,1920-01-02,average,MISSING_VALUE,info,Valor ausente na extração
113,114,APTI3,1920-01-02,raw_volume,MISSING_VALUE,info,Valor ausente na extração
114,115,APTI4,2018-07-18,close,MISSING_VALUE,info,Valor ausente na extração
114,115,APTI4,2018-07-18,adjusted_quantity,MISSING_VALUE,info,Valor ausente na extração
114,115,APTI4,2018-07-18,open,MISSING_VALUE,info,Valor ausente na extração
114,115,APTI4,2018-07-18,high,MISSING_VALUE,info,Valor ausente na extração
114,115,APTI4,2018-07-18,low,MISSING_VALUE,info,Valor ausente na extração
114,115,APTI4,2018-07-18,average,MISSING_VALUE,info,Valor ausente na extração
114,115,APTI4,2018-07-18,raw_volume,MISSING_VALUE,info,Valor ausente na extração
115,116,APTI4,2018-07-19,close,MISSING_VALUE,info,Valor ausente na extração
115,116,APTI4,2018-07-19,adjusted_quantity,MISSING_VALUE,info,Valor ausente na extração
115,116,APTI4,2018-07-19,open,MISSING_VALUE,info,Valor ausente na extração
115,116,APTI4,2018-07-19,high,MISSING_VALUE,info,Valor ausente na extração
115,116,APTI4,2018-07-19,low,MISSING_VALUE,info,Valor ausente na extração
115,116,APTI4,2018-07-19,average,MISSING_VALUE,info,Valor ausente na extração
115,116,APTI4,2018-07-19,raw_volume,MISSING_VALUE,info,Valor ausente na extração
116,117,APTI4,2018-07-20,close,MISSING_VALUE,info,Valor ausente na extração
116,117,APTI4,2018-07-20,adjusted_quantity,MISSING_VALUE,info,Valor ausente na extração
116,117,APTI4,2018-07-20,open,MISSING_VALUE,info,Valor ausente na extração
116,117,APTI4,2018-07-20,high,MISSING_VALUE,info,Valor ausente na extração
116,117,APTI4,2018-07-20,low,MISSING_VALUE,info,Valor ausente na extração
116,117,APTI4,2018-07-20,average,MISSING_VALUE,info,Valor ausente na extração
116,117,APTI4,2018-07-20,raw_volume,MISSING_VALUE,info,Valor ausente na extração
117,118,APTI4,2018-07-23,close,MISSING_VALUE,info,Valor ausente na extração
117,118,APTI4,2018-07-23,adjusted_quantity,MISSING_VALUE,info,Valor ausente na extração
117,118,APTI4,2018-07-23,open,MISSING_VALUE,info,Valor ausente na extração
117,118,APTI4,2018-07-23,high,MISSING_VALUE,info,Valor ausente na extração
117,118,APTI4,2018-07-23,low,MISSING_VALUE,info,Valor ausente na extração
117,118,APTI4,2018-07-23,average,MISSING_VALUE,info,Valor ausente na extração
117,118,APTI4,2018-07-23,raw_volume,MISSING_VALUE,info,Valor ausente na extração
118,119,APTI4,2018-07-24,close,MISSING_VALUE,info,Valor ausente na extração
118,119,APTI4,2018-07-24,adjusted_quantity,MISSING_VALUE,info,Valor ausente na extração
118,119,APTI4,2018-07-24,open,MISSING_VALUE,info,Valor ausente na extração
118,119,APTI4,2018-07-24,high,MISSING_VALUE,info,Valor ausente na extração
118,119,APTI4,2018-07-24,low,MISSING_VALUE,info,Valor ausente na extração
118,119,APTI4,2018-07-24,average,MISSING_VALUE,info,Valor ausente na extração
118,119,APTI4,2018-07-24,raw_volume,MISSING_VALUE,info,Valor ausente na extração
119,120,APTI4,2018-07-25,close,MISSING_VALUE,info,Valor ausente na extração
119,120,APTI4,2018-07-25,adjusted_quantity,MISSING_VALUE,info,Valor ausente na extração
119,120,APTI4,2018-07-25,open,MISSING_VALUE,info,Valor ausente na extração
119,120,APTI4,2018-07-25,high,MISSING_VALUE,info,Valor ausente na extração
119,120,APTI4,2018-07-25,low,MISSING_VALUE,info,Valor ausente na extração
119,120,APTI4,2018-07-25,average,MISSING_VALUE,info,Valor ausente na extração
119,120,APTI4,2018-07-25,raw_volume,MISSING_VALUE,info,Valor ausente na extração
120,121,APTI4,2018-07-26,close,MISSING_VALUE,info,Valor ausente na extração
120,121,APTI4,2018-07-26,adjusted_quantity,MISSING_VALUE,info,Valor ausente na extração
120,121,APTI4,2018-07-26,open,MISSING_VALUE,info,Valor ausente na extração
120,121,APTI4,2018-07-26,high,MISSING_VALUE,info,Valor ausente na extração
120,121,APTI4,2018-07-26,low,MISSING_VALUE,info,Valor ausente na extração
120,121,APTI4,2018-07-26,average,MISSING_VALUE,info,Valor ausente na extração
120,121,APTI4,2018-07-26,raw_volume,MISSING_VALUE,info,Valor ausente na extração
121,122,APTI4,2018-07-27,close,MISSING_VALUE,info,Valor ausente na extração
121,122,APTI4,2018-07-27,adjusted_quantity,MISSING_VALUE,info,Valor ausente na extração
121,122,APTI4,2018-07-27,open,MISSING_VALUE,info,Valor ausente na extração
121,122,APTI4,2018-07-27,high,MISSING_VALUE,info,Valor ausente na extração
121,122,APTI4,2018-07-27,low,MISSING_VALUE,info,Valor ausente na extração
121,122,APTI4,2018-07-27,average,MISSING_VALUE,info,Valor ausente na extração
121,122,APTI4,2018-07-27,raw_volume,MISSING_VALUE,info,Valor ausente na extração
122,123,APTI4,2018-07-30,close,MISSING_VALUE,info,Valor ausente na extração
122,123,APTI4,2018-07-30,adjusted_quantity,MISSING_VALUE,info,Valor ausente na extração
122,123,APTI4,2018-07-30,open,MISSING_VALUE,info,Valor ausente na extração
122,123,APTI4,2018-07-30,high,MISSING_VALUE,info,Valor ausente na extração
122,123,APTI4,2018-07-30,low,MISSING_VALUE,info,Valor ausente na extração
122,123,APTI4,2018-07-30,average,MISSING_VALUE,info,Valor ausente na extração
122,123,APTI4,2018-07-30,raw_volume,MISSING_VALUE,info,Valor ausente na extração
123,124,APTI4,2018-07-31,close,MISSING_VALUE,info,Valor ausente na extração
123,124,APTI4,2018-07-31,adjusted_quantity,MISSING_VALUE,info,Valor ausente na extração
123,124,APTI4,2018-07-31,open,MISSING_VALUE,info,Valor ausente na extração
123,124,APTI4,2018-07-31,high,MISSING_VALUE,info,Valor ausente na extração
123,124,APTI4,2018-07-31,low,MISSING_VALUE,info,Valor ausente na extração
123,124,APTI4,2018-07-31,average,MISSING_VALUE,info,Valor ausente na extração
123,124,APTI4,2018-07-31,raw_volume,MISSING_VALUE,info,Valor ausente na extração
124,125,APTI4,2018-08-01,raw_volume,VOLUME_PRICE_DIVERGENCE,info,Volume bruto difere mais de 10% de quantidade ajustada × preço médio ajustado; bases de ajuste podem diferir
125,126,AALR3,2026-09-07,close,MISSING_VALUE,info,Valor ausente na extração
125,126,AALR3,2026-09-07,adjusted_quantity,MISSING_VALUE,info,Valor ausente na extração
125,126,AALR3,2026-09-07,open,MISSING_VALUE,info,Valor ausente na extração
125,126,AALR3,2026-09-07,high,MISSING_VALUE,info,Valor ausente na extração
125,126,AALR3,2026-09-07,low,MISSING_VALUE,info,Valor ausente na extração
125,126,AALR3,2026-09-07,average,MISSING_VALUE,info,Valor ausente na extração
125,126,AALR3,2026-09-07,raw_volume,MISSING_VALUE,info,Valor ausente na extração
136,137,ALLD3,2026-09-07,close,MISSING_VALUE,info,Valor ausente na extração
136,137,ALLD3,2026-09-07,adjusted_quantity,MISSING_VALUE,info,Valor ausente na extração
136,137,ALLD3,2026-09-07,open,MISSING_VALUE,info,Valor ausente na extração
136,137,ALLD3,2026-09-07,high,MISSING_VALUE,info,Valor ausente na extração
136,137,ALLD3,2026-09-07,low,MISSING_VALUE,info,Valor ausente na extração
136,137,ALLD3,2026-09-07,average,MISSING_VALUE,info,Valor ausente na extração
136,137,ALLD3,2026-09-07,raw_volume,MISSING_VALUE,info,Valor ausente na extração
147,148,ALOS3,2026-09-07,close,MISSING_VALUE,info,Valor ausente na extração
147,148,ALOS3,2026-09-07,adjusted_quantity,MISSING_VALUE,info,Valor ausente na extração
147,148,ALOS3,2026-09-07,open,MISSING_VALUE,info,Valor ausente na extração
147,148,ALOS3,2026-09-07,high,MISSING_VALUE,info,Valor ausente na extração
147,148,ALOS3,2026-09-07,low,MISSING_VALUE,info,Valor ausente na extração
147,148,ALOS3,2026-09-07,average,MISSING_VALUE,info,Valor ausente na extração
147,148,ALOS3,2026-09-07,raw_volume,MISSING_VALUE,info,Valor ausente na extração
158,159,ALPA3,2026-09-07,close,MISSING_VALUE,info,Valor ausente na extração
158,159,ALPA3,2026-09-07,adjusted_quantity,MISSING_VALUE,info,Valor ausente na extração
158,159,ALPA3,2026-09-07,open,MISSING_VALUE,info,Valor ausente na extração
158,159,ALPA3,2026-09-07,high,MISSING_VALUE,info,Valor ausente na extração
158,159,ALPA3,2026-09-07,low,MISSING_VALUE,info,Valor ausente na extração
158,159,ALPA3,2026-09-07,average,MISSING_VALUE,info,Valor ausente na extração
158,159,ALPA3,2026-09-07,raw_volume,MISSING_VALUE,info,Valor ausente na extração
169,170,ALPA4,2026-09-07,close,MISSING_VALUE,info,Valor ausente na extração
169,170,ALPA4,2026-09-07,adjusted_quantity,MISSING_VALUE,info,Valor ausente na extração
169,170,ALPA4,2026-09-07,open,MISSING_VALUE,info,Valor ausente na extração
169,170,ALPA4,2026-09-07,high,MISSING_VALUE,info,Valor ausente na extração
169,170,ALPA4,2026-09-07,low,MISSING_VALUE,info,Valor ausente na extração
169,170,ALPA4,2026-09-07,average,MISSING_VALUE,info,Valor ausente na extração
169,170,ALPA4,2026-09-07,raw_volume,MISSING_VALUE,info,Valor ausente na extração
181,182,AVLL3,2026-09-04,close,MISSING_VALUE,info,Valor ausente na extração
181,182,AVLL3,2026-09-04,adjusted_quantity,MISSING_VALUE,info,Valor ausente na extração
181,182,AVLL3,2026-09-04,open,MISSING_VALUE,info,Valor ausente na extração
181,182,AVLL3,2026-09-04,high,MISSING_VALUE,info,Valor ausente na extração
181,182,AVLL3,2026-09-04,low,MISSING_VALUE,info,Valor ausente na extração
181,182,AVLL3,2026-09-04,average,MISSING_VALUE,info,Valor ausente na extração
181,182,AVLL3,2026-09-04,raw_volume,MISSING_VALUE,info,Valor ausente na extração
182,183,AVLL3,2026-09-07,close,MISSING_VALUE,info,Valor ausente na extração
182,183,AVLL3,2026-09-07,adjusted_quantity,MISSING_VALUE,info,Valor ausente na extração
182,183,AVLL3,2026-09-07,open,MISSING_VALUE,info,Valor ausente na extração
182,183,AVLL3,2026-09-07,high,MISSING_VALUE,info,Valor ausente na extração
182,183,AVLL3,2026-09-07,low,MISSING_VALUE,info,Valor ausente na extração
182,183,AVLL3,2026-09-07,average,MISSING_VALUE,info,Valor ausente na extração
182,183,AVLL3,2026-09-07,raw_volume,MISSING_VALUE,info,Valor ausente na extração
191,192,ALUP3,2026-09-07,close,MISSING_VALUE,info,Valor ausente na extração
191,192,ALUP3,2026-09-07,adjusted_quantity,MISSING_VALUE,info,Valor ausente na extração
191,192,ALUP3,2026-09-07,open,MISSING_VALUE,info,Valor ausente na extração
191,192,ALUP3,2026-09-07,high,MISSING_VALUE,info,Valor ausente na extração
191,192,ALUP3,2026-09-07,low,MISSING_VALUE,info,Valor ausente na extração
191,192,ALUP3,2026-09-07,average,MISSING_VALUE,info,Valor ausente na extração
191,192,ALUP3,2026-09-07,raw_volume,MISSING_VALUE,info,Valor ausente na extração
202,203,ALUP4,2026-09-07,close,MISSING_VALUE,info,Valor ausente na extração
202,203,ALUP4,2026-09-07,adjusted_quantity,MISSING_VALUE,info,Valor ausente na extração
202,203,ALUP4,2026-09-07,open,MISSING_VALUE,info,Valor ausente na extração
202,203,ALUP4,2026-09-07,high,MISSING_VALUE,info,Valor ausente na extração
202,203,ALUP4,2026-09-07,low,MISSING_VALUE,info,Valor ausente na extração
202,203,ALUP4,2026-09-07,average,MISSING_VALUE,info,Valor ausente na extração
202,203,ALUP4,2026-09-07,raw_volume,MISSING_VALUE,info,Valor ausente na extração
213,214,ALUP11,2026-09-07,close,MISSING_VALUE,info,Valor ausente na extração
213,214,ALUP11,2026-09-07,adjusted_quantity,MISSING_VALUE,info,Valor ausente na extração
213,214,ALUP11,2026-09-07,open,MISSING_VALUE,info,Valor ausente na extração
213,214,ALUP11,2026-09-07,high,MISSING_VALUE,info,Valor ausente na extração
213,214,ALUP11,2026-09-07,low,MISSING_VALUE,info,Valor ausente na extração
213,214,ALUP11,2026-09-07,average,MISSING_VALUE,info,Valor ausente na extração
213,214,ALUP11,2026-09-07,raw_volume,MISSING_VALUE,info,Valor ausente na extração
213,214,ALUP11,2026-09-07,Ativo,INSTRUMENT_AMBIGUOUS,warning,Final 11 pode representar instrumentos distintos
214,215,ALUP11,2026-09-08,Ativo,INSTRUMENT_AMBIGUOUS,warning,Final 11 pode representar instrumentos distintos
215,216,ALUP11,2026-09-09,Ativo,INSTRUMENT_AMBIGUOUS,warning,Final 11 pode representar instrumentos distintos
216,217,ALUP11,2026-09-10,Ativo,INSTRUMENT_AMBIGUOUS,warning,Final 11 pode representar instrumentos distintos
217,218,ALUP11,2026-09-11,Ativo,INSTRUMENT_AMBIGUOUS,warning,Final 11 pode representar instrumentos distintos
218,219,ALUP11,2026-09-14,Ativo,INSTRUMENT_AMBIGUOUS,warning,Final 11 pode representar instrumentos distintos
219,220,ALUP11,2026-09-15,Ativo,INSTRUMENT_AMBIGUOUS,warning,Final 11 pode representar instrumentos distintos
220,221,ALUP11,2026-09-16,Ativo,INSTRUMENT_AMBIGUOUS,warning,Final 11 pode representar instrumentos distintos
221,222,ALUP11,2026-09-17,Ativo,INSTRUMENT_AMBIGUOUS,warning,Final 11 pode representar instrumentos distintos
222,223,ALUP11,2026-09-18,Ativo,INSTRUMENT_AMBIGUOUS,warning,Final 11 pode representar instrumentos distintos
223,224,ALUP11,2026-09-21,Ativo,INSTRUMENT_AMBIGUOUS,warning,Final 11 pode representar instrumentos distintos
224,225,BAZA3,2026-09-07,close,MISSING_VALUE,info,Valor ausente na extração
224,225,BAZA3,2026-09-07,adjusted_quantity,MISSING_VALUE,info,Valor ausente na extração
224,225,BAZA3,2026-09-07,open,MISSING_VALUE,info,Valor ausente na extração
224,225,BAZA3,2026-09-07,high,MISSING_VALUE,info,Valor ausente na extração
224,225,BAZA3,2026-09-07,low,MISSING_VALUE,info,Valor ausente na extração
224,225,BAZA3,2026-09-07,average,MISSING_VALUE,info,Valor ausente na extração
224,225,BAZA3,2026-09-07,raw_volume,MISSING_VALUE,info,Valor ausente na extração
235,236,ABEV3,2026-09-07,close,MISSING_VALUE,info,Valor ausente na extração
235,236,ABEV3,2026-09-07,adjusted_quantity,MISSING_VALUE,info,Valor ausente na extração
235,236,ABEV3,2026-09-07,open,MISSING_VALUE,info,Valor ausente na extração
235,236,ABEV3,2026-09-07,high,MISSING_VALUE,info,Valor ausente na extração
235,236,ABEV3,2026-09-07,low,MISSING_VALUE,info,Valor ausente na extração
235,236,ABEV3,2026-09-07,average,MISSING_VALUE,info,Valor ausente na extração
235,236,ABEV3,2026-09-07,raw_volume,MISSING_VALUE,info,Valor ausente na extração
246,247,AMBP3,2026-09-07,close,MISSING_VALUE,info,Valor ausente na extração
246,247,AMBP3,2026-09-07,adjusted_quantity,MISSING_VALUE,info,Valor ausente na extração
246,247,AMBP3,2026-09-07,open,MISSING_VALUE,info,Valor ausente na extração
246,247,AMBP3,2026-09-07,high,MISSING_VALUE,info,Valor ausente na extração
246,247,AMBP3,2026-09-07,low,MISSING_VALUE,info,Valor ausente na extração
246,247,AMBP3,2026-09-07,average,MISSING_VALUE,info,Valor ausente na extração
246,247,AMBP3,2026-09-07,raw_volume,MISSING_VALUE,info,Valor ausente na extração
257,258,AMER3,2026-09-07,close,MISSING_VALUE,info,Valor ausente na extração
257,258,AMER3,2026-09-07,adjusted_quantity,MISSING_VALUE,info,Valor ausente na extração
257,258,AMER3,2026-09-07,open,MISSING_VALUE,info,Valor ausente na extração
257,258,AMER3,2026-09-07,high,MISSING_VALUE,info,Valor ausente na extração
257,258,AMER3,2026-09-07,low,MISSING_VALUE,info,Valor ausente na extração
257,258,AMER3,2026-09-07,average,MISSING_VALUE,info,Valor ausente na extração
257,258,AMER3,2026-09-07,raw_volume,MISSING_VALUE,info,Valor ausente na extração
268,269,CBEE3,2026-09-01,close,MISSING_VALUE,info,Valor ausente na extração
268,269,CBEE3,2026-09-01,adjusted_quantity,MISSING_VALUE,info,Valor ausente na extração
268,269,CBEE3,2026-09-01,open,MISSING_VALUE,info,Valor ausente na extração
268,269,CBEE3,2026-09-01,high,MISSING_VALUE,info,Valor ausente na extração
268,269,CBEE3,2026-09-01,low,MISSING_VALUE,info,Valor ausente na extração
268,269,CBEE3,2026-09-01,average,MISSING_VALUE,info,Valor ausente na extração
268,269,CBEE3,2026-09-01,raw_volume,MISSING_VALUE,info,Valor ausente na extração
269,270,CBEE3,2026-09-02,close,MISSING_VALUE,info,Valor ausente na extração
269,270,CBEE3,2026-09-02,adjusted_quantity,MISSING_VALUE,info,Valor ausente na extração
269,270,CBEE3,2026-09-02,open,MISSING_VALUE,info,Valor ausente na extração
269,270,CBEE3,2026-09-02,high,MISSING_VALUE,info,Valor ausente na extração
269,270,CBEE3,2026-09-02,low,MISSING_VALUE,info,Valor ausente na extração
269,270,CBEE3,2026-09-02,average,MISSING_VALUE,info,Valor ausente na extração
269,270,CBEE3,2026-09-02,raw_volume,MISSING_VALUE,info,Valor ausente na extração
270,271,CBEE3,2026-09-03,close,MISSING_VALUE,info,Valor ausente na extração
270,271,CBEE3,2026-09-03,adjusted_quantity,MISSING_VALUE,info,Valor ausente na extração
270,271,CBEE3,2026-09-03,open,MISSING_VALUE,info,Valor ausente na extração
270,271,CBEE3,2026-09-03,high,MISSING_VALUE,info,Valor ausente na extração
270,271,CBEE3,2026-09-03,low,MISSING_VALUE,info,Valor ausente na extração
270,271,CBEE3,2026-09-03,average,MISSING_VALUE,info,Valor ausente na extração
270,271,CBEE3,2026-09-03,raw_volume,MISSING_VALUE,info,Valor ausente na extração
272,273,CBEE3,2026-09-07,close,MISSING_VALUE,info,Valor ausente na extração
272,273,CBEE3,2026-09-07,adjusted_quantity,MISSING_VALUE,info,Valor ausente na extração
272,273,CBEE3,2026-09-07,open,MISSING_VALUE,info,Valor ausente na extração
272,273,CBEE3,2026-09-07,high,MISSING_VALUE,info,Valor ausente na extração
272,273,CBEE3,2026-09-07,low,MISSING_VALUE,info,Valor ausente na extração
272,273,CBEE3,2026-09-07,average,MISSING_VALUE,info,Valor ausente na extração
272,273,CBEE3,2026-09-07,raw_volume,MISSING_VALUE,info,Valor ausente na extração
274,275,CBEE3,2026-09-09,close,MISSING_VALUE,info,Valor ausente na extração
274,275,CBEE3,2026-09-09,adjusted_quantity,MISSING_VALUE,info,Valor ausente na extração
274,275,CBEE3,2026-09-09,open,MISSING_VALUE,info,Valor ausente na extração
274,275,CBEE3,2026-09-09,high,MISSING_VALUE,info,Valor ausente na extração
274,275,CBEE3,2026-09-09,low,MISSING_VALUE,info,Valor ausente na extração
274,275,CBEE3,2026-09-09,average,MISSING_VALUE,info,Valor ausente na extração
274,275,CBEE3,2026-09-09,raw_volume,MISSING_VALUE,info,Valor ausente na extração
275,276,CBEE3,2026-09-10,close,MISSING_VALUE,info,Valor ausente na extração
275,276,CBEE3,2026-09-10,adjusted_quantity,MISSING_VALUE,info,Valor ausente na extração
275,276,CBEE3,2026-09-10,open,MISSING_VALUE,info,Valor ausente na extração
275,276,CBEE3,2026-09-10,high,MISSING_VALUE,info,Valor ausente na extração
275,276,CBEE3,2026-09-10,low,MISSING_VALUE,info,Valor ausente na extração
275,276,CBEE3,2026-09-10,average,MISSING_VALUE,info,Valor ausente na extração
275,276,CBEE3,2026-09-10,raw_volume,MISSING_VALUE,info,Valor ausente na extração
276,277,CBEE3,2026-09-11,close,MISSING_VALUE,info,Valor ausente na extração
276,277,CBEE3,2026-09-11,adjusted_quantity,MISSING_VALUE,info,Valor ausente na extração
276,277,CBEE3,2026-09-11,open,MISSING_VALUE,info,Valor ausente na extração
276,277,CBEE3,2026-09-11,high,MISSING_VALUE,info,Valor ausente na extração
276,277,CBEE3,2026-09-11,low,MISSING_VALUE,info,Valor ausente na extração
276,277,CBEE3,2026-09-11,average,MISSING_VALUE,info,Valor ausente na extração
276,277,CBEE3,2026-09-11,raw_volume,MISSING_VALUE,info,Valor ausente na extração
277,278,CBEE3,2026-09-14,close,MISSING_VALUE,info,Valor ausente na extração
277,278,CBEE3,2026-09-14,adjusted_quantity,MISSING_VALUE,info,Valor ausente na extração
277,278,CBEE3,2026-09-14,open,MISSING_VALUE,info,Valor ausente na extração
277,278,CBEE3,2026-09-14,high,MISSING_VALUE,info,Valor ausente na extração
277,278,CBEE3,2026-09-14,low,MISSING_VALUE,info,Valor ausente na extração
277,278,CBEE3,2026-09-14,average,MISSING_VALUE,info,Valor ausente na extração
277,278,CBEE3,2026-09-14,raw_volume,MISSING_VALUE,info,Valor ausente na extração
279,280,ANIM3,2026-09-07,close,MISSING_VALUE,info,Valor ausente na extração
279,280,ANIM3,2026-09-07,adjusted_quantity,MISSING_VALUE,info,Valor ausente na extração
279,280,ANIM3,2026-09-07,open,MISSING_VALUE,info,Valor ausente na extração
279,280,ANIM3,2026-09-07,high,MISSING_VALUE,info,Valor ausente na extração
279,280,ANIM3,2026-09-07,low,MISSING_VALUE,info,Valor ausente na extração
279,280,ANIM3,2026-09-07,average,MISSING_VALUE,info,Valor ausente na extração
279,280,ANIM3,2026-09-07,raw_volume,MISSING_VALUE,info,Valor ausente na extração
290,291,ARND3,2026-09-07,close,MISSING_VALUE,info,Valor ausente na extração
290,291,ARND3,2026-09-07,adjusted_quantity,MISSING_VALUE,info,Valor ausente na extração
290,291,ARND3,2026-09-07,open,MISSING_VALUE,info,Valor ausente na extração
290,291,ARND3,2026-09-07,high,MISSING_VALUE,info,Valor ausente na extração
290,291,ARND3,2026-09-07,low,MISSING_VALUE,info,Valor ausente na extração
290,291,ARND3,2026-09-07,average,MISSING_VALUE,info,Valor ausente na extração
290,291,ARND3,2026-09-07,raw_volume,MISSING_VALUE,info,Valor ausente na extração
292,293,ARND3,2026-09-09,close,MISSING_VALUE,info,Valor ausente na extração
292,293,ARND3,2026-09-09,adjusted_quantity,MISSING_VALUE,info,Valor ausente na extração
292,293,ARND3,2026-09-09,open,MISSING_VALUE,info,Valor ausente na extração
292,293,ARND3,2026-09-09,high,MISSING_VALUE,info,Valor ausente na extração
292,293,ARND3,2026-09-09,low,MISSING_VALUE,info,Valor ausente na extração
292,293,ARND3,2026-09-09,average,MISSING_VALUE,info,Valor ausente na extração
292,293,ARND3,2026-09-09,raw_volume,MISSING_VALUE,info,Valor ausente na extração
299,300,ARND3,2026-09-18,close,MISSING_VALUE,info,Valor ausente na extração
299,300,ARND3,2026-09-18,adjusted_quantity,MISSING_VALUE,info,Valor ausente na extração
299,300,ARND3,2026-09-18,open,MISSING_VALUE,info,Valor ausente na extração
299,300,ARND3,2026-09-18,high,MISSING_VALUE,info,Valor ausente na extração
299,300,ARND3,2026-09-18,low,MISSING_VALUE,info,Valor ausente na extração
299,300,ARND3,2026-09-18,average,MISSING_VALUE,info,Valor ausente na extração
299,300,ARND3,2026-09-18,raw_volume,MISSING_VALUE,info,Valor ausente na extração
301,302,ARML3,2026-09-07,close,MISSING_VALUE,info,Valor ausente na extração
301,302,ARML3,2026-09-07,adjusted_quantity,MISSING_VALUE,info,Valor ausente na extração
301,302,ARML3,2026-09-07,open,MISSING_VALUE,info,Valor ausente na extração
301,302,ARML3,2026-09-07,high,MISSING_VALUE,info,Valor ausente na extração
301,302,ARML3,2026-09-07,low,MISSING_VALUE,info,Valor ausente na extração
301,302,ARML3,2026-09-07,average,MISSING_VALUE,info,Valor ausente na extração
301,302,ARML3,2026-09-07,raw_volume,MISSING_VALUE,info,Valor ausente na extração
312,313,ASAI3,2026-09-07,close,MISSING_VALUE,info,Valor ausente na extração
312,313,ASAI3,2026-09-07,adjusted_quantity,MISSING_VALUE,info,Valor ausente na extração
312,313,ASAI3,2026-09-07,open,MISSING_VALUE,info,Valor ausente na extração
312,313,ASAI3,2026-09-07,high,MISSING_VALUE,info,Valor ausente na extração
312,313,ASAI3,2026-09-07,low,MISSING_VALUE,info,Valor ausente na extração
312,313,ASAI3,2026-09-07,average,MISSING_VALUE,info,Valor ausente na extração
312,313,ASAI3,2026-09-07,raw_volume,MISSING_VALUE,info,Valor ausente na extração
323,324,ATED3,2026-09-07,close,MISSING_VALUE,info,Valor ausente na extração
323,324,ATED3,2026-09-07,adjusted_quantity,MISSING_VALUE,info,Valor ausente na extração
323,324,ATED3,2026-09-07,open,MISSING_VALUE,info,Valor ausente na extração
323,324,ATED3,2026-09-07,high,MISSING_VALUE,info,Valor ausente na extração
323,324,ATED3,2026-09-07,low,MISSING_VALUE,info,Valor ausente na extração
323,324,ATED3,2026-09-07,average,MISSING_VALUE,info,Valor ausente na extração
323,324,ATED3,2026-09-07,raw_volume,MISSING_VALUE,info,Valor ausente na extração
334,335,AURA33,2026-09-07,close,MISSING_VALUE,info,Valor ausente na extração
334,335,AURA33,2026-09-07,adjusted_quantity,MISSING_VALUE,info,Valor ausente na extração
334,335,AURA33,2026-09-07,open,MISSING_VALUE,info,Valor ausente na extração
334,335,AURA33,2026-09-07,high,MISSING_VALUE,info,Valor ausente na extração
334,335,AURA33,2026-09-07,low,MISSING_VALUE,info,Valor ausente na extração
334,335,AURA33,2026-09-07,average,MISSING_VALUE,info,Valor ausente na extração
334,335,AURA33,2026-09-07,raw_volume,MISSING_VALUE,info,Valor ausente na extração
345,346,AURE3,2026-09-07,close,MISSING_VALUE,info,Valor ausente na extração
345,346,AURE3,2026-09-07,adjusted_quantity,MISSING_VALUE,info,Valor ausente na extração
345,346,AURE3,2026-09-07,open,MISSING_VALUE,info,Valor ausente na extração
345,346,AURE3,2026-09-07,high,MISSING_VALUE,info,Valor ausente na extração
345,346,AURE3,2026-09-07,low,MISSING_VALUE,info,Valor ausente na extração
345,346,AURE3,2026-09-07,average,MISSING_VALUE,info,Valor ausente na extração
345,346,AURE3,2026-09-07,raw_volume,MISSING_VALUE,info,Valor ausente na extração
356,357,AMOB3,2026-09-07,close,MISSING_VALUE,info,Valor ausente na extração
356,357,AMOB3,2026-09-07,adjusted_quantity,MISSING_VALUE,info,Valor ausente na extração
356,357,AMOB3,2026-09-07,open,MISSING_VALUE,info,Valor ausente na extração
356,357,AMOB3,2026-09-07,high,MISSING_VALUE,info,Valor ausente na extração
356,357,AMOB3,2026-09-07,low,MISSING_VALUE,info,Valor ausente na extração
356,357,AMOB3,2026-09-07,average,MISSING_VALUE,info,Valor ausente na extração
356,357,AMOB3,2026-09-07,raw_volume,MISSING_VALUE,info,Valor ausente na extração
367,368,AXIA3,2026-09-07,close,MISSING_VALUE,info,Valor ausente na extração
367,368,AXIA3,2026-09-07,adjusted_quantity,MISSING_VALUE,info,Valor ausente na extração
367,368,AXIA3,2026-09-07,open,MISSING_VALUE,info,Valor ausente na extração
367,368,AXIA3,2026-09-07,high,MISSING_VALUE,info,Valor ausente na extração
367,368,AXIA3,2026-09-07,low,MISSING_VALUE,info,Valor ausente na extração
367,368,AXIA3,2026-09-07,average,MISSING_VALUE,info,Valor ausente na extração
367,368,AXIA3,2026-09-07,raw_volume,MISSING_VALUE,info,Valor ausente na extração
378,379,AXIA7,2026-09-07,close,MISSING_VALUE,info,Valor ausente na extração
378,379,AXIA7,2026-09-07,adjusted_quantity,MISSING_VALUE,info,Valor ausente na extração
378,379,AXIA7,2026-09-07,open,MISSING_VALUE,info,Valor ausente na extração
378,379,AXIA7,2026-09-07,high,MISSING_VALUE,info,Valor ausente na extração
378,379,AXIA7,2026-09-07,low,MISSING_VALUE,info,Valor ausente na extração
378,379,AXIA7,2026-09-07,average,MISSING_VALUE,info,Valor ausente na extração
378,379,AXIA7,2026-09-07,raw_volume,MISSING_VALUE,info,Valor ausente na extração
389,390,AZEV3,2026-09-07,close,MISSING_VALUE,info,Valor ausente na extração
389,390,AZEV3,2026-09-07,adjusted_quantity,MISSING_VALUE,info,Valor ausente na extração
389,390,AZEV3,2026-09-07,open,MISSING_VALUE,info,Valor ausente na extração
389,390,AZEV3,2026-09-07,high,MISSING_VALUE,info,Valor ausente na extração
389,390,AZEV3,2026-09-07,low,MISSING_VALUE,info,Valor ausente na extração
389,390,AZEV3,2026-09-07,average,MISSING_VALUE,info,Valor ausente na extração
389,390,AZEV3,2026-09-07,raw_volume,MISSING_VALUE,info,Valor ausente na extração
400,401,AZEV4,2026-09-07,close,MISSING_VALUE,info,Valor ausente na extração
400,401,AZEV4,2026-09-07,adjusted_quantity,MISSING_VALUE,info,Valor ausente na extração
400,401,AZEV4,2026-09-07,open,MISSING_VALUE,info,Valor ausente na extração
400,401,AZEV4,2026-09-07,high,MISSING_VALUE,info,Valor ausente na extração
400,401,AZEV4,2026-09-07,low,MISSING_VALUE,info,Valor ausente na extração
400,401,AZEV4,2026-09-07,average,MISSING_VALUE,info,Valor ausente na extração
400,401,AZEV4,2026-09-07,raw_volume,MISSING_VALUE,info,Valor ausente na extração
411,412,AZTE3,2026-09-07,close,MISSING_VALUE,info,Valor ausente na extração
411,412,AZTE3,2026-09-07,adjusted_quantity,MISSING_VALUE,info,Valor ausente na extração
411,412,AZTE3,2026-09-07,open,MISSING_VALUE,info,Valor ausente na extração
411,412,AZTE3,2026-09-07,high,MISSING_VALUE,info,Valor ausente na extração
411,412,AZTE3,2026-09-07,low,MISSING_VALUE,info,Valor ausente na extração
411,412,AZTE3,2026-09-07,average,MISSING_VALUE,info,Valor ausente na extração
411,412,AZTE3,2026-09-07,raw_volume,MISSING_VALUE,info,Valor ausente na extração
422,423,AZUL3,2026-09-07,close,MISSING_VALUE,info,Valor ausente na extração
422,423,AZUL3,2026-09-07,adjusted_quantity,MISSING_VALUE,info,Valor ausente na extração
422,423,AZUL3,2026-09-07,open,MISSING_VALUE,info,Valor ausente na extração
422,423,AZUL3,2026-09-07,high,MISSING_VALUE,info,Valor ausente na extração
422,423,AZUL3,2026-09-07,low,MISSING_VALUE,info,Valor ausente na extração
422,423,AZUL3,2026-09-07,average,MISSING_VALUE,info,Valor ausente na extração
422,423,AZUL3,2026-09-07,raw_volume,MISSING_VALUE,info,Valor ausente na extração
433,434,AZZA3,2026-09-07,close,MISSING_VALUE,info,Valor ausente na extração
433,434,AZZA3,2026-09-07,adjusted_quantity,MISSING_VALUE,info,Valor ausente na extração
433,434,AZZA3,2026-09-07,open,MISSING_VALUE,info,Valor ausente na extração
433,434,AZZA3,2026-09-07,high,MISSING_VALUE,info,Valor ausente na extração
433,434,AZZA3,2026-09-07,low,MISSING_VALUE,info,Valor ausente na extração
433,434,AZZA3,2026-09-07,average,MISSING_VALUE,info,Valor ausente na extração
433,434,AZZA3,2026-09-07,raw_volume,MISSING_VALUE,info,Valor ausente na extração
444,445,B1003,2026-09-07,close,MISSING_VALUE,info,Valor ausente na extração
444,445,B1003,2026-09-07,adjusted_quantity,MISSING_VALUE,info,Valor ausente na extração
444,445,B1003,2026-09-07,open,MISSING_VALUE,info,Valor ausente na extração
444,445,B1003,2026-09-07,high,MISSING_VALUE,info,Valor ausente na extração
444,445,B1003,2026-09-07,low,MISSING_VALUE,info,Valor ausente na extração
444,445,B1003,2026-09-07,average,MISSING_VALUE,info,Valor ausente na extração
444,445,B1003,2026-09-07,raw_volume,MISSING_VALUE,info,Valor ausente na extração
444,445,B1003,2026-09-07,Ativo,INSTRUMENT_AMBIGUOUS,warning,Padrão do código insuficiente
445,446,B1003,2026-09-08,Ativo,INSTRUMENT_AMBIGUOUS,warning,Padrão do código insuficiente
446,447,B1003,2026-09-09,close,MISSING_VALUE,info,Valor ausente na extração
446,447,B1003,2026-09-09,adjusted_quantity,MISSING_VALUE,info,Valor ausente na extração
446,447,B1003,2026-09-09,open,MISSING_VALUE,info,Valor ausente na extração
446,447,B1003,2026-09-09,high,MISSING_VALUE,info,Valor ausente na extração
446,447,B1003,2026-09-09,low,MISSING_VALUE,info,Valor ausente na extração
446,447,B1003,2026-09-09,average,MISSING_VALUE,info,Valor ausente na extração
446,447,B1003,2026-09-09,raw_volume,MISSING_VALUE,info,Valor ausente na extração
446,447,B1003,2026-09-09,Ativo,INSTRUMENT_AMBIGUOUS,warning,Padrão do código insuficiente
447,448,B1003,2026-09-10,close,MISSING_VALUE,info,Valor ausente na extração
447,448,B1003,2026-09-10,adjusted_quantity,MISSING_VALUE,info,Valor ausente na extração
447,448,B1003,2026-09-10,open,MISSING_VALUE,info,Valor ausente na extração
447,448,B1003,2026-09-10,high,MISSING_VALUE,info,Valor ausente na extração
447,448,B1003,2026-09-10,low,MISSING_VALUE,info,Valor ausente na extração
447,448,B1003,2026-09-10,average,MISSING_VALUE,info,Valor ausente na extração
447,448,B1003,2026-09-10,raw_volume,MISSING_VALUE,info,Valor ausente na extração
447,448,B1003,2026-09-10,Ativo,INSTRUMENT_AMBIGUOUS,warning,Padrão do código insuficiente
448,449,B1003,2026-09-11,close,MISSING_VALUE,info,Valor ausente na extração
448,449,B1003,2026-09-11,adjusted_quantity,MISSING_VALUE,info,Valor ausente na extração
448,449,B1003,2026-09-11,open,MISSING_VALUE,info,Valor ausente na extração
448,449,B1003,2026-09-11,high,MISSING_VALUE,info,Valor ausente na extração
448,449,B1003,2026-09-11,low,MISSING_VALUE,info,Valor ausente na extração
448,449,B1003,2026-09-11,average,MISSING_VALUE,info,Valor ausente na extração
448,449,B1003,2026-09-11,raw_volume,MISSING_VALUE,info,Valor ausente na extração
448,449,B1003,2026-09-11,Ativo,INSTRUMENT_AMBIGUOUS,warning,Padrão do código insuficiente
449,450,B1003,2026-09-14,Ativo,INSTRUMENT_AMBIGUOUS,warning,Padrão do código insuficiente
450,451,B1003,2026-09-15,close,MISSING_VALUE,info,Valor ausente na extração
450,451,B1003,2026-09-15,adjusted_quantity,MISSING_VALUE,info,Valor ausente na extração
450,451,B1003,2026-09-15,open,MISSING_VALUE,info,Valor ausente na extração
450,451,B1003,2026-09-15,high,MISSING_VALUE,info,Valor ausente na extração
450,451,B1003,2026-09-15,low,MISSING_VALUE,info,Valor ausente na extração
450,451,B1003,2026-09-15,average,MISSING_VALUE,info,Valor ausente na extração
450,451,B1003,2026-09-15,raw_volume,MISSING_VALUE,info,Valor ausente na extração
450,451,B1003,2026-09-15,Ativo,INSTRUMENT_AMBIGUOUS,warning,Padrão do código insuficiente
451,452,B1003,2026-09-16,close,MISSING_VALUE,info,Valor ausente na extração
451,452,B1003,2026-09-16,adjusted_quantity,MISSING_VALUE,info,Valor ausente na extração
451,452,B1003,2026-09-16,open,MISSING_VALUE,info,Valor ausente na extração
451,452,B1003,2026-09-16,high,MISSING_VALUE,info,Valor ausente na extração
451,452,B1003,2026-09-16,low,MISSING_VALUE,info,Valor ausente na extração
451,452,B1003,2026-09-16,average,MISSING_VALUE,info,Valor ausente na extração
451,452,B1003,2026-09-16,raw_volume,MISSING_VALUE,info,Valor ausente na extração
451,452,B1003,2026-09-16,Ativo,INSTRUMENT_AMBIGUOUS,warning,Padrão do código insuficiente
452,453,B1003,2026-09-17,close,MISSING_VALUE,info,Valor ausente na extração
452,453,B1003,2026-09-17,adjusted_quantity,MISSING_VALUE,info,Valor ausente na extração
452,453,B1003,2026-09-17,open,MISSING_VALUE,info,Valor ausente na extração
452,453,B1003,2026-09-17,high,MISSING_VALUE,info,Valor ausente na extração
452,453,B1003,2026-09-17,low,MISSING_VALUE,info,Valor ausente na extração
452,453,B1003,2026-09-17,average,MISSING_VALUE,info,Valor ausente na extração
452,453,B1003,2026-09-17,raw_volume,MISSING_VALUE,info,Valor ausente na extração
452,453,B1003,2026-09-17,Ativo,INSTRUMENT_AMBIGUOUS,warning,Padrão do código insuficiente
453,454,B1003,2026-09-18,close,MISSING_VALUE,info,Valor ausente na extração
453,454,B1003,2026-09-18,adjusted_quantity,MISSING_VALUE,info,Valor ausente na extração
453,454,B1003,2026-09-18,open,MISSING_VALUE,info,Valor ausente na extração
453,454,B1003,2026-09-18,high,MISSING_VALUE,info,Valor ausente na extração
453,454,B1003,2026-09-18,low,MISSING_VALUE,info,Valor ausente na extração
453,454,B1003,2026-09-18,average,MISSING_VALUE,info,Valor ausente na extração
453,454,B1003,2026-09-18,raw_volume,MISSING_VALUE,info,Valor ausente na extração
453,454,B1003,2026-09-18,Ativo,INSTRUMENT_AMBIGUOUS,warning,Padrão do código insuficiente
454,455,B1003,2026-09-21,Ativo,INSTRUMENT_AMBIGUOUS,warning,Padrão do código insuficiente
455,456,B3SA3,2026-09-07,close,MISSING_VALUE,info,Valor ausente na extração
455,456,B3SA3,2026-09-07,adjusted_quantity,MISSING_VALUE,info,Valor ausente na extração
455,456,B3SA3,2026-09-07,open,MISSING_VALUE,info,Valor ausente na extração
455,456,B3SA3,2026-09-07,high,MISSING_VALUE,info,Valor ausente na extração
455,456,B3SA3,2026-09-07,low,MISSING_VALUE,info,Valor ausente na extração
455,456,B3SA3,2026-09-07,average,MISSING_VALUE,info,Valor ausente na extração
455,456,B3SA3,2026-09-07,raw_volume,MISSING_VALUE,info,Valor ausente na extração
455,456,B3SA3,2026-09-07,Ativo,INSTRUMENT_AMBIGUOUS,warning,Padrão do código insuficiente
456,457,B3SA3,2026-09-08,Ativo,INSTRUMENT_AMBIGUOUS,warning,Padrão do código insuficiente
457,458,B3SA3,2026-09-09,Ativo,INSTRUMENT_AMBIGUOUS,warning,Padrão do código insuficiente
458,459,B3SA3,2026-09-10,Ativo,INSTRUMENT_AMBIGUOUS,warning,Padrão do código insuficiente
459,460,B3SA3,2026-09-11,Ativo,INSTRUMENT_AMBIGUOUS,warning,Padrão do código insuficiente
460,461,B3SA3,2026-09-14,Ativo,INSTRUMENT_AMBIGUOUS,warning,Padrão do código insuficiente
461,462,B3SA3,2026-09-15,Ativo,INSTRUMENT_AMBIGUOUS,warning,Padrão do código insuficiente
462,463,B3SA3,2026-09-16,Ativo,INSTRUMENT_AMBIGUOUS,warning,Padrão do código insuficiente
463,464,B3SA3,2026-09-17,Ativo,INSTRUMENT_AMBIGUOUS,warning,Padrão do código insuficiente
464,465,B3SA3,2026-09-18,Ativo,INSTRUMENT_AMBIGUOUS,warning,Padrão do código insuficiente
465,466,B3SA3,2026-09-21,Ativo,INSTRUMENT_AMBIGUOUS,warning,Padrão do código insuficiente
466,467,BMGB4,2026-09-07,close,MISSING_VALUE,info,Valor ausente na extração
466,467,BMGB4,2026-09-07,adjusted_quantity,MISSING_VALUE,info,Valor ausente na extração
466,467,BMGB4,2026-09-07,open,MISSING_VALUE,info,Valor ausente na extração
466,467,BMGB4,2026-09-07,high,MISSING_VALUE,info,Valor ausente na extração
466,467,BMGB4,2026-09-07,low,MISSING_VALUE,info,Valor ausente na extração
466,467,BMGB4,2026-09-07,average,MISSING_VALUE,info,Valor ausente na extração
466,467,BMGB4,2026-09-07,raw_volume,MISSING_VALUE,info,Valor ausente na extração
477,478,BGIP3,2026-08-27,close,MISSING_VALUE,info,Valor ausente na extração
477,478,BGIP3,2026-08-27,adjusted_quantity,MISSING_VALUE,info,Valor ausente na extração
477,478,BGIP3,2026-08-27,open,MISSING_VALUE,info,Valor ausente na extração
477,478,BGIP3,2026-08-27,high,MISSING_VALUE,info,Valor ausente na extração
477,478,BGIP3,2026-08-27,low,MISSING_VALUE,info,Valor ausente na extração
477,478,BGIP3,2026-08-27,average,MISSING_VALUE,info,Valor ausente na extração
477,478,BGIP3,2026-08-27,raw_volume,MISSING_VALUE,info,Valor ausente na extração
478,479,BGIP3,2026-08-28,close,MISSING_VALUE,info,Valor ausente na extração
478,479,BGIP3,2026-08-28,adjusted_quantity,MISSING_VALUE,info,Valor ausente na extração
478,479,BGIP3,2026-08-28,open,MISSING_VALUE,info,Valor ausente na extração
478,479,BGIP3,2026-08-28,high,MISSING_VALUE,info,Valor ausente na extração
478,479,BGIP3,2026-08-28,low,MISSING_VALUE,info,Valor ausente na extração
478,479,BGIP3,2026-08-28,average,MISSING_VALUE,info,Valor ausente na extração
478,479,BGIP3,2026-08-28,raw_volume,MISSING_VALUE,info,Valor ausente na extração
479,480,BGIP3,2026-08-31,close,MISSING_VALUE,info,Valor ausente na extração
479,480,BGIP3,2026-08-31,adjusted_quantity,MISSING_VALUE,info,Valor ausente na extração
479,480,BGIP3,2026-08-31,open,MISSING_VALUE,info,Valor ausente na extração
479,480,BGIP3,2026-08-31,high,MISSING_VALUE,info,Valor ausente na extração
479,480,BGIP3,2026-08-31,low,MISSING_VALUE,info,Valor ausente na extração
479,480,BGIP3,2026-08-31,average,MISSING_VALUE,info,Valor ausente na extração
479,480,BGIP3,2026-08-31,raw_volume,MISSING_VALUE,info,Valor ausente na extração
480,481,BGIP3,2026-09-01,close,MISSING_VALUE,info,Valor ausente na extração
480,481,BGIP3,2026-09-01,adjusted_quantity,MISSING_VALUE,info,Valor ausente na extração
480,481,BGIP3,2026-09-01,open,MISSING_VALUE,info,Valor ausente na extração
480,481,BGIP3,2026-09-01,high,MISSING_VALUE,info,Valor ausente na extração
480,481,BGIP3,2026-09-01,low,MISSING_VALUE,info,Valor ausente na extração
480,481,BGIP3,2026-09-01,average,MISSING_VALUE,info,Valor ausente na extração
480,481,BGIP3,2026-09-01,raw_volume,MISSING_VALUE,info,Valor ausente na extração
482,483,BGIP3,2026-09-03,close,MISSING_VALUE,info,Valor ausente na extração
482,483,BGIP3,2026-09-03,adjusted_quantity,MISSING_VALUE,info,Valor ausente na extração
482,483,BGIP3,2026-09-03,open,MISSING_VALUE,info,Valor ausente na extração
482,483,BGIP3,2026-09-03,high,MISSING_VALUE,info,Valor ausente na extração
482,483,BGIP3,2026-09-03,low,MISSING_VALUE,info,Valor ausente na extração
482,483,BGIP3,2026-09-03,average,MISSING_VALUE,info,Valor ausente na extração
482,483,BGIP3,2026-09-03,raw_volume,MISSING_VALUE,info,Valor ausente na extração
484,485,BGIP3,2026-09-07,close,MISSING_VALUE,info,Valor ausente na extração
484,485,BGIP3,2026-09-07,adjusted_quantity,MISSING_VALUE,info,Valor ausente na extração
484,485,BGIP3,2026-09-07,open,MISSING_VALUE,info,Valor ausente na extração
484,485,BGIP3,2026-09-07,high,MISSING_VALUE,info,Valor ausente na extração
484,485,BGIP3,2026-09-07,low,MISSING_VALUE,info,Valor ausente na extração
484,485,BGIP3,2026-09-07,average,MISSING_VALUE,info,Valor ausente na extração
484,485,BGIP3,2026-09-07,raw_volume,MISSING_VALUE,info,Valor ausente na extração
485,486,BGIP3,2026-09-08,close,MISSING_VALUE,info,Valor ausente na extração
485,486,BGIP3,2026-09-08,adjusted_quantity,MISSING_VALUE,info,Valor ausente na extração
485,486,BGIP3,2026-09-08,open,MISSING_VALUE,info,Valor ausente na extração
485,486,BGIP3,2026-09-08,high,MISSING_VALUE,info,Valor ausente na extração
485,486,BGIP3,2026-09-08,low,MISSING_VALUE,info,Valor ausente na extração
485,486,BGIP3,2026-09-08,average,MISSING_VALUE,info,Valor ausente na extração
485,486,BGIP3,2026-09-08,raw_volume,MISSING_VALUE,info,Valor ausente na extração
486,487,BGIP3,2026-09-09,close,MISSING_VALUE,info,Valor ausente na extração
486,487,BGIP3,2026-09-09,adjusted_quantity,MISSING_VALUE,info,Valor ausente na extração
486,487,BGIP3,2026-09-09,open,MISSING_VALUE,info,Valor ausente na extração
486,487,BGIP3,2026-09-09,high,MISSING_VALUE,info,Valor ausente na extração
486,487,BGIP3,2026-09-09,low,MISSING_VALUE,info,Valor ausente na extração
486,487,BGIP3,2026-09-09,average,MISSING_VALUE,info,Valor ausente na extração
486,487,BGIP3,2026-09-09,raw_volume,MISSING_VALUE,info,Valor ausente na extração
488,489,BGIP4,2026-09-07,close,MISSING_VALUE,info,Valor ausente na extração
488,489,BGIP4,2026-09-07,adjusted_quantity,MISSING_VALUE,info,Valor ausente na extração
488,489,BGIP4,2026-09-07,open,MISSING_VALUE,info,Valor ausente na extração
488,489,BGIP4,2026-09-07,high,MISSING_VALUE,info,Valor ausente na extração
488,489,BGIP4,2026-09-07,low,MISSING_VALUE,info,Valor ausente na extração
488,489,BGIP4,2026-09-07,average,MISSING_VALUE,info,Valor ausente na extração
488,489,BGIP4,2026-09-07,raw_volume,MISSING_VALUE,info,Valor ausente na extração
491,492,BGIP4,2026-09-10,close,MISSING_VALUE,info,Valor ausente na extração
491,492,BGIP4,2026-09-10,adjusted_quantity,MISSING_VALUE,info,Valor ausente na extração
491,492,BGIP4,2026-09-10,open,MISSING_VALUE,info,Valor ausente na extração
491,492,BGIP4,2026-09-10,high,MISSING_VALUE,info,Valor ausente na extração
491,492,BGIP4,2026-09-10,low,MISSING_VALUE,info,Valor ausente na extração
491,492,BGIP4,2026-09-10,average,MISSING_VALUE,info,Valor ausente na extração
491,492,BGIP4,2026-09-10,raw_volume,MISSING_VALUE,info,Valor ausente na extração
493,494,BGIP4,2026-09-14,close,MISSING_VALUE,info,Valor ausente na extração
493,494,BGIP4,2026-09-14,adjusted_quantity,MISSING_VALUE,info,Valor ausente na extração
493,494,BGIP4,2026-09-14,open,MISSING_VALUE,info,Valor ausente na extração
493,494,BGIP4,2026-09-14,high,MISSING_VALUE,info,Valor ausente na extração
493,494,BGIP4,2026-09-14,low,MISSING_VALUE,info,Valor ausente na extração
493,494,BGIP4,2026-09-14,average,MISSING_VALUE,info,Valor ausente na extração
493,494,BGIP4,2026-09-14,raw_volume,MISSING_VALUE,info,Valor ausente na extração
499,500,BEES3,2026-09-07,close,MISSING_VALUE,info,Valor ausente na extração
499,500,BEES3,2026-09-07,adjusted_quantity,MISSING_VALUE,info,Valor ausente na extração
499,500,BEES3,2026-09-07,open,MISSING_VALUE,info,Valor ausente na extração
499,500,BEES3,2026-09-07,high,MISSING_VALUE,info,Valor ausente na extração
499,500,BEES3,2026-09-07,low,MISSING_VALUE,info,Valor ausente na extração
499,500,BEES3,2026-09-07,average,MISSING_VALUE,info,Valor ausente na extração
499,500,BEES3,2026-09-07,raw_volume,MISSING_VALUE,info,Valor ausente na extração
510,511,BEES4,2026-09-07,close,MISSING_VALUE,info,Valor ausente na extração
510,511,BEES4,2026-09-07,adjusted_quantity,MISSING_VALUE,info,Valor ausente na extração
510,511,BEES4,2026-09-07,open,MISSING_VALUE,info,Valor ausente na extração
510,511,BEES4,2026-09-07,high,MISSING_VALUE,info,Valor ausente na extração
510,511,BEES4,2026-09-07,low,MISSING_VALUE,info,Valor ausente na extração
510,511,BEES4,2026-09-07,average,MISSING_VALUE,info,Valor ausente na extração
510,511,BEES4,2026-09-07,raw_volume,MISSING_VALUE,info,Valor ausente na extração
521,522,BPAR3,2026-04-20,close,MISSING_VALUE,info,Valor ausente na extração
521,522,BPAR3,2026-04-20,adjusted_quantity,MISSING_VALUE,info,Valor ausente na extração
521,522,BPAR3,2026-04-20,open,MISSING_VALUE,info,Valor ausente na extração
521,522,BPAR3,2026-04-20,high,MISSING_VALUE,info,Valor ausente na extração
521,522,BPAR3,2026-04-20,low,MISSING_VALUE,info,Valor ausente na extração
521,522,BPAR3,2026-04-20,average,MISSING_VALUE,info,Valor ausente na extração
521,522,BPAR3,2026-04-20,raw_volume,MISSING_VALUE,info,Valor ausente na extração
522,523,BPAR3,2026-04-21,close,MISSING_VALUE,info,Valor ausente na extração
522,523,BPAR3,2026-04-21,adjusted_quantity,MISSING_VALUE,info,Valor ausente na extração
522,523,BPAR3,2026-04-21,open,MISSING_VALUE,info,Valor ausente na extração
522,523,BPAR3,2026-04-21,high,MISSING_VALUE,info,Valor ausente na extração
522,523,BPAR3,2026-04-21,low,MISSING_VALUE,info,Valor ausente na extração
522,523,BPAR3,2026-04-21,average,MISSING_VALUE,info,Valor ausente na extração
522,523,BPAR3,2026-04-21,raw_volume,MISSING_VALUE,info,Valor ausente na extração
523,524,BPAR3,2026-04-22,close,MISSING_VALUE,info,Valor ausente na extração
523,524,BPAR3,2026-04-22,adjusted_quantity,MISSING_VALUE,info,Valor ausente na extração
523,524,BPAR3,2026-04-22,open,MISSING_VALUE,info,Valor ausente na extração
523,524,BPAR3,2026-04-22,high,MISSING_VALUE,info,Valor ausente na extração
523,524,BPAR3,2026-04-22,low,MISSING_VALUE,info,Valor ausente na extração
523,524,BPAR3,2026-04-22,average,MISSING_VALUE,info,Valor ausente na extração
523,524,BPAR3,2026-04-22,raw_volume,MISSING_VALUE,info,Valor ausente na extração
524,525,BPAR3,2026-04-23,close,MISSING_VALUE,info,Valor ausente na extração
524,525,BPAR3,2026-04-23,adjusted_quantity,MISSING_VALUE,info,Valor ausente na extração
524,525,BPAR3,2026-04-23,open,MISSING_VALUE,info,Valor ausente na extração
524,525,BPAR3,2026-04-23,high,MISSING_VALUE,info,Valor ausente na extração
524,525,BPAR3,2026-04-23,low,MISSING_VALUE,info,Valor ausente na extração
524,525,BPAR3,2026-04-23,average,MISSING_VALUE,info,Valor ausente na extração
524,525,BPAR3,2026-04-23,raw_volume,MISSING_VALUE,info,Valor ausente na extração
525,526,BPAR3,2026-04-24,close,MISSING_VALUE,info,Valor ausente na extração
525,526,BPAR3,2026-04-24,adjusted_quantity,MISSING_VALUE,info,Valor ausente na extração
525,526,BPAR3,2026-04-24,open,MISSING_VALUE,info,Valor ausente na extração
525,526,BPAR3,2026-04-24,high,MISSING_VALUE,info,Valor ausente na extração
525,526,BPAR3,2026-04-24,low,MISSING_VALUE,info,Valor ausente na extração
525,526,BPAR3,2026-04-24,average,MISSING_VALUE,info,Valor ausente na extração
525,526,BPAR3,2026-04-24,raw_volume,MISSING_VALUE,info,Valor ausente na extração
526,527,BPAR3,2026-04-27,close,MISSING_VALUE,info,Valor ausente na extração
526,527,BPAR3,2026-04-27,adjusted_quantity,MISSING_VALUE,info,Valor ausente na extração
526,527,BPAR3,2026-04-27,open,MISSING_VALUE,info,Valor ausente na extração
526,527,BPAR3,2026-04-27,high,MISSING_VALUE,info,Valor ausente na extração
526,527,BPAR3,2026-04-27,low,MISSING_VALUE,info,Valor ausente na extração
526,527,BPAR3,2026-04-27,average,MISSING_VALUE,info,Valor ausente na extração
526,527,BPAR3,2026-04-27,raw_volume,MISSING_VALUE,info,Valor ausente na extração
527,528,BPAR3,2026-04-28,close,MISSING_VALUE,info,Valor ausente na extração
527,528,BPAR3,2026-04-28,adjusted_quantity,MISSING_VALUE,info,Valor ausente na extração
527,528,BPAR3,2026-04-28,open,MISSING_VALUE,info,Valor ausente na extração
527,528,BPAR3,2026-04-28,high,MISSING_VALUE,info,Valor ausente na extração
527,528,BPAR3,2026-04-28,low,MISSING_VALUE,info,Valor ausente na extração
527,528,BPAR3,2026-04-28,average,MISSING_VALUE,info,Valor ausente na extração
527,528,BPAR3,2026-04-28,raw_volume,MISSING_VALUE,info,Valor ausente na extração
528,529,BPAR3,2026-04-29,close,MISSING_VALUE,info,Valor ausente na extração
528,529,BPAR3,2026-04-29,adjusted_quantity,MISSING_VALUE,info,Valor ausente na extração
528,529,BPAR3,2026-04-29,open,MISSING_VALUE,info,Valor ausente na extração
528,529,BPAR3,2026-04-29,high,MISSING_VALUE,info,Valor ausente na extração
528,529,BPAR3,2026-04-29,low,MISSING_VALUE,info,Valor ausente na extração
528,529,BPAR3,2026-04-29,average,MISSING_VALUE,info,Valor ausente na extração
528,529,BPAR3,2026-04-29,raw_volume,MISSING_VALUE,info,Valor ausente na extração
529,530,BPAR3,2026-04-30,close,MISSING_VALUE,info,Valor ausente na extração
529,530,BPAR3,2026-04-30,adjusted_quantity,MISSING_VALUE,info,Valor ausente na extração
529,530,BPAR3,2026-04-30,open,MISSING_VALUE,info,Valor ausente na extração
529,530,BPAR3,2026-04-30,high,MISSING_VALUE,info,Valor ausente na extração
529,530,BPAR3,2026-04-30,low,MISSING_VALUE,info,Valor ausente na extração
529,530,BPAR3,2026-04-30,average,MISSING_VALUE,info,Valor ausente na extração
529,530,BPAR3,2026-04-30,raw_volume,MISSING_VALUE,info,Valor ausente na extração
530,531,BPAR3,2026-05-01,close,MISSING_VALUE,info,Valor ausente na extração
530,531,BPAR3,2026-05-01,adjusted_quantity,MISSING_VALUE,info,Valor ausente na extração
530,531,BPAR3,2026-05-01,open,MISSING_VALUE,info,Valor ausente na extração
530,531,BPAR3,2026-05-01,high,MISSING_VALUE,info,Valor ausente na extração
530,531,BPAR3,2026-05-01,low,MISSING_VALUE,info,Valor ausente na extração
530,531,BPAR3,2026-05-01,average,MISSING_VALUE,info,Valor ausente na extração
530,531,BPAR3,2026-05-01,raw_volume,MISSING_VALUE,info,Valor ausente na extração
532,533,BRSR3,2026-09-07,close,MISSING_VALUE,info,Valor ausente na extração
532,533,BRSR3,2026-09-07,adjusted_quantity,MISSING_VALUE,info,Valor ausente na extração
532,533,BRSR3,2026-09-07,open,MISSING_VALUE,info,Valor ausente na extração
532,533,BRSR3,2026-09-07,high,MISSING_VALUE,info,Valor ausente na extração
532,533,BRSR3,2026-09-07,low,MISSING_VALUE,info,Valor ausente na extração
532,533,BRSR3,2026-09-07,average,MISSING_VALUE,info,Valor ausente na extração
532,533,BRSR3,2026-09-07,raw_volume,MISSING_VALUE,info,Valor ausente na extração
543,544,BRSR5,2026-09-07,close,MISSING_VALUE,info,Valor ausente na extração
543,544,BRSR5,2026-09-07,adjusted_quantity,MISSING_VALUE,info,Valor ausente na extração
543,544,BRSR5,2026-09-07,open,MISSING_VALUE,info,Valor ausente na extração
543,544,BRSR5,2026-09-07,high,MISSING_VALUE,info,Valor ausente na extração
543,544,BRSR5,2026-09-07,low,MISSING_VALUE,info,Valor ausente na extração
543,544,BRSR5,2026-09-07,average,MISSING_VALUE,info,Valor ausente na extração
543,544,BRSR5,2026-09-07,raw_volume,MISSING_VALUE,info,Valor ausente na extração
544,545,BRSR5,2026-09-08,close,MISSING_VALUE,info,Valor ausente na extração
544,545,BRSR5,2026-09-08,adjusted_quantity,MISSING_VALUE,info,Valor ausente na extração
544,545,BRSR5,2026-09-08,open,MISSING_VALUE,info,Valor ausente na extração
544,545,BRSR5,2026-09-08,high,MISSING_VALUE,info,Valor ausente na extração
544,545,BRSR5,2026-09-08,low,MISSING_VALUE,info,Valor ausente na extração
544,545,BRSR5,2026-09-08,average,MISSING_VALUE,info,Valor ausente na extração
544,545,BRSR5,2026-09-08,raw_volume,MISSING_VALUE,info,Valor ausente na extração
546,547,BRSR5,2026-09-10,close,MISSING_VALUE,info,Valor ausente na extração
546,547,BRSR5,2026-09-10,adjusted_quantity,MISSING_VALUE,info,Valor ausente na extração
546,547,BRSR5,2026-09-10,open,MISSING_VALUE,info,Valor ausente na extração
546,547,BRSR5,2026-09-10,high,MISSING_VALUE,info,Valor ausente na extração
546,547,BRSR5,2026-09-10,low,MISSING_VALUE,info,Valor ausente na extração
546,547,BRSR5,2026-09-10,average,MISSING_VALUE,info,Valor ausente na extração
546,547,BRSR5,2026-09-10,raw_volume,MISSING_VALUE,info,Valor ausente na extração
548,549,BRSR5,2026-09-14,close,MISSING_VALUE,info,Valor ausente na extração
548,549,BRSR5,2026-09-14,adjusted_quantity,MISSING_VALUE,info,Valor ausente na extração
548,549,BRSR5,2026-09-14,open,MISSING_VALUE,info,Valor ausente na extração
548,549,BRSR5,2026-09-14,high,MISSING_VALUE,info,Valor ausente na extração
548,549,BRSR5,2026-09-14,low,MISSING_VALUE,info,Valor ausente na extração
548,549,BRSR5,2026-09-14,average,MISSING_VALUE,info,Valor ausente na extração
548,549,BRSR5,2026-09-14,raw_volume,MISSING_VALUE,info,Valor ausente na extração
549,550,BRSR5,2026-09-15,close,MISSING_VALUE,info,Valor ausente na extração
549,550,BRSR5,2026-09-15,adjusted_quantity,MISSING_VALUE,info,Valor ausente na extração
549,550,BRSR5,2026-09-15,open,MISSING_VALUE,info,Valor ausente na extração
549,550,BRSR5,2026-09-15,high,MISSING_VALUE,info,Valor ausente na extração
549,550,BRSR5,2026-09-15,low,MISSING_VALUE,info,Valor ausente na extração
549,550,BRSR5,2026-09-15,average,MISSING_VALUE,info,Valor ausente na extração
549,550,BRSR5,2026-09-15,raw_volume,MISSING_VALUE,info,Valor ausente na extração
550,551,BRSR5,2026-09-16,close,MISSING_VALUE,info,Valor ausente na extração
550,551,BRSR5,2026-09-16,adjusted_quantity,MISSING_VALUE,info,Valor ausente na extração
550,551,BRSR5,2026-09-16,open,MISSING_VALUE,info,Valor ausente na extração
550,551,BRSR5,2026-09-16,high,MISSING_VALUE,info,Valor ausente na extração
550,551,BRSR5,2026-09-16,low,MISSING_VALUE,info,Valor ausente na extração
550,551,BRSR5,2026-09-16,average,MISSING_VALUE,info,Valor ausente na extração
550,551,BRSR5,2026-09-16,raw_volume,MISSING_VALUE,info,Valor ausente na extração
551,552,BRSR5,2026-09-17,close,MISSING_VALUE,info,Valor ausente na extração
551,552,BRSR5,2026-09-17,adjusted_quantity,MISSING_VALUE,info,Valor ausente na extração
551,552,BRSR5,2026-09-17,open,MISSING_VALUE,info,Valor ausente na extração
551,552,BRSR5,2026-09-17,high,MISSING_VALUE,info,Valor ausente na extração
551,552,BRSR5,2026-09-17,low,MISSING_VALUE,info,Valor ausente na extração
551,552,BRSR5,2026-09-17,average,MISSING_VALUE,info,Valor ausente na extração
551,552,BRSR5,2026-09-17,raw_volume,MISSING_VALUE,info,Valor ausente na extração
552,553,BRSR5,2026-09-18,close,MISSING_VALUE,info,Valor ausente na extração
552,553,BRSR5,2026-09-18,adjusted_quantity,MISSING_VALUE,info,Valor ausente na extração
552,553,BRSR5,2026-09-18,open,MISSING_VALUE,info,Valor ausente na extração
552,553,BRSR5,2026-09-18,high,MISSING_VALUE,info,Valor ausente na extração
552,553,BRSR5,2026-09-18,low,MISSING_VALUE,info,Valor ausente na extração
552,553,BRSR5,2026-09-18,average,MISSING_VALUE,info,Valor ausente na extração
552,553,BRSR5,2026-09-18,raw_volume,MISSING_VALUE,info,Valor ausente na extração
554,555,BRSR6,2026-09-07,close,MISSING_VALUE,info,Valor ausente na extração
554,555,BRSR6,2026-09-07,adjusted_quantity,MISSING_VALUE,info,Valor ausente na extração
554,555,BRSR6,2026-09-07,open,MISSING_VALUE,info,Valor ausente na extração
554,555,BRSR6,2026-09-07,high,MISSING_VALUE,info,Valor ausente na extração
554,555,BRSR6,2026-09-07,low,MISSING_VALUE,info,Valor ausente na extração
554,555,BRSR6,2026-09-07,average,MISSING_VALUE,info,Valor ausente na extração
554,555,BRSR6,2026-09-07,raw_volume,MISSING_VALUE,info,Valor ausente na extração
567,568,BDLL3,2026-09-03,close,MISSING_VALUE,info,Valor ausente na extração
567,568,BDLL3,2026-09-03,adjusted_quantity,MISSING_VALUE,info,Valor ausente na extração
567,568,BDLL3,2026-09-03,open,MISSING_VALUE,info,Valor ausente na extração
567,568,BDLL3,2026-09-03,high,MISSING_VALUE,info,Valor ausente na extração
567,568,BDLL3,2026-09-03,low,MISSING_VALUE,info,Valor ausente na extração
567,568,BDLL3,2026-09-03,average,MISSING_VALUE,info,Valor ausente na extração
567,568,BDLL3,2026-09-03,raw_volume,MISSING_VALUE,info,Valor ausente na extração
568,569,BDLL3,2026-09-04,close,MISSING_VALUE,info,Valor ausente na extração
568,569,BDLL3,2026-09-04,adjusted_quantity,MISSING_VALUE,info,Valor ausente na extração
568,569,BDLL3,2026-09-04,open,MISSING_VALUE,info,Valor ausente na extração
568,569,BDLL3,2026-09-04,high,MISSING_VALUE,info,Valor ausente na extração
568,569,BDLL3,2026-09-04,low,MISSING_VALUE,info,Valor ausente na extração
568,569,BDLL3,2026-09-04,average,MISSING_VALUE,info,Valor ausente na extração
568,569,BDLL3,2026-09-04,raw_volume,MISSING_VALUE,info,Valor ausente na extração
569,570,BDLL3,2026-09-07,close,MISSING_VALUE,info,Valor ausente na extração
569,570,BDLL3,2026-09-07,adjusted_quantity,MISSING_VALUE,info,Valor ausente na extração
569,570,BDLL3,2026-09-07,open,MISSING_VALUE,info,Valor ausente na extração
569,570,BDLL3,2026-09-07,high,MISSING_VALUE,info,Valor ausente na extração
569,570,BDLL3,2026-09-07,low,MISSING_VALUE,info,Valor ausente na extração
569,570,BDLL3,2026-09-07,average,MISSING_VALUE,info,Valor ausente na extração
569,570,BDLL3,2026-09-07,raw_volume,MISSING_VALUE,info,Valor ausente na extração
570,571,BDLL3,2026-09-08,close,MISSING_VALUE,info,Valor ausente na extração
570,571,BDLL3,2026-09-08,adjusted_quantity,MISSING_VALUE,info,Valor ausente na extração
570,571,BDLL3,2026-09-08,open,MISSING_VALUE,info,Valor ausente na extração
570,571,BDLL3,2026-09-08,high,MISSING_VALUE,info,Valor ausente na extração
570,571,BDLL3,2026-09-08,low,MISSING_VALUE,info,Valor ausente na extração
570,571,BDLL3,2026-09-08,average,MISSING_VALUE,info,Valor ausente na extração
570,571,BDLL3,2026-09-08,raw_volume,MISSING_VALUE,info,Valor ausente na extração
572,573,BDLL3,2026-09-10,close,MISSING_VALUE,info,Valor ausente na extração
572,573,BDLL3,2026-09-10,adjusted_quantity,MISSING_VALUE,info,Valor ausente na extração
572,573,BDLL3,2026-09-10,open,MISSING_VALUE,info,Valor ausente na extração
572,573,BDLL3,2026-09-10,high,MISSING_VALUE,info,Valor ausente na extração
572,573,BDLL3,2026-09-10,low,MISSING_VALUE,info,Valor ausente na extração
572,573,BDLL3,2026-09-10,average,MISSING_VALUE,info,Valor ausente na extração
572,573,BDLL3,2026-09-10,raw_volume,MISSING_VALUE,info,Valor ausente na extração
574,575,BDLL3,2026-09-14,close,MISSING_VALUE,info,Valor ausente na extração
574,575,BDLL3,2026-09-14,adjusted_quantity,MISSING_VALUE,info,Valor ausente na extração
574,575,BDLL3,2026-09-14,open,MISSING_VALUE,info,Valor ausente na extração
574,575,BDLL3,2026-09-14,high,MISSING_VALUE,info,Valor ausente na extração
574,575,BDLL3,2026-09-14,low,MISSING_VALUE,info,Valor ausente na extração
574,575,BDLL3,2026-09-14,average,MISSING_VALUE,info,Valor ausente na extração
574,575,BDLL3,2026-09-14,raw_volume,MISSING_VALUE,info,Valor ausente na extração
576,577,BDLL4,2026-09-01,close,MISSING_VALUE,info,Valor ausente na extração
576,577,BDLL4,2026-09-01,adjusted_quantity,MISSING_VALUE,info,Valor ausente na extração
576,577,BDLL4,2026-09-01,open,MISSING_VALUE,info,Valor ausente na extração
576,577,BDLL4,2026-09-01,high,MISSING_VALUE,info,Valor ausente na extração
576,577,BDLL4,2026-09-01,low,MISSING_VALUE,info,Valor ausente na extração
576,577,BDLL4,2026-09-01,average,MISSING_VALUE,info,Valor ausente na extração
576,577,BDLL4,2026-09-01,raw_volume,MISSING_VALUE,info,Valor ausente na extração
578,579,BDLL4,2026-09-03,close,MISSING_VALUE,info,Valor ausente na extração
578,579,BDLL4,2026-09-03,adjusted_quantity,MISSING_VALUE,info,Valor ausente na extração
578,579,BDLL4,2026-09-03,open,MISSING_VALUE,info,Valor ausente na extração
578,579,BDLL4,2026-09-03,high,MISSING_VALUE,info,Valor ausente na extração
578,579,BDLL4,2026-09-03,low,MISSING_VALUE,info,Valor ausente na extração
578,579,BDLL4,2026-09-03,average,MISSING_VALUE,info,Valor ausente na extração
578,579,BDLL4,2026-09-03,raw_volume,MISSING_VALUE,info,Valor ausente na extração
579,580,BDLL4,2026-09-04,close,MISSING_VALUE,info,Valor ausente na extração
579,580,BDLL4,2026-09-04,adjusted_quantity,MISSING_VALUE,info,Valor ausente na extração
579,580,BDLL4,2026-09-04,open,MISSING_VALUE,info,Valor ausente na extração
579,580,BDLL4,2026-09-04,high,MISSING_VALUE,info,Valor ausente na extração
579,580,BDLL4,2026-09-04,low,MISSING_VALUE,info,Valor ausente na extração
579,580,BDLL4,2026-09-04,average,MISSING_VALUE,info,Valor ausente na extração
579,580,BDLL4,2026-09-04,raw_volume,MISSING_VALUE,info,Valor ausente na extração
580,581,BDLL4,2026-09-07,close,MISSING_VALUE,info,Valor ausente na extração
580,581,BDLL4,2026-09-07,adjusted_quantity,MISSING_VALUE,info,Valor ausente na extração
580,581,BDLL4,2026-09-07,open,MISSING_VALUE,info,Valor ausente na extração
580,581,BDLL4,2026-09-07,high,MISSING_VALUE,info,Valor ausente na extração
580,581,BDLL4,2026-09-07,low,MISSING_VALUE,info,Valor ausente na extração
580,581,BDLL4,2026-09-07,average,MISSING_VALUE,info,Valor ausente na extração
580,581,BDLL4,2026-09-07,raw_volume,MISSING_VALUE,info,Valor ausente na extração
582,583,BDLL4,2026-09-09,close,MISSING_VALUE,info,Valor ausente na extração
582,583,BDLL4,2026-09-09,adjusted_quantity,MISSING_VALUE,info,Valor ausente na extração
582,583,BDLL4,2026-09-09,open,MISSING_VALUE,info,Valor ausente na extração
582,583,BDLL4,2026-09-09,high,MISSING_VALUE,info,Valor ausente na extração
582,583,BDLL4,2026-09-09,low,MISSING_VALUE,info,Valor ausente na extração
582,583,BDLL4,2026-09-09,average,MISSING_VALUE,info,Valor ausente na extração
582,583,BDLL4,2026-09-09,raw_volume,MISSING_VALUE,info,Valor ausente na extração
588,589,BALM3,2026-08-26,close,MISSING_VALUE,info,Valor ausente na extração
588,589,BALM3,2026-08-26,adjusted_quantity,MISSING_VALUE,info,Valor ausente na extração
588,589,BALM3,2026-08-26,open,MISSING_VALUE,info,Valor ausente na extração
588,589,BALM3,2026-08-26,high,MISSING_VALUE,info,Valor ausente na extração
588,589,BALM3,2026-08-26,low,MISSING_VALUE,info,Valor ausente na extração
588,589,BALM3,2026-08-26,average,MISSING_VALUE,info,Valor ausente na extração
588,589,BALM3,2026-08-26,raw_volume,MISSING_VALUE,info,Valor ausente na extração
589,590,BALM3,2026-08-27,close,MISSING_VALUE,info,Valor ausente na extração
589,590,BALM3,2026-08-27,adjusted_quantity,MISSING_VALUE,info,Valor ausente na extração
589,590,BALM3,2026-08-27,open,MISSING_VALUE,info,Valor ausente na extração
589,590,BALM3,2026-08-27,high,MISSING_VALUE,info,Valor ausente na extração
589,590,BALM3,2026-08-27,low,MISSING_VALUE,info,Valor ausente na extração
589,590,BALM3,2026-08-27,average,MISSING_VALUE,info,Valor ausente na extração
589,590,BALM3,2026-08-27,raw_volume,MISSING_VALUE,info,Valor ausente na extração
591,592,BALM3,2026-08-31,close,MISSING_VALUE,info,Valor ausente na extração
591,592,BALM3,2026-08-31,adjusted_quantity,MISSING_VALUE,info,Valor ausente na extração
591,592,BALM3,2026-08-31,open,MISSING_VALUE,info,Valor ausente na extração
591,592,BALM3,2026-08-31,high,MISSING_VALUE,info,Valor ausente na extração
591,592,BALM3,2026-08-31,low,MISSING_VALUE,info,Valor ausente na extração
591,592,BALM3,2026-08-31,average,MISSING_VALUE,info,Valor ausente na extração
591,592,BALM3,2026-08-31,raw_volume,MISSING_VALUE,info,Valor ausente na extração
593,594,BALM3,2026-09-02,close,MISSING_VALUE,info,Valor ausente na extração
593,594,BALM3,2026-09-02,adjusted_quantity,MISSING_VALUE,info,Valor ausente na extração
593,594,BALM3,2026-09-02,open,MISSING_VALUE,info,Valor ausente na extração
593,594,BALM3,2026-09-02,high,MISSING_VALUE,info,Valor ausente na extração
593,594,BALM3,2026-09-02,low,MISSING_VALUE,info,Valor ausente na extração
593,594,BALM3,2026-09-02,average,MISSING_VALUE,info,Valor ausente na extração
593,594,BALM3,2026-09-02,raw_volume,MISSING_VALUE,info,Valor ausente na extração
595,596,BALM3,2026-09-04,close,MISSING_VALUE,info,Valor ausente na extração
595,596,BALM3,2026-09-04,adjusted_quantity,MISSING_VALUE,info,Valor ausente na extração
595,596,BALM3,2026-09-04,open,MISSING_VALUE,info,Valor ausente na extração
595,596,BALM3,2026-09-04,high,MISSING_VALUE,info,Valor ausente na extração
595,596,BALM3,2026-09-04,low,MISSING_VALUE,info,Valor ausente na extração
595,596,BALM3,2026-09-04,average,MISSING_VALUE,info,Valor ausente na extração
595,596,BALM3,2026-09-04,raw_volume,MISSING_VALUE,info,Valor ausente na extração
596,597,BALM3,2026-09-07,close,MISSING_VALUE,info,Valor ausente na extração
596,597,BALM3,2026-09-07,adjusted_quantity,MISSING_VALUE,info,Valor ausente na extração
596,597,BALM3,2026-09-07,open,MISSING_VALUE,info,Valor ausente na extração
596,597,BALM3,2026-09-07,high,MISSING_VALUE,info,Valor ausente na extração
596,597,BALM3,2026-09-07,low,MISSING_VALUE,info,Valor ausente na extração
596,597,BALM3,2026-09-07,average,MISSING_VALUE,info,Valor ausente na extração
596,597,BALM3,2026-09-07,raw_volume,MISSING_VALUE,info,Valor ausente na extração
598,599,BALM4,2026-09-07,close,MISSING_VALUE,info,Valor ausente na extração
598,599,BALM4,2026-09-07,adjusted_quantity,MISSING_VALUE,info,Valor ausente na extração
598,599,BALM4,2026-09-07,open,MISSING_VALUE,info,Valor ausente na extração
598,599,BALM4,2026-09-07,high,MISSING_VALUE,info,Valor ausente na extração
598,599,BALM4,2026-09-07,low,MISSING_VALUE,info,Valor ausente na extração
598,599,BALM4,2026-09-07,average,MISSING_VALUE,info,Valor ausente na extração
598,599,BALM4,2026-09-07,raw_volume,MISSING_VALUE,info,Valor ausente na extração
602,603,BALM4,2026-09-11,close,MISSING_VALUE,info,Valor ausente na extração
602,603,BALM4,2026-09-11,adjusted_quantity,MISSING_VALUE,info,Valor ausente na extração
602,603,BALM4,2026-09-11,open,MISSING_VALUE,info,Valor ausente na extração
602,603,BALM4,2026-09-11,high,MISSING_VALUE,info,Valor ausente na extração
602,603,BALM4,2026-09-11,low,MISSING_VALUE,info,Valor ausente na extração
602,603,BALM4,2026-09-11,average,MISSING_VALUE,info,Valor ausente na extração
602,603,BALM4,2026-09-11,raw_volume,MISSING_VALUE,info,Valor ausente na extração
606,607,BALM4,2026-09-17,close,MISSING_VALUE,info,Valor ausente na extração
606,607,BALM4,2026-09-17,adjusted_quantity,MISSING_VALUE,info,Valor ausente na extração
606,607,BALM4,2026-09-17,open,MISSING_VALUE,info,Valor ausente na extração
606,607,BALM4,2026-09-17,high,MISSING_VALUE,info,Valor ausente na extração
606,607,BALM4,2026-09-17,low,MISSING_VALUE,info,Valor ausente na extração
606,607,BALM4,2026-09-17,average,MISSING_VALUE,info,Valor ausente na extração
606,607,BALM4,2026-09-17,raw_volume,MISSING_VALUE,info,Valor ausente na extração
607,608,BALM4,2026-09-18,close,MISSING_VALUE,info,Valor ausente na extração
607,608,BALM4,2026-09-18,adjusted_quantity,MISSING_VALUE,info,Valor ausente na extração
607,608,BALM4,2026-09-18,open,MISSING_VALUE,info,Valor ausente na extração
607,608,BALM4,2026-09-18,high,MISSING_VALUE,info,Valor ausente na extração
607,608,BALM4,2026-09-18,low,MISSING_VALUE,info,Valor ausente na extração
607,608,BALM4,2026-09-18,average,MISSING_VALUE,info,Valor ausente na extração
607,608,BALM4,2026-09-18,raw_volume,MISSING_VALUE,info,Valor ausente na extração
609,610,BBML3,1920-01-02,close,MISSING_VALUE,info,Valor ausente na extração
609,610,BBML3,1920-01-02,adjusted_quantity,MISSING_VALUE,info,Valor ausente na extração
609,610,BBML3,1920-01-02,open,MISSING_VALUE,info,Valor ausente na extração
609,610,BBML3,1920-01-02,high,MISSING_VALUE,info,Valor ausente na extração
609,610,BBML3,1920-01-02,low,MISSING_VALUE,info,Valor ausente na extração
609,610,BBML3,1920-01-02,average,MISSING_VALUE,info,Valor ausente na extração
609,610,BBML3,1920-01-02,raw_volume,MISSING_VALUE,info,Valor ausente na extração
610,611,BBSE3,2026-09-07,close,MISSING_VALUE,info,Valor ausente na extração
610,611,BBSE3,2026-09-07,adjusted_quantity,MISSING_VALUE,info,Valor ausente na extração
610,611,BBSE3,2026-09-07,open,MISSING_VALUE,info,Valor ausente na extração
610,611,BBSE3,2026-09-07,high,MISSING_VALUE,info,Valor ausente na extração
610,611,BBSE3,2026-09-07,low,MISSING_VALUE,info,Valor ausente na extração
610,611,BBSE3,2026-09-07,average,MISSING_VALUE,info,Valor ausente na extração
610,611,BBSE3,2026-09-07,raw_volume,MISSING_VALUE,info,Valor ausente na extração
621,622,BMOB3,2026-09-07,close,MISSING_VALUE,info,Valor ausente na extração
621,622,BMOB3,2026-09-07,adjusted_quantity,MISSING_VALUE,info,Valor ausente na extração
621,622,BMOB3,2026-09-07,open,MISSING_VALUE,info,Valor ausente na extração
621,622,BMOB3,2026-09-07,high,MISSING_VALUE,info,Valor ausente na extração
621,622,BMOB3,2026-09-07,low,MISSING_VALUE,info,Valor ausente na extração
621,622,BMOB3,2026-09-07,average,MISSING_VALUE,info,Valor ausente na extração
621,622,BMOB3,2026-09-07,raw_volume,MISSING_VALUE,info,Valor ausente na extração
632,633,BETP3,1920-01-02,close,MISSING_VALUE,info,Valor ausente na extração
632,633,BETP3,1920-01-02,adjusted_quantity,MISSING_VALUE,info,Valor ausente na extração
632,633,BETP3,1920-01-02,open,MISSING_VALUE,info,Valor ausente na extração
632,633,BETP3,1920-01-02,high,MISSING_VALUE,info,Valor ausente na extração
632,633,BETP3,1920-01-02,low,MISSING_VALUE,info,Valor ausente na extração
632,633,BETP3,1920-01-02,average,MISSING_VALUE,info,Valor ausente na extração
632,633,BETP3,1920-01-02,raw_volume,MISSING_VALUE,info,Valor ausente na extração
633,634,BMKS3,2026-09-07,close,MISSING_VALUE,info,Valor ausente na extração
633,634,BMKS3,2026-09-07,adjusted_quantity,MISSING_VALUE,info,Valor ausente na extração
633,634,BMKS3,2026-09-07,open,MISSING_VALUE,info,Valor ausente na extração
633,634,BMKS3,2026-09-07,high,MISSING_VALUE,info,Valor ausente na extração
633,634,BMKS3,2026-09-07,low,MISSING_VALUE,info,Valor ausente na extração
633,634,BMKS3,2026-09-07,average,MISSING_VALUE,info,Valor ausente na extração
633,634,BMKS3,2026-09-07,raw_volume,MISSING_VALUE,info,Valor ausente na extração
644,645,BIED3,2026-09-07,close,MISSING_VALUE,info,Valor ausente na extração
644,645,BIED3,2026-09-07,adjusted_quantity,MISSING_VALUE,info,Valor ausente na extração
644,645,BIED3,2026-09-07,open,MISSING_VALUE,info,Valor ausente na extração
644,645,BIED3,2026-09-07,high,MISSING_VALUE,info,Valor ausente na extração
644,645,BIED3,2026-09-07,low,MISSING_VALUE,info,Valor ausente na extração
644,645,BIED3,2026-09-07,average,MISSING_VALUE,info,Valor ausente na extração
644,645,BIED3,2026-09-07,raw_volume,MISSING_VALUE,info,Valor ausente na extração
653,654,BIED3,2026-09-18,average,OUTSIDE_DAILY_RANGE,warning,Valor fora do intervalo mínimo–máximo
655,656,BIOM3,2026-09-07,close,MISSING_VALUE,info,Valor ausente na extração
655,656,BIOM3,2026-09-07,adjusted_quantity,MISSING_VALUE,info,Valor ausente na extração
655,656,BIOM3,2026-09-07,open,MISSING_VALUE,info,Valor ausente na extração
655,656,BIOM3,2026-09-07,high,MISSING_VALUE,info,Valor ausente na extração
655,656,BIOM3,2026-09-07,low,MISSING_VALUE,info,Valor ausente na extração
655,656,BIOM3,2026-09-07,average,MISSING_VALUE,info,Valor ausente na extração
655,656,BIOM3,2026-09-07,raw_volume,MISSING_VALUE,info,Valor ausente na extração
666,667,BLAU3,2026-09-07,close,MISSING_VALUE,info,Valor ausente na extração
666,667,BLAU3,2026-09-07,adjusted_quantity,MISSING_VALUE,info,Valor ausente na extração
666,667,BLAU3,2026-09-07,open,MISSING_VALUE,info,Valor ausente na extração
666,667,BLAU3,2026-09-07,high,MISSING_VALUE,info,Valor ausente na extração
666,667,BLAU3,2026-09-07,low,MISSING_VALUE,info,Valor ausente na extração
666,667,BLAU3,2026-09-07,average,MISSING_VALUE,info,Valor ausente na extração
666,667,BLAU3,2026-09-07,raw_volume,MISSING_VALUE,info,Valor ausente na extração
677,678,SOJA3,2026-09-07,close,MISSING_VALUE,info,Valor ausente na extração
677,678,SOJA3,2026-09-07,adjusted_quantity,MISSING_VALUE,info,Valor ausente na extração
677,678,SOJA3,2026-09-07,open,MISSING_VALUE,info,Valor ausente na extração
677,678,SOJA3,2026-09-07,high,MISSING_VALUE,info,Valor ausente na extração
677,678,SOJA3,2026-09-07,low,MISSING_VALUE,info,Valor ausente na extração
677,678,SOJA3,2026-09-07,average,MISSING_VALUE,info,Valor ausente na extração
677,678,SOJA3,2026-09-07,raw_volume,MISSING_VALUE,info,Valor ausente na extração
688,689,BOBR3,2019-12-31,close,MISSING_VALUE,info,Valor ausente na extração
688,689,BOBR3,2019-12-31,adjusted_quantity,MISSING_VALUE,info,Valor ausente na extração
688,689,BOBR3,2019-12-31,open,MISSING_VALUE,info,Valor ausente na extração
688,689,BOBR3,2019-12-31,high,MISSING_VALUE,info,Valor ausente na extração
688,689,BOBR3,2019-12-31,low,MISSING_VALUE,info,Valor ausente na extração
688,689,BOBR3,2019-12-31,average,MISSING_VALUE,info,Valor ausente na extração
688,689,BOBR3,2019-12-31,raw_volume,MISSING_VALUE,info,Valor ausente na extração
689,690,BOBR3,2020-01-01,close,MISSING_VALUE,info,Valor ausente na extração
689,690,BOBR3,2020-01-01,adjusted_quantity,MISSING_VALUE,info,Valor ausente na extração
689,690,BOBR3,2020-01-01,open,MISSING_VALUE,info,Valor ausente na extração
689,690,BOBR3,2020-01-01,high,MISSING_VALUE,info,Valor ausente na extração
689,690,BOBR3,2020-01-01,low,MISSING_VALUE,info,Valor ausente na extração
689,690,BOBR3,2020-01-01,average,MISSING_VALUE,info,Valor ausente na extração
689,690,BOBR3,2020-01-01,raw_volume,MISSING_VALUE,info,Valor ausente na extração
690,691,BOBR3,2020-01-02,close,MISSING_VALUE,info,Valor ausente na extração
690,691,BOBR3,2020-01-02,adjusted_quantity,MISSING_VALUE,info,Valor ausente na extração
690,691,BOBR3,2020-01-02,open,MISSING_VALUE,info,Valor ausente na extração
690,691,BOBR3,2020-01-02,high,MISSING_VALUE,info,Valor ausente na extração
690,691,BOBR3,2020-01-02,low,MISSING_VALUE,info,Valor ausente na extração
690,691,BOBR3,2020-01-02,average,MISSING_VALUE,info,Valor ausente na extração
690,691,BOBR3,2020-01-02,raw_volume,MISSING_VALUE,info,Valor ausente na extração
691,692,BOBR3,2020-01-03,close,MISSING_VALUE,info,Valor ausente na extração
691,692,BOBR3,2020-01-03,adjusted_quantity,MISSING_VALUE,info,Valor ausente na extração
691,692,BOBR3,2020-01-03,open,MISSING_VALUE,info,Valor ausente na extração
691,692,BOBR3,2020-01-03,high,MISSING_VALUE,info,Valor ausente na extração
691,692,BOBR3,2020-01-03,low,MISSING_VALUE,info,Valor ausente na extração
691,692,BOBR3,2020-01-03,average,MISSING_VALUE,info,Valor ausente na extração
691,692,BOBR3,2020-01-03,raw_volume,MISSING_VALUE,info,Valor ausente na extração
692,693,BOBR3,2020-01-06,close,MISSING_VALUE,info,Valor ausente na extração
692,693,BOBR3,2020-01-06,adjusted_quantity,MISSING_VALUE,info,Valor ausente na extração
692,693,BOBR3,2020-01-06,open,MISSING_VALUE,info,Valor ausente na extração
692,693,BOBR3,2020-01-06,high,MISSING_VALUE,info,Valor ausente na extração
692,693,BOBR3,2020-01-06,low,MISSING_VALUE,info,Valor ausente na extração
692,693,BOBR3,2020-01-06,average,MISSING_VALUE,info,Valor ausente na extração
692,693,BOBR3,2020-01-06,raw_volume,MISSING_VALUE,info,Valor ausente na extração
693,694,BOBR3,2020-01-07,close,MISSING_VALUE,info,Valor ausente na extração
693,694,BOBR3,2020-01-07,adjusted_quantity,MISSING_VALUE,info,Valor ausente na extração
693,694,BOBR3,2020-01-07,open,MISSING_VALUE,info,Valor ausente na extração
693,694,BOBR3,2020-01-07,high,MISSING_VALUE,info,Valor ausente na extração
693,694,BOBR3,2020-01-07,low,MISSING_VALUE,info,Valor ausente na extração
693,694,BOBR3,2020-01-07,average,MISSING_VALUE,info,Valor ausente na extração
693,694,BOBR3,2020-01-07,raw_volume,MISSING_VALUE,info,Valor ausente na extração
694,695,BOBR3,2020-01-08,close,MISSING_VALUE,info,Valor ausente na extração
694,695,BOBR3,2020-01-08,adjusted_quantity,MISSING_VALUE,info,Valor ausente na extração
694,695,BOBR3,2020-01-08,open,MISSING_VALUE,info,Valor ausente na extração
694,695,BOBR3,2020-01-08,high,MISSING_VALUE,info,Valor ausente na extração
694,695,BOBR3,2020-01-08,low,MISSING_VALUE,info,Valor ausente na extração
694,695,BOBR3,2020-01-08,average,MISSING_VALUE,info,Valor ausente na extração
694,695,BOBR3,2020-01-08,raw_volume,MISSING_VALUE,info,Valor ausente na extração
695,696,BOBR3,2020-01-09,close,MISSING_VALUE,info,Valor ausente na extração
695,696,BOBR3,2020-01-09,adjusted_quantity,MISSING_VALUE,info,Valor ausente na extração
695,696,BOBR3,2020-01-09,open,MISSING_VALUE,info,Valor ausente na extração
695,696,BOBR3,2020-01-09,high,MISSING_VALUE,info,Valor ausente na extração
695,696,BOBR3,2020-01-09,low,MISSING_VALUE,info,Valor ausente na extração
695,696,BOBR3,2020-01-09,average,MISSING_VALUE,info,Valor ausente na extração
695,696,BOBR3,2020-01-09,raw_volume,MISSING_VALUE,info,Valor ausente na extração
696,697,BOBR3,2020-01-10,close,MISSING_VALUE,info,Valor ausente na extração
696,697,BOBR3,2020-01-10,adjusted_quantity,MISSING_VALUE,info,Valor ausente na extração
696,697,BOBR3,2020-01-10,open,MISSING_VALUE,info,Valor ausente na extração
696,697,BOBR3,2020-01-10,high,MISSING_VALUE,info,Valor ausente na extração
696,697,BOBR3,2020-01-10,low,MISSING_VALUE,info,Valor ausente na extração
696,697,BOBR3,2020-01-10,average,MISSING_VALUE,info,Valor ausente na extração
696,697,BOBR3,2020-01-10,raw_volume,MISSING_VALUE,info,Valor ausente na extração
697,698,BOBR3,2020-01-13,close,MISSING_VALUE,info,Valor ausente na extração
697,698,BOBR3,2020-01-13,adjusted_quantity,MISSING_VALUE,info,Valor ausente na extração
697,698,BOBR3,2020-01-13,open,MISSING_VALUE,info,Valor ausente na extração
697,698,BOBR3,2020-01-13,high,MISSING_VALUE,info,Valor ausente na extração
697,698,BOBR3,2020-01-13,low,MISSING_VALUE,info,Valor ausente na extração
697,698,BOBR3,2020-01-13,average,MISSING_VALUE,info,Valor ausente na extração
697,698,BOBR3,2020-01-13,raw_volume,MISSING_VALUE,info,Valor ausente na extração
699,700,BOBR4,2026-09-07,close,MISSING_VALUE,info,Valor ausente na extração
699,700,BOBR4,2026-09-07,adjusted_quantity,MISSING_VALUE,info,Valor ausente na extração
699,700,BOBR4,2026-09-07,open,MISSING_VALUE,info,Valor ausente na extração
699,700,BOBR4,2026-09-07,high,MISSING_VALUE,info,Valor ausente na extração
699,700,BOBR4,2026-09-07,low,MISSING_VALUE,info,Valor ausente na extração
699,700,BOBR4,2026-09-07,average,MISSING_VALUE,info,Valor ausente na extração
699,700,BOBR4,2026-09-07,raw_volume,MISSING_VALUE,info,Valor ausente na extração
710,711,BRBI11,2026-09-07,close,MISSING_VALUE,info,Valor ausente na extração
710,711,BRBI11,2026-09-07,adjusted_quantity,MISSING_VALUE,info,Valor ausente na extração
710,711,BRBI11,2026-09-07,open,MISSING_VALUE,info,Valor ausente na extração
710,711,BRBI11,2026-09-07,high,MISSING_VALUE,info,Valor ausente na extração
710,711,BRBI11,2026-09-07,low,MISSING_VALUE,info,Valor ausente na extração
710,711,BRBI11,2026-09-07,average,MISSING_VALUE,info,Valor ausente na extração
710,711,BRBI11,2026-09-07,raw_volume,MISSING_VALUE,info,Valor ausente na extração
710,711,BRBI11,2026-09-07,Ativo,INSTRUMENT_AMBIGUOUS,warning,Final 11 pode representar instrumentos distintos
711,712,BRBI11,2026-09-08,Ativo,INSTRUMENT_AMBIGUOUS,warning,Final 11 pode representar instrumentos distintos
712,713,BRBI11,2026-09-09,Ativo,INSTRUMENT_AMBIGUOUS,warning,Final 11 pode representar instrumentos distintos
713,714,BRBI11,2026-09-10,Ativo,INSTRUMENT_AMBIGUOUS,warning,Final 11 pode representar instrumentos distintos
714,715,BRBI11,2026-09-11,Ativo,INSTRUMENT_AMBIGUOUS,warning,Final 11 pode representar instrumentos distintos
715,716,BRBI11,2026-09-14,Ativo,INSTRUMENT_AMBIGUOUS,warning,Final 11 pode representar instrumentos distintos
716,717,BRBI11,2026-09-15,Ativo,INSTRUMENT_AMBIGUOUS,warning,Final 11 pode representar instrumentos distintos
717,718,BRBI11,2026-09-16,Ativo,INSTRUMENT_AMBIGUOUS,warning,Final 11 pode representar instrumentos distintos
718,719,BRBI11,2026-09-17,Ativo,INSTRUMENT_AMBIGUOUS,warning,Final 11 pode representar instrumentos distintos
719,720,BRBI11,2026-09-18,Ativo,INSTRUMENT_AMBIGUOUS,warning,Final 11 pode representar instrumentos distintos
720,721,BRBI11,2026-09-21,Ativo,INSTRUMENT_AMBIGUOUS,warning,Final 11 pode representar instrumentos distintos
721,722,BBDC3,2026-09-07,close,MISSING_VALUE,info,Valor ausente na extração
721,722,BBDC3,2026-09-07,adjusted_quantity,MISSING_VALUE,info,Valor ausente na extração
721,722,BBDC3,2026-09-07,open,MISSING_VALUE,info,Valor ausente na extração
721,722,BBDC3,2026-09-07,high,MISSING_VALUE,info,Valor ausente na extração
721,722,BBDC3,2026-09-07,low,MISSING_VALUE,info,Valor ausente na extração
721,722,BBDC3,2026-09-07,average,MISSING_VALUE,info,Valor ausente na extração
721,722,BBDC3,2026-09-07,raw_volume,MISSING_VALUE,info,Valor ausente na extração
732,733,BBDC4,2026-09-07,close,MISSING_VALUE,info,Valor ausente na extração
732,733,BBDC4,2026-09-07,adjusted_quantity,MISSING_VALUE,info,Valor ausente na extração
732,733,BBDC4,2026-09-07,open,MISSING_VALUE,info,Valor ausente na extração
732,733,BBDC4,2026-09-07,high,MISSING_VALUE,info,Valor ausente na extração
732,733,BBDC4,2026-09-07,low,MISSING_VALUE,info,Valor ausente na extração
732,733,BBDC4,2026-09-07,average,MISSING_VALUE,info,Valor ausente na extração
732,733,BBDC4,2026-09-07,raw_volume,MISSING_VALUE,info,Valor ausente na extração
743,744,BRAP3,2026-09-07,close,MISSING_VALUE,info,Valor ausente na extração
743,744,BRAP3,2026-09-07,adjusted_quantity,MISSING_VALUE,info,Valor ausente na extração
743,744,BRAP3,2026-09-07,open,MISSING_VALUE,info,Valor ausente na extração
743,744,BRAP3,2026-09-07,high,MISSING_VALUE,info,Valor ausente na extração
743,744,BRAP3,2026-09-07,low,MISSING_VALUE,info,Valor ausente na extração
743,744,BRAP3,2026-09-07,average,MISSING_VALUE,info,Valor ausente na extração
743,744,BRAP3,2026-09-07,raw_volume,MISSING_VALUE,info,Valor ausente na extração
754,755,BRAP4,2026-09-07,close,MISSING_VALUE,info,Valor ausente na extração
754,755,BRAP4,2026-09-07,adjusted_quantity,MISSING_VALUE,info,Valor ausente na extração
754,755,BRAP4,2026-09-07,open,MISSING_VALUE,info,Valor ausente na extração
754,755,BRAP4,2026-09-07,high,MISSING_VALUE,info,Valor ausente na extração
754,755,BRAP4,2026-09-07,low,MISSING_VALUE,info,Valor ausente na extração
754,755,BRAP4,2026-09-07,average,MISSING_VALUE,info,Valor ausente na extração
754,755,BRAP4,2026-09-07,raw_volume,MISSING_VALUE,info,Valor ausente na extração
765,766,SAUD3,2026-09-07,close,MISSING_VALUE,info,Valor ausente na extração
765,766,SAUD3,2026-09-07,adjusted_quantity,MISSING_VALUE,info,Valor ausente na extração
765,766,SAUD3,2026-09-07,open,MISSING_VALUE,info,Valor ausente na extração
765,766,SAUD3,2026-09-07,high,MISSING_VALUE,info,Valor ausente na extração
765,766,SAUD3,2026-09-07,low,MISSING_VALUE,info,Valor ausente na extração
765,766,SAUD3,2026-09-07,average,MISSING_VALUE,info,Valor ausente na extração
765,766,SAUD3,2026-09-07,raw_volume,MISSING_VALUE,info,Valor ausente na extração
776,777,BBAS3,2026-09-07,close,MISSING_VALUE,info,Valor ausente na extração
776,777,BBAS3,2026-09-07,adjusted_quantity,MISSING_VALUE,info,Valor ausente na extração
776,777,BBAS3,2026-09-07,open,MISSING_VALUE,info,Valor ausente na extração
776,777,BBAS3,2026-09-07,high,MISSING_VALUE,info,Valor ausente na extração
776,777,BBAS3,2026-09-07,low,MISSING_VALUE,info,Valor ausente na extração
776,777,BBAS3,2026-09-07,average,MISSING_VALUE,info,Valor ausente na extração
776,777,BBAS3,2026-09-07,raw_volume,MISSING_VALUE,info,Valor ausente na extração
787,788,AGRO3,2026-09-07,close,MISSING_VALUE,info,Valor ausente na extração
787,788,AGRO3,2026-09-07,adjusted_quantity,MISSING_VALUE,info,Valor ausente na extração
787,788,AGRO3,2026-09-07,open,MISSING_VALUE,info,Valor ausente na extração
787,788,AGRO3,2026-09-07,high,MISSING_VALUE,info,Valor ausente na extração
787,788,AGRO3,2026-09-07,low,MISSING_VALUE,info,Valor ausente na extração
787,788,AGRO3,2026-09-07,average,MISSING_VALUE,info,Valor ausente na extração
787,788,AGRO3,2026-09-07,raw_volume,MISSING_VALUE,info,Valor ausente na extração
798,799,BRKM3,2026-09-07,close,MISSING_VALUE,info,Valor ausente na extração
798,799,BRKM3,2026-09-07,adjusted_quantity,MISSING_VALUE,info,Valor ausente na extração
798,799,BRKM3,2026-09-07,open,MISSING_VALUE,info,Valor ausente na extração
798,799,BRKM3,2026-09-07,high,MISSING_VALUE,info,Valor ausente na extração
798,799,BRKM3,2026-09-07,low,MISSING_VALUE,info,Valor ausente na extração
798,799,BRKM3,2026-09-07,average,MISSING_VALUE,info,Valor ausente na extração
798,799,BRKM3,2026-09-07,raw_volume,MISSING_VALUE,info,Valor ausente na extração
809,810,BRKM5,2026-09-07,close,MISSING_VALUE,info,Valor ausente na extração
809,810,BRKM5,2026-09-07,adjusted_quantity,MISSING_VALUE,info,Valor ausente na extração
809,810,BRKM5,2026-09-07,open,MISSING_VALUE,info,Valor ausente na extração
809,810,BRKM5,2026-09-07,high,MISSING_VALUE,info,Valor ausente na extração
809,810,BRKM5,2026-09-07,low,MISSING_VALUE,info,Valor ausente na extração
809,810,BRKM5,2026-09-07,average,MISSING_VALUE,info,Valor ausente na extração
809,810,BRKM5,2026-09-07,raw_volume,MISSING_VALUE,info,Valor ausente na extração
821,822,BRKM6,2026-09-04,close,MISSING_VALUE,info,Valor ausente na extração
821,822,BRKM6,2026-09-04,adjusted_quantity,MISSING_VALUE,info,Valor ausente na extração
821,822,BRKM6,2026-09-04,open,MISSING_VALUE,info,Valor ausente na extração
821,822,BRKM6,2026-09-04,high,MISSING_VALUE,info,Valor ausente na extração
821,822,BRKM6,2026-09-04,low,MISSING_VALUE,info,Valor ausente na extração
821,822,BRKM6,2026-09-04,average,MISSING_VALUE,info,Valor ausente na extração
821,822,BRKM6,2026-09-04,raw_volume,MISSING_VALUE,info,Valor ausente na extração
822,823,BRKM6,2026-09-07,close,MISSING_VALUE,info,Valor ausente na extração
822,823,BRKM6,2026-09-07,adjusted_quantity,MISSING_VALUE,info,Valor ausente na extração
822,823,BRKM6,2026-09-07,open,MISSING_VALUE,info,Valor ausente na extração
822,823,BRKM6,2026-09-07,high,MISSING_VALUE,info,Valor ausente na extração
822,823,BRKM6,2026-09-07,low,MISSING_VALUE,info,Valor ausente na extração
822,823,BRKM6,2026-09-07,average,MISSING_VALUE,info,Valor ausente na extração
822,823,BRKM6,2026-09-07,raw_volume,MISSING_VALUE,info,Valor ausente na extração
823,824,BRKM6,2026-09-08,close,MISSING_VALUE,info,Valor ausente na extração
823,824,BRKM6,2026-09-08,adjusted_quantity,MISSING_VALUE,info,Valor ausente na extração
823,824,BRKM6,2026-09-08,open,MISSING_VALUE,info,Valor ausente na extração
823,824,BRKM6,2026-09-08,high,MISSING_VALUE,info,Valor ausente na extração
823,824,BRKM6,2026-09-08,low,MISSING_VALUE,info,Valor ausente na extração
823,824,BRKM6,2026-09-08,average,MISSING_VALUE,info,Valor ausente na extração
823,824,BRKM6,2026-09-08,raw_volume,MISSING_VALUE,info,Valor ausente na extração
825,826,BRKM6,2026-09-10,close,MISSING_VALUE,info,Valor ausente na extração
825,826,BRKM6,2026-09-10,adjusted_quantity,MISSING_VALUE,info,Valor ausente na extração
825,826,BRKM6,2026-09-10,open,MISSING_VALUE,info,Valor ausente na extração
825,826,BRKM6,2026-09-10,high,MISSING_VALUE,info,Valor ausente na extração
825,826,BRKM6,2026-09-10,low,MISSING_VALUE,info,Valor ausente na extração
825,826,BRKM6,2026-09-10,average,MISSING_VALUE,info,Valor ausente na extração
825,826,BRKM6,2026-09-10,raw_volume,MISSING_VALUE,info,Valor ausente na extração
826,827,BRKM6,2026-09-11,close,MISSING_VALUE,info,Valor ausente na extração
826,827,BRKM6,2026-09-11,adjusted_quantity,MISSING_VALUE,info,Valor ausente na extração
826,827,BRKM6,2026-09-11,open,MISSING_VALUE,info,Valor ausente na extração
826,827,BRKM6,2026-09-11,high,MISSING_VALUE,info,Valor ausente na extração
826,827,BRKM6,2026-09-11,low,MISSING_VALUE,info,Valor ausente na extração
826,827,BRKM6,2026-09-11,average,MISSING_VALUE,info,Valor ausente na extração
826,827,BRKM6,2026-09-11,raw_volume,MISSING_VALUE,info,Valor ausente na extração
827,828,BRKM6,2026-09-14,close,MISSING_VALUE,info,Valor ausente na extração
827,828,BRKM6,2026-09-14,adjusted_quantity,MISSING_VALUE,info,Valor ausente na extração
827,828,BRKM6,2026-09-14,open,MISSING_VALUE,info,Valor ausente na extração
827,828,BRKM6,2026-09-14,high,MISSING_VALUE,info,Valor ausente na extração
827,828,BRKM6,2026-09-14,low,MISSING_VALUE,info,Valor ausente na extração
827,828,BRKM6,2026-09-14,average,MISSING_VALUE,info,Valor ausente na extração
827,828,BRKM6,2026-09-14,raw_volume,MISSING_VALUE,info,Valor ausente na extração
828,829,BRKM6,2026-09-15,close,MISSING_VALUE,info,Valor ausente na extração
828,829,BRKM6,2026-09-15,adjusted_quantity,MISSING_VALUE,info,Valor ausente na extração
828,829,BRKM6,2026-09-15,open,MISSING_VALUE,info,Valor ausente na extração
828,829,BRKM6,2026-09-15,high,MISSING_VALUE,info,Valor ausente na extração
828,829,BRKM6,2026-09-15,low,MISSING_VALUE,info,Valor ausente na extração
828,829,BRKM6,2026-09-15,average,MISSING_VALUE,info,Valor ausente na extração
828,829,BRKM6,2026-09-15,raw_volume,MISSING_VALUE,info,Valor ausente na extração
831,832,BRAV3,2026-09-07,close,MISSING_VALUE,info,Valor ausente na extração
831,832,BRAV3,2026-09-07,adjusted_quantity,MISSING_VALUE,info,Valor ausente na extração
831,832,BRAV3,2026-09-07,open,MISSING_VALUE,info,Valor ausente na extração
831,832,BRAV3,2026-09-07,high,MISSING_VALUE,info,Valor ausente na extração
831,832,BRAV3,2026-09-07,low,MISSING_VALUE,info,Valor ausente na extração
831,832,BRAV3,2026-09-07,average,MISSING_VALUE,info,Valor ausente na extração
831,832,BRAV3,2026-09-07,raw_volume,MISSING_VALUE,info,Valor ausente na extração
842,843,BSLI3,2026-09-07,close,MISSING_VALUE,info,Valor ausente na extração
842,843,BSLI3,2026-09-07,adjusted_quantity,MISSING_VALUE,info,Valor ausente na extração
842,843,BSLI3,2026-09-07,open,MISSING_VALUE,info,Valor ausente na extração
842,843,BSLI3,2026-09-07,high,MISSING_VALUE,info,Valor ausente na extração
842,843,BSLI3,2026-09-07,low,MISSING_VALUE,info,Valor ausente na extração
842,843,BSLI3,2026-09-07,average,MISSING_VALUE,info,Valor ausente na extração
842,843,BSLI3,2026-09-07,raw_volume,MISSING_VALUE,info,Valor ausente na extração
853,854,BSLI4,2026-09-07,close,MISSING_VALUE,info,Valor ausente na extração
853,854,BSLI4,2026-09-07,adjusted_quantity,MISSING_VALUE,info,Valor ausente na extração
853,854,BSLI4,2026-09-07,open,MISSING_VALUE,info,Valor ausente na extração
853,854,BSLI4,2026-09-07,high,MISSING_VALUE,info,Valor ausente na extração
853,854,BSLI4,2026-09-07,low,MISSING_VALUE,info,Valor ausente na extração
853,854,BSLI4,2026-09-07,average,MISSING_VALUE,info,Valor ausente na extração
853,854,BSLI4,2026-09-07,raw_volume,MISSING_VALUE,info,Valor ausente na extração
864,865,BRST3,2026-09-07,close,MISSING_VALUE,info,Valor ausente na extração
864,865,BRST3,2026-09-07,adjusted_quantity,MISSING_VALUE,info,Valor ausente na extração
864,865,BRST3,2026-09-07,open,MISSING_VALUE,info,Valor ausente na extração
864,865,BRST3,2026-09-07,high,MISSING_VALUE,info,Valor ausente na extração
864,865,BRST3,2026-09-07,low,MISSING_VALUE,info,Valor ausente na extração
864,865,BRST3,2026-09-07,average,MISSING_VALUE,info,Valor ausente na extração
864,865,BRST3,2026-09-07,raw_volume,MISSING_VALUE,info,Valor ausente na extração
875,876,BRQB3,1920-01-02,close,MISSING_VALUE,info,Valor ausente na extração
875,876,BRQB3,1920-01-02,adjusted_quantity,MISSING_VALUE,info,Valor ausente na extração
875,876,BRQB3,1920-01-02,open,MISSING_VALUE,info,Valor ausente na extração
875,876,BRQB3,1920-01-02,high,MISSING_VALUE,info,Valor ausente na extração
875,876,BRQB3,1920-01-02,low,MISSING_VALUE,info,Valor ausente na extração
875,876,BRQB3,1920-01-02,average,MISSING_VALUE,info,Valor ausente na extração
875,876,BRQB3,1920-01-02,raw_volume,MISSING_VALUE,info,Valor ausente na extração
876,877,BPAC3,2026-09-07,close,MISSING_VALUE,info,Valor ausente na extração
876,877,BPAC3,2026-09-07,adjusted_quantity,MISSING_VALUE,info,Valor ausente na extração
876,877,BPAC3,2026-09-07,open,MISSING_VALUE,info,Valor ausente na extração
876,877,BPAC3,2026-09-07,high,MISSING_VALUE,info,Valor ausente na extração
876,877,BPAC3,2026-09-07,low,MISSING_VALUE,info,Valor ausente na extração
876,877,BPAC3,2026-09-07,average,MISSING_VALUE,info,Valor ausente na extração
876,877,BPAC3,2026-09-07,raw_volume,MISSING_VALUE,info,Valor ausente na extração
887,888,BPAC5,2026-09-07,close,MISSING_VALUE,info,Valor ausente na extração
887,888,BPAC5,2026-09-07,adjusted_quantity,MISSING_VALUE,info,Valor ausente na extração
887,888,BPAC5,2026-09-07,open,MISSING_VALUE,info,Valor ausente na extração
887,888,BPAC5,2026-09-07,high,MISSING_VALUE,info,Valor ausente na extração
887,888,BPAC5,2026-09-07,low,MISSING_VALUE,info,Valor ausente na extração
887,888,BPAC5,2026-09-07,average,MISSING_VALUE,info,Valor ausente na extração
887,888,BPAC5,2026-09-07,raw_volume,MISSING_VALUE,info,Valor ausente na extração
893,894,BPAC5,2026-09-15,close,MISSING_VALUE,info,Valor ausente na extração
893,894,BPAC5,2026-09-15,adjusted_quantity,MISSING_VALUE,info,Valor ausente na extração
893,894,BPAC5,2026-09-15,open,MISSING_VALUE,info,Valor ausente na extração
893,894,BPAC5,2026-09-15,high,MISSING_VALUE,info,Valor ausente na extração
893,894,BPAC5,2026-09-15,low,MISSING_VALUE,info,Valor ausente na extração
893,894,BPAC5,2026-09-15,average,MISSING_VALUE,info,Valor ausente na extração
893,894,BPAC5,2026-09-15,raw_volume,MISSING_VALUE,info,Valor ausente na extração
898,899,BPAC11,2026-09-07,close,MISSING_VALUE,info,Valor ausente na extração
898,899,BPAC11,2026-09-07,adjusted_quantity,MISSING_VALUE,info,Valor ausente na extração
898,899,BPAC11,2026-09-07,open,MISSING_VALUE,info,Valor ausente na extração
898,899,BPAC11,2026-09-07,high,MISSING_VALUE,info,Valor ausente na extração
898,899,BPAC11,2026-09-07,low,MISSING_VALUE,info,Valor ausente na extração
898,899,BPAC11,2026-09-07,average,MISSING_VALUE,info,Valor ausente na extração
898,899,BPAC11,2026-09-07,raw_volume,MISSING_VALUE,info,Valor ausente na extração
898,899,BPAC11,2026-09-07,Ativo,INSTRUMENT_AMBIGUOUS,warning,Final 11 pode representar instrumentos distintos
899,900,BPAC11,2026-09-08,Ativo,INSTRUMENT_AMBIGUOUS,warning,Final 11 pode representar instrumentos distintos
900,901,BPAC11,2026-09-09,Ativo,INSTRUMENT_AMBIGUOUS,warning,Final 11 pode representar instrumentos distintos
901,902,BPAC11,2026-09-10,Ativo,INSTRUMENT_AMBIGUOUS,warning,Final 11 pode representar instrumentos distintos
902,903,BPAC11,2026-09-11,Ativo,INSTRUMENT_AMBIGUOUS,warning,Final 11 pode representar instrumentos distintos
903,904,BPAC11,2026-09-14,Ativo,INSTRUMENT_AMBIGUOUS,warning,Final 11 pode representar instrumentos distintos
904,905,BPAC11,2026-09-15,Ativo,INSTRUMENT_AMBIGUOUS,warning,Final 11 pode representar instrumentos distintos
905,906,BPAC11,2026-09-16,Ativo,INSTRUMENT_AMBIGUOUS,warning,Final 11 pode representar instrumentos distintos
906,907,BPAC11,2026-09-17,Ativo,INSTRUMENT_AMBIGUOUS,warning,Final 11 pode representar instrumentos distintos
907,908,BPAC11,2026-09-18,Ativo,INSTRUMENT_AMBIGUOUS,warning,Final 11 pode representar instrumentos distintos
908,909,BPAC11,2026-09-21,Ativo,INSTRUMENT_AMBIGUOUS,warning,Final 11 pode representar instrumentos distintos
909,910,CXSE3,2026-09-07,close,MISSING_VALUE,info,Valor ausente na extração
909,910,CXSE3,2026-09-07,adjusted_quantity,MISSING_VALUE,info,Valor ausente na extração
909,910,CXSE3,2026-09-07,open,MISSING_VALUE,info,Valor ausente na extração
909,910,CXSE3,2026-09-07,high,MISSING_VALUE,info,Valor ausente na extração
909,910,CXSE3,2026-09-07,low,MISSING_VALUE,info,Valor ausente na extração
909,910,CXSE3,2026-09-07,average,MISSING_VALUE,info,Valor ausente na extração
909,910,CXSE3,2026-09-07,raw_volume,MISSING_VALUE,info,Valor ausente na extração
920,921,CAMB3,2026-09-07,close,MISSING_VALUE,info,Valor ausente na extração
920,921,CAMB3,2026-09-07,adjusted_quantity,MISSING_VALUE,info,Valor ausente na extração
920,921,CAMB3,2026-09-07,open,MISSING_VALUE,info,Valor ausente na extração
920,921,CAMB3,2026-09-07,high,MISSING_VALUE,info,Valor ausente na extração
920,921,CAMB3,2026-09-07,low,MISSING_VALUE,info,Valor ausente na extração
920,921,CAMB3,2026-09-07,average,MISSING_VALUE,info,Valor ausente na extração
920,921,CAMB3,2026-09-07,raw_volume,MISSING_VALUE,info,Valor ausente na extração
931,932,CAML3,2026-09-07,close,MISSING_VALUE,info,Valor ausente na extração
931,932,CAML3,2026-09-07,adjusted_quantity,MISSING_VALUE,info,Valor ausente na extração
931,932,CAML3,2026-09-07,open,MISSING_VALUE,info,Valor ausente na extração
931,932,CAML3,2026-09-07,high,MISSING_VALUE,info,Valor ausente na extração
931,932,CAML3,2026-09-07,low,MISSING_VALUE,info,Valor ausente na extração
931,932,CAML3,2026-09-07,average,MISSING_VALUE,info,Valor ausente na extração
931,932,CAML3,2026-09-07,raw_volume,MISSING_VALUE,info,Valor ausente na extração
942,943,CASN3,2023-04-14,close,MISSING_VALUE,info,Valor ausente na extração
942,943,CASN3,2023-04-14,adjusted_quantity,MISSING_VALUE,info,Valor ausente na extração
942,943,CASN3,2023-04-14,open,MISSING_VALUE,info,Valor ausente na extração
942,943,CASN3,2023-04-14,high,MISSING_VALUE,info,Valor ausente na extração
942,943,CASN3,2023-04-14,low,MISSING_VALUE,info,Valor ausente na extração
942,943,CASN3,2023-04-14,average,MISSING_VALUE,info,Valor ausente na extração
942,943,CASN3,2023-04-14,raw_volume,MISSING_VALUE,info,Valor ausente na extração
943,944,CASN3,2023-04-17,close,MISSING_VALUE,info,Valor ausente na extração
943,944,CASN3,2023-04-17,adjusted_quantity,MISSING_VALUE,info,Valor ausente na extração
943,944,CASN3,2023-04-17,open,MISSING_VALUE,info,Valor ausente na extração
943,944,CASN3,2023-04-17,high,MISSING_VALUE,info,Valor ausente na extração
943,944,CASN3,2023-04-17,low,MISSING_VALUE,info,Valor ausente na extração
943,944,CASN3,2023-04-17,average,MISSING_VALUE,info,Valor ausente na extração
943,944,CASN3,2023-04-17,raw_volume,MISSING_VALUE,info,Valor ausente na extração
944,945,CASN3,2023-04-18,close,MISSING_VALUE,info,Valor ausente na extração
944,945,CASN3,2023-04-18,adjusted_quantity,MISSING_VALUE,info,Valor ausente na extração
944,945,CASN3,2023-04-18,open,MISSING_VALUE,info,Valor ausente na extração
944,945,CASN3,2023-04-18,high,MISSING_VALUE,info,Valor ausente na extração
944,945,CASN3,2023-04-18,low,MISSING_VALUE,info,Valor ausente na extração
944,945,CASN3,2023-04-18,average,MISSING_VALUE,info,Valor ausente na extração
944,945,CASN3,2023-04-18,raw_volume,MISSING_VALUE,info,Valor ausente na extração
945,946,CASN3,2023-04-19,close,MISSING_VALUE,info,Valor ausente na extração
945,946,CASN3,2023-04-19,adjusted_quantity,MISSING_VALUE,info,Valor ausente na extração
945,946,CASN3,2023-04-19,open,MISSING_VALUE,info,Valor ausente na extração
945,946,CASN3,2023-04-19,high,MISSING_VALUE,info,Valor ausente na extração
945,946,CASN3,2023-04-19,low,MISSING_VALUE,info,Valor ausente na extração
945,946,CASN3,2023-04-19,average,MISSING_VALUE,info,Valor ausente na extração
945,946,CASN3,2023-04-19,raw_volume,MISSING_VALUE,info,Valor ausente na extração
946,947,CASN3,2023-04-20,close,MISSING_VALUE,info,Valor ausente na extração
946,947,CASN3,2023-04-20,adjusted_quantity,MISSING_VALUE,info,Valor ausente na extração
946,947,CASN3,2023-04-20,open,MISSING_VALUE,info,Valor ausente na extração
946,947,CASN3,2023-04-20,high,MISSING_VALUE,info,Valor ausente na extração
946,947,CASN3,2023-04-20,low,MISSING_VALUE,info,Valor ausente na extração
946,947,CASN3,2023-04-20,average,MISSING_VALUE,info,Valor ausente na extração
946,947,CASN3,2023-04-20,raw_volume,MISSING_VALUE,info,Valor ausente na extração
947,948,CASN3,2023-04-21,close,MISSING_VALUE,info,Valor ausente na extração
947,948,CASN3,2023-04-21,adjusted_quantity,MISSING_VALUE,info,Valor ausente na extração
947,948,CASN3,2023-04-21,open,MISSING_VALUE,info,Valor ausente na extração
947,948,CASN3,2023-04-21,high,MISSING_VALUE,info,Valor ausente na extração
947,948,CASN3,2023-04-21,low,MISSING_VALUE,info,Valor ausente na extração
947,948,CASN3,2023-04-21,average,MISSING_VALUE,info,Valor ausente na extração
947,948,CASN3,2023-04-21,raw_volume,MISSING_VALUE,info,Valor ausente na extração
948,949,CASN3,2023-04-24,close,MISSING_VALUE,info,Valor ausente na extração
948,949,CASN3,2023-04-24,adjusted_quantity,MISSING_VALUE,info,Valor ausente na extração
948,949,CASN3,2023-04-24,open,MISSING_VALUE,info,Valor ausente na extração
948,949,CASN3,2023-04-24,high,MISSING_VALUE,info,Valor ausente na extração
948,949,CASN3,2023-04-24,low,MISSING_VALUE,info,Valor ausente na extração
948,949,CASN3,2023-04-24,average,MISSING_VALUE,info,Valor ausente na extração
948,949,CASN3,2023-04-24,raw_volume,MISSING_VALUE,info,Valor ausente na extração
949,950,CASN3,2023-04-25,close,MISSING_VALUE,info,Valor ausente na extração
949,950,CASN3,2023-04-25,adjusted_quantity,MISSING_VALUE,info,Valor ausente na extração
949,950,CASN3,2023-04-25,open,MISSING_VALUE,info,Valor ausente na extração
949,950,CASN3,2023-04-25,high,MISSING_VALUE,info,Valor ausente na extração
949,950,CASN3,2023-04-25,low,MISSING_VALUE,info,Valor ausente na extração
949,950,CASN3,2023-04-25,average,MISSING_VALUE,info,Valor ausente na extração
949,950,CASN3,2023-04-25,raw_volume,MISSING_VALUE,info,Valor ausente na extração
950,951,CASN3,2023-04-26,close,MISSING_VALUE,info,Valor ausente na extração
950,951,CASN3,2023-04-26,adjusted_quantity,MISSING_VALUE,info,Valor ausente na extração
950,951,CASN3,2023-04-26,open,MISSING_VALUE,info,Valor ausente na extração
950,951,CASN3,2023-04-26,high,MISSING_VALUE,info,Valor ausente na extração
950,951,CASN3,2023-04-26,low,MISSING_VALUE,info,Valor ausente na extração
950,951,CASN3,2023-04-26,average,MISSING_VALUE,info,Valor ausente na extração
950,951,CASN3,2023-04-26,raw_volume,MISSING_VALUE,info,Valor ausente na extração
951,952,CASN3,2023-04-27,close,MISSING_VALUE,info,Valor ausente na extração
951,952,CASN3,2023-04-27,adjusted_quantity,MISSING_VALUE,info,Valor ausente na extração
951,952,CASN3,2023-04-27,open,MISSING_VALUE,info,Valor ausente na extração
951,952,CASN3,2023-04-27,high,MISSING_VALUE,info,Valor ausente na extração
951,952,CASN3,2023-04-27,low,MISSING_VALUE,info,Valor ausente na extração
951,952,CASN3,2023-04-27,average,MISSING_VALUE,info,Valor ausente na extração
951,952,CASN3,2023-04-27,raw_volume,MISSING_VALUE,info,Valor ausente na extração
952,953,CASN3,2023-04-28,raw_volume,VOLUME_PRICE_DIVERGENCE,info,Volume bruto difere mais de 10% de quantidade ajustada × preço médio ajustado; bases de ajuste podem diferir
953,954,CASN4,2020-03-10,close,MISSING_VALUE,info,Valor ausente na extração
953,954,CASN4,2020-03-10,adjusted_quantity,MISSING_VALUE,info,Valor ausente na extração
953,954,CASN4,2020-03-10,open,MISSING_VALUE,info,Valor ausente na extração
953,954,CASN4,2020-03-10,high,MISSING_VALUE,info,Valor ausente na extração
953,954,CASN4,2020-03-10,low,MISSING_VALUE,info,Valor ausente na extração
953,954,CASN4,2020-03-10,average,MISSING_VALUE,info,Valor ausente na extração
953,954,CASN4,2020-03-10,raw_volume,MISSING_VALUE,info,Valor ausente na extração
954,955,CASN4,2020-03-11,close,MISSING_VALUE,info,Valor ausente na extração
954,955,CASN4,2020-03-11,adjusted_quantity,MISSING_VALUE,info,Valor ausente na extração
954,955,CASN4,2020-03-11,open,MISSING_VALUE,info,Valor ausente na extração
954,955,CASN4,2020-03-11,high,MISSING_VALUE,info,Valor ausente na extração
954,955,CASN4,2020-03-11,low,MISSING_VALUE,info,Valor ausente na extração
954,955,CASN4,2020-03-11,average,MISSING_VALUE,info,Valor ausente na extração
954,955,CASN4,2020-03-11,raw_volume,MISSING_VALUE,info,Valor ausente na extração
955,956,CASN4,2020-03-12,close,MISSING_VALUE,info,Valor ausente na extração
955,956,CASN4,2020-03-12,adjusted_quantity,MISSING_VALUE,info,Valor ausente na extração
955,956,CASN4,2020-03-12,open,MISSING_VALUE,info,Valor ausente na extração
955,956,CASN4,2020-03-12,high,MISSING_VALUE,info,Valor ausente na extração
955,956,CASN4,2020-03-12,low,MISSING_VALUE,info,Valor ausente na extração
955,956,CASN4,2020-03-12,average,MISSING_VALUE,info,Valor ausente na extração
955,956,CASN4,2020-03-12,raw_volume,MISSING_VALUE,info,Valor ausente na extração
956,957,CASN4,2020-03-13,raw_volume,VOLUME_PRICE_DIVERGENCE,info,Volume bruto difere mais de 10% de quantidade ajustada × preço médio ajustado; bases de ajuste podem diferir
957,958,CASN4,2020-03-16,close,MISSING_VALUE,info,Valor ausente na extração
957,958,CASN4,2020-03-16,adjusted_quantity,MISSING_VALUE,info,Valor ausente na extração
957,958,CASN4,2020-03-16,open,MISSING_VALUE,info,Valor ausente na extração
957,958,CASN4,2020-03-16,high,MISSING_VALUE,info,Valor ausente na extração
957,958,CASN4,2020-03-16,low,MISSING_VALUE,info,Valor ausente na extração
957,958,CASN4,2020-03-16,average,MISSING_VALUE,info,Valor ausente na extração
957,958,CASN4,2020-03-16,raw_volume,MISSING_VALUE,info,Valor ausente na extração
958,959,CASN4,2020-03-17,close,MISSING_VALUE,info,Valor ausente na extração
958,959,CASN4,2020-03-17,adjusted_quantity,MISSING_VALUE,info,Valor ausente na extração
958,959,CASN4,2020-03-17,open,MISSING_VALUE,info,Valor ausente na extração
958,959,CASN4,2020-03-17,high,MISSING_VALUE,info,Valor ausente na extração
958,959,CASN4,2020-03-17,low,MISSING_VALUE,info,Valor ausente na extração
958,959,CASN4,2020-03-17,average,MISSING_VALUE,info,Valor ausente na extração
958,959,CASN4,2020-03-17,raw_volume,MISSING_VALUE,info,Valor ausente na extração
959,960,CASN4,2020-03-18,close,MISSING_VALUE,info,Valor ausente na extração
959,960,CASN4,2020-03-18,adjusted_quantity,MISSING_VALUE,info,Valor ausente na extração
959,960,CASN4,2020-03-18,open,MISSING_VALUE,info,Valor ausente na extração
959,960,CASN4,2020-03-18,high,MISSING_VALUE,info,Valor ausente na extração
959,960,CASN4,2020-03-18,low,MISSING_VALUE,info,Valor ausente na extração
959,960,CASN4,2020-03-18,average,MISSING_VALUE,info,Valor ausente na extração
959,960,CASN4,2020-03-18,raw_volume,MISSING_VALUE,info,Valor ausente na extração
960,961,CASN4,2020-03-19,close,MISSING_VALUE,info,Valor ausente na extração
960,961,CASN4,2020-03-19,adjusted_quantity,MISSING_VALUE,info,Valor ausente na extração
960,961,CASN4,2020-03-19,open,MISSING_VALUE,info,Valor ausente na extração
960,961,CASN4,2020-03-19,high,MISSING_VALUE,info,Valor ausente na extração
960,961,CASN4,2020-03-19,low,MISSING_VALUE,info,Valor ausente na extração
960,961,CASN4,2020-03-19,average,MISSING_VALUE,info,Valor ausente na extração
960,961,CASN4,2020-03-19,raw_volume,MISSING_VALUE,info,Valor ausente na extração
961,962,CASN4,2020-03-20,close,MISSING_VALUE,info,Valor ausente na extração
961,962,CASN4,2020-03-20,adjusted_quantity,MISSING_VALUE,info,Valor ausente na extração
961,962,CASN4,2020-03-20,open,MISSING_VALUE,info,Valor ausente na extração
961,962,CASN4,2020-03-20,high,MISSING_VALUE,info,Valor ausente na extração
961,962,CASN4,2020-03-20,low,MISSING_VALUE,info,Valor ausente na extração
961,962,CASN4,2020-03-20,average,MISSING_VALUE,info,Valor ausente na extração
961,962,CASN4,2020-03-20,raw_volume,MISSING_VALUE,info,Valor ausente na extração
962,963,CASN4,2020-03-23,close,MISSING_VALUE,info,Valor ausente na extração
962,963,CASN4,2020-03-23,adjusted_quantity,MISSING_VALUE,info,Valor ausente na extração
962,963,CASN4,2020-03-23,open,MISSING_VALUE,info,Valor ausente na extração
962,963,CASN4,2020-03-23,high,MISSING_VALUE,info,Valor ausente na extração
962,963,CASN4,2020-03-23,low,MISSING_VALUE,info,Valor ausente na extração
962,963,CASN4,2020-03-23,average,MISSING_VALUE,info,Valor ausente na extração
962,963,CASN4,2020-03-23,raw_volume,MISSING_VALUE,info,Valor ausente na extração
963,964,CASN4,2020-03-24,raw_volume,VOLUME_PRICE_DIVERGENCE,info,Volume bruto difere mais de 10% de quantidade ajustada × preço médio ajustado; bases de ajuste podem diferir
964,965,BHIA3,2026-09-07,close,MISSING_VALUE,info,Valor ausente na extração
964,965,BHIA3,2026-09-07,adjusted_quantity,MISSING_VALUE,info,Valor ausente na extração
964,965,BHIA3,2026-09-07,open,MISSING_VALUE,info,Valor ausente na extração
964,965,BHIA3,2026-09-07,high,MISSING_VALUE,info,Valor ausente na extração
964,965,BHIA3,2026-09-07,low,MISSING_VALUE,info,Valor ausente na extração
964,965,BHIA3,2026-09-07,average,MISSING_VALUE,info,Valor ausente na extração
964,965,BHIA3,2026-09-07,raw_volume,MISSING_VALUE,info,Valor ausente na extração
975,976,CBAV3,2026-09-07,close,MISSING_VALUE,info,Valor ausente na extração
975,976,CBAV3,2026-09-07,adjusted_quantity,MISSING_VALUE,info,Valor ausente na extração
975,976,CBAV3,2026-09-07,open,MISSING_VALUE,info,Valor ausente na extração
975,976,CBAV3,2026-09-07,high,MISSING_VALUE,info,Valor ausente na extração
975,976,CBAV3,2026-09-07,low,MISSING_VALUE,info,Valor ausente na extração
975,976,CBAV3,2026-09-07,average,MISSING_VALUE,info,Valor ausente na extração
975,976,CBAV3,2026-09-07,raw_volume,MISSING_VALUE,info,Valor ausente na extração
986,987,CEAB3,2026-09-07,close,MISSING_VALUE,info,Valor ausente na extração
986,987,CEAB3,2026-09-07,adjusted_quantity,MISSING_VALUE,info,Valor ausente na extração
986,987,CEAB3,2026-09-07,open,MISSING_VALUE,info,Valor ausente na extração
986,987,CEAB3,2026-09-07,high,MISSING_VALUE,info,Valor ausente na extração
986,987,CEAB3,2026-09-07,low,MISSING_VALUE,info,Valor ausente na extração
986,987,CEAB3,2026-09-07,average,MISSING_VALUE,info,Valor ausente na extração
986,987,CEAB3,2026-09-07,raw_volume,MISSING_VALUE,info,Valor ausente na extração
997,998,CEBR3,2026-09-07,close,MISSING_VALUE,info,Valor ausente na extração
997,998,CEBR3,2026-09-07,adjusted_quantity,MISSING_VALUE,info,Valor ausente na extração
997,998,CEBR3,2026-09-07,open,MISSING_VALUE,info,Valor ausente na extração
997,998,CEBR3,2026-09-07,high,MISSING_VALUE,info,Valor ausente na extração
997,998,CEBR3,2026-09-07,low,MISSING_VALUE,info,Valor ausente na extração
997,998,CEBR3,2026-09-07,average,MISSING_VALUE,info,Valor ausente na extração
997,998,CEBR3,2026-09-07,raw_volume,MISSING_VALUE,info,Valor ausente na extração
1008,1009,CEBR5,2026-09-07,close,MISSING_VALUE,info,Valor ausente na extração
1008,1009,CEBR5,2026-09-07,adjusted_quantity,MISSING_VALUE,info,Valor ausente na extração
1008,1009,CEBR5,2026-09-07,open,MISSING_VALUE,info,Valor ausente na extração
1008,1009,CEBR5,2026-09-07,high,MISSING_VALUE,info,Valor ausente na extração
1008,1009,CEBR5,2026-09-07,low,MISSING_VALUE,info,Valor ausente na extração
1008,1009,CEBR5,2026-09-07,average,MISSING_VALUE,info,Valor ausente na extração
1008,1009,CEBR5,2026-09-07,raw_volume,MISSING_VALUE,info,Valor ausente na extração
1019,1020,CEBR6,2026-09-07,close,MISSING_VALUE,info,Valor ausente na extração
1019,1020,CEBR6,2026-09-07,adjusted_quantity,MISSING_VALUE,info,Valor ausente na extração
1019,1020,CEBR6,2026-09-07,open,MISSING_VALUE,info,Valor ausente na extração
1019,1020,CEBR6,2026-09-07,high,MISSING_VALUE,info,Valor ausente na extração
1019,1020,CEBR6,2026-09-07,low,MISSING_VALUE,info,Valor ausente na extração
1019,1020,CEBR6,2026-09-07,average,MISSING_VALUE,info,Valor ausente na extração
1019,1020,CEBR6,2026-09-07,raw_volume,MISSING_VALUE,info,Valor ausente na extração
1030,1031,CEDO3,2026-06-01,close,MISSING_VALUE,info,Valor ausente na extração
1030,1031,CEDO3,2026-06-01,adjusted_quantity,MISSING_VALUE,info,Valor ausente na extração
1030,1031,CEDO3,2026-06-01,open,MISSING_VALUE,info,Valor ausente na extração
1030,1031,CEDO3,2026-06-01,high,MISSING_VALUE,info,Valor ausente na extração
1030,1031,CEDO3,2026-06-01,low,MISSING_VALUE,info,Valor ausente na extração
1030,1031,CEDO3,2026-06-01,average,MISSING_VALUE,info,Valor ausente na extração
1030,1031,CEDO3,2026-06-01,raw_volume,MISSING_VALUE,info,Valor ausente na extração
1031,1032,CEDO3,2026-06-02,close,MISSING_VALUE,info,Valor ausente na extração
1031,1032,CEDO3,2026-06-02,adjusted_quantity,MISSING_VALUE,info,Valor ausente na extração
1031,1032,CEDO3,2026-06-02,open,MISSING_VALUE,info,Valor ausente na extração
1031,1032,CEDO3,2026-06-02,high,MISSING_VALUE,info,Valor ausente na extração
1031,1032,CEDO3,2026-06-02,low,MISSING_VALUE,info,Valor ausente na extração
1031,1032,CEDO3,2026-06-02,average,MISSING_VALUE,info,Valor ausente na extração
1031,1032,CEDO3,2026-06-02,raw_volume,MISSING_VALUE,info,Valor ausente na extração
1032,1033,CEDO3,2026-06-03,close,MISSING_VALUE,info,Valor ausente na extração
1032,1033,CEDO3,2026-06-03,adjusted_quantity,MISSING_VALUE,info,Valor ausente na extração
1032,1033,CEDO3,2026-06-03,open,MISSING_VALUE,info,Valor ausente na extração
1032,1033,CEDO3,2026-06-03,high,MISSING_VALUE,info,Valor ausente na extração
1032,1033,CEDO3,2026-06-03,low,MISSING_VALUE,info,Valor ausente na extração
1032,1033,CEDO3,2026-06-03,average,MISSING_VALUE,info,Valor ausente na extração
1032,1033,CEDO3,2026-06-03,raw_volume,MISSING_VALUE,info,Valor ausente na extração
1033,1034,CEDO3,2026-06-04,close,MISSING_VALUE,info,Valor ausente na extração
1033,1034,CEDO3,2026-06-04,adjusted_quantity,MISSING_VALUE,info,Valor ausente na extração
1033,1034,CEDO3,2026-06-04,open,MISSING_VALUE,info,Valor ausente na extração
1033,1034,CEDO3,2026-06-04,high,MISSING_VALUE,info,Valor ausente na extração
1033,1034,CEDO3,2026-06-04,low,MISSING_VALUE,info,Valor ausente na extração
1033,1034,CEDO3,2026-06-04,average,MISSING_VALUE,info,Valor ausente na extração
1033,1034,CEDO3,2026-06-04,raw_volume,MISSING_VALUE,info,Valor ausente na extração
1034,1035,CEDO3,2026-06-05,close,MISSING_VALUE,info,Valor ausente na extração
1034,1035,CEDO3,2026-06-05,adjusted_quantity,MISSING_VALUE,info,Valor ausente na extração
1034,1035,CEDO3,2026-06-05,open,MISSING_VALUE,info,Valor ausente na extração
1034,1035,CEDO3,2026-06-05,high,MISSING_VALUE,info,Valor ausente na extração
1034,1035,CEDO3,2026-06-05,low,MISSING_VALUE,info,Valor ausente na extração
1034,1035,CEDO3,2026-06-05,average,MISSING_VALUE,info,Valor ausente na extração
1034,1035,CEDO3,2026-06-05,raw_volume,MISSING_VALUE,info,Valor ausente na extração
1035,1036,CEDO3,2026-06-08,close,MISSING_VALUE,info,Valor ausente na extração
1035,1036,CEDO3,2026-06-08,adjusted_quantity,MISSING_VALUE,info,Valor ausente na extração
1035,1036,CEDO3,2026-06-08,open,MISSING_VALUE,info,Valor ausente na extração
1035,1036,CEDO3,2026-06-08,high,MISSING_VALUE,info,Valor ausente na extração
1035,1036,CEDO3,2026-06-08,low,MISSING_VALUE,info,Valor ausente na extração
1035,1036,CEDO3,2026-06-08,average,MISSING_VALUE,info,Valor ausente na extração
1035,1036,CEDO3,2026-06-08,raw_volume,MISSING_VALUE,info,Valor ausente na extração
1038,1039,CEDO3,2026-06-11,close,MISSING_VALUE,info,Valor ausente na extração
1038,1039,CEDO3,2026-06-11,adjusted_quantity,MISSING_VALUE,info,Valor ausente na extração
1038,1039,CEDO3,2026-06-11,open,MISSING_VALUE,info,Valor ausente na extração
1038,1039,CEDO3,2026-06-11,high,MISSING_VALUE,info,Valor ausente na extração
1038,1039,CEDO3,2026-06-11,low,MISSING_VALUE,info,Valor ausente na extração
1038,1039,CEDO3,2026-06-11,average,MISSING_VALUE,info,Valor ausente na extração
1038,1039,CEDO3,2026-06-11,raw_volume,MISSING_VALUE,info,Valor ausente na extração
1039,1040,CEDO3,2026-06-12,close,MISSING_VALUE,info,Valor ausente na extração
1039,1040,CEDO3,2026-06-12,adjusted_quantity,MISSING_VALUE,info,Valor ausente na extração
1039,1040,CEDO3,2026-06-12,open,MISSING_VALUE,info,Valor ausente na extração
1039,1040,CEDO3,2026-06-12,high,MISSING_VALUE,info,Valor ausente na extração
1039,1040,CEDO3,2026-06-12,low,MISSING_VALUE,info,Valor ausente na extração
1039,1040,CEDO3,2026-06-12,average,MISSING_VALUE,info,Valor ausente na extração
1039,1040,CEDO3,2026-06-12,raw_volume,MISSING_VALUE,info,Valor ausente na extração
1041,1042,CEDO4,2026-09-07,close,MISSING_VALUE,info,Valor ausente na extração
1041,1042,CEDO4,2026-09-07,adjusted_quantity,MISSING_VALUE,info,Valor ausente na extração
1041,1042,CEDO4,2026-09-07,open,MISSING_VALUE,info,Valor ausente na extração
1041,1042,CEDO4,2026-09-07,high,MISSING_VALUE,info,Valor ausente na extração
1041,1042,CEDO4,2026-09-07,low,MISSING_VALUE,info,Valor ausente na extração
1041,1042,CEDO4,2026-09-07,average,MISSING_VALUE,info,Valor ausente na extração
1041,1042,CEDO4,2026-09-07,raw_volume,MISSING_VALUE,info,Valor ausente na extração
1042,1043,CEDO4,2026-09-08,close,MISSING_VALUE,info,Valor ausente na extração
1042,1043,CEDO4,2026-09-08,adjusted_quantity,MISSING_VALUE,info,Valor ausente na extração
1042,1043,CEDO4,2026-09-08,open,MISSING_VALUE,info,Valor ausente na extração
1042,1043,CEDO4,2026-09-08,high,MISSING_VALUE,info,Valor ausente na extração
1042,1043,CEDO4,2026-09-08,low,MISSING_VALUE,info,Valor ausente na extração
1042,1043,CEDO4,2026-09-08,average,MISSING_VALUE,info,Valor ausente na extração
1042,1043,CEDO4,2026-09-08,raw_volume,MISSING_VALUE,info,Valor ausente na extração
1045,1046,CEDO4,2026-09-11,close,MISSING_VALUE,info,Valor ausente na extração
1045,1046,CEDO4,2026-09-11,adjusted_quantity,MISSING_VALUE,info,Valor ausente na extração
1045,1046,CEDO4,2026-09-11,open,MISSING_VALUE,info,Valor ausente na extração
1045,1046,CEDO4,2026-09-11,high,MISSING_VALUE,info,Valor ausente na extração
1045,1046,CEDO4,2026-09-11,low,MISSING_VALUE,info,Valor ausente na extração
1045,1046,CEDO4,2026-09-11,average,MISSING_VALUE,info,Valor ausente na extração
1045,1046,CEDO4,2026-09-11,raw_volume,MISSING_VALUE,info,Valor ausente na extração
1050,1051,CEDO4,2026-09-18,close,MISSING_VALUE,info,Valor ausente na extração
1050,1051,CEDO4,2026-09-18,adjusted_quantity,MISSING_VALUE,info,Valor ausente na extração
1050,1051,CEDO4,2026-09-18,open,MISSING_VALUE,info,Valor ausente na extração
1050,1051,CEDO4,2026-09-18,high,MISSING_VALUE,info,Valor ausente na extração
1050,1051,CEDO4,2026-09-18,low,MISSING_VALUE,info,Valor ausente na extração
1050,1051,CEDO4,2026-09-18,average,MISSING_VALUE,info,Valor ausente na extração
1050,1051,CEDO4,2026-09-18,raw_volume,MISSING_VALUE,info,Valor ausente na extração
1052,1053,CEED3,2026-08-28,close,MISSING_VALUE,info,Valor ausente na extração
1052,1053,CEED3,2026-08-28,adjusted_quantity,MISSING_VALUE,info,Valor ausente na extração
1052,1053,CEED3,2026-08-28,open,MISSING_VALUE,info,Valor ausente na extração
1052,1053,CEED3,2026-08-28,high,MISSING_VALUE,info,Valor ausente na extração
1052,1053,CEED3,2026-08-28,low,MISSING_VALUE,info,Valor ausente na extração
1052,1053,CEED3,2026-08-28,average,MISSING_VALUE,info,Valor ausente na extração
1052,1053,CEED3,2026-08-28,raw_volume,MISSING_VALUE,info,Valor ausente na extração
1054,1055,CEED3,2026-09-01,close,MISSING_VALUE,info,Valor ausente na extração
1054,1055,CEED3,2026-09-01,adjusted_quantity,MISSING_VALUE,info,Valor ausente na extração
1054,1055,CEED3,2026-09-01,open,MISSING_VALUE,info,Valor ausente na extração
1054,1055,CEED3,2026-09-01,high,MISSING_VALUE,info,Valor ausente na extração
1054,1055,CEED3,2026-09-01,low,MISSING_VALUE,info,Valor ausente na extração
1054,1055,CEED3,2026-09-01,average,MISSING_VALUE,info,Valor ausente na extração
1054,1055,CEED3,2026-09-01,raw_volume,MISSING_VALUE,info,Valor ausente na extração
1055,1056,CEED3,2026-09-02,close,MISSING_VALUE,info,Valor ausente na extração
1055,1056,CEED3,2026-09-02,adjusted_quantity,MISSING_VALUE,info,Valor ausente na extração
1055,1056,CEED3,2026-09-02,open,MISSING_VALUE,info,Valor ausente na extração
1055,1056,CEED3,2026-09-02,high,MISSING_VALUE,info,Valor ausente na extração
1055,1056,CEED3,2026-09-02,low,MISSING_VALUE,info,Valor ausente na extração
1055,1056,CEED3,2026-09-02,average,MISSING_VALUE,info,Valor ausente na extração
1055,1056,CEED3,2026-09-02,raw_volume,MISSING_VALUE,info,Valor ausente na extração
1056,1057,CEED3,2026-09-03,close,MISSING_VALUE,info,Valor ausente na extração
1056,1057,CEED3,2026-09-03,adjusted_quantity,MISSING_VALUE,info,Valor ausente na extração
1056,1057,CEED3,2026-09-03,open,MISSING_VALUE,info,Valor ausente na extração
1056,1057,CEED3,2026-09-03,high,MISSING_VALUE,info,Valor ausente na extração
1056,1057,CEED3,2026-09-03,low,MISSING_VALUE,info,Valor ausente na extração
1056,1057,CEED3,2026-09-03,average,MISSING_VALUE,info,Valor ausente na extração
1056,1057,CEED3,2026-09-03,raw_volume,MISSING_VALUE,info,Valor ausente na extração
1058,1059,CEED3,2026-09-07,close,MISSING_VALUE,info,Valor ausente na extração
1058,1059,CEED3,2026-09-07,adjusted_quantity,MISSING_VALUE,info,Valor ausente na extração
1058,1059,CEED3,2026-09-07,open,MISSING_VALUE,info,Valor ausente na extração
1058,1059,CEED3,2026-09-07,high,MISSING_VALUE,info,Valor ausente na extração
1058,1059,CEED3,2026-09-07,low,MISSING_VALUE,info,Valor ausente na extração
1058,1059,CEED3,2026-09-07,average,MISSING_VALUE,info,Valor ausente na extração
1058,1059,CEED3,2026-09-07,raw_volume,MISSING_VALUE,info,Valor ausente na extração
1059,1060,CEED3,2026-09-08,close,MISSING_VALUE,info,Valor ausente na extração
1059,1060,CEED3,2026-09-08,adjusted_quantity,MISSING_VALUE,info,Valor ausente na extração
1059,1060,CEED3,2026-09-08,open,MISSING_VALUE,info,Valor ausente na extração
1059,1060,CEED3,2026-09-08,high,MISSING_VALUE,info,Valor ausente na extração
1059,1060,CEED3,2026-09-08,low,MISSING_VALUE,info,Valor ausente na extração
1059,1060,CEED3,2026-09-08,average,MISSING_VALUE,info,Valor ausente na extração
1059,1060,CEED3,2026-09-08,raw_volume,MISSING_VALUE,info,Valor ausente na extração
1060,1061,CEED3,2026-09-09,close,MISSING_VALUE,info,Valor ausente na extração
1060,1061,CEED3,2026-09-09,adjusted_quantity,MISSING_VALUE,info,Valor ausente na extração
1060,1061,CEED3,2026-09-09,open,MISSING_VALUE,info,Valor ausente na extração
1060,1061,CEED3,2026-09-09,high,MISSING_VALUE,info,Valor ausente na extração
1060,1061,CEED3,2026-09-09,low,MISSING_VALUE,info,Valor ausente na extração
1060,1061,CEED3,2026-09-09,average,MISSING_VALUE,info,Valor ausente na extração
1060,1061,CEED3,2026-09-09,raw_volume,MISSING_VALUE,info,Valor ausente na extração
1061,1062,CEED3,2026-09-10,close,MISSING_VALUE,info,Valor ausente na extração
1061,1062,CEED3,2026-09-10,adjusted_quantity,MISSING_VALUE,info,Valor ausente na extração
1061,1062,CEED3,2026-09-10,open,MISSING_VALUE,info,Valor ausente na extração
1061,1062,CEED3,2026-09-10,high,MISSING_VALUE,info,Valor ausente na extração
1061,1062,CEED3,2026-09-10,low,MISSING_VALUE,info,Valor ausente na extração
1061,1062,CEED3,2026-09-10,average,MISSING_VALUE,info,Valor ausente na extração
1061,1062,CEED3,2026-09-10,raw_volume,MISSING_VALUE,info,Valor ausente na extração
1063,1064,CEED4,2024-09-13,close,MISSING_VALUE,info,Valor ausente na extração
1063,1064,CEED4,2024-09-13,adjusted_quantity,MISSING_VALUE,info,Valor ausente na extração
1063,1064,CEED4,2024-09-13,open,MISSING_VALUE,info,Valor ausente na extração
1063,1064,CEED4,2024-09-13,high,MISSING_VALUE,info,Valor ausente na extração
1063,1064,CEED4,2024-09-13,low,MISSING_VALUE,info,Valor ausente na extração
1063,1064,CEED4,2024-09-13,average,MISSING_VALUE,info,Valor ausente na extração
1063,1064,CEED4,2024-09-13,raw_volume,MISSING_VALUE,info,Valor ausente na extração
1064,1065,CEED4,2024-09-16,close,MISSING_VALUE,info,Valor ausente na extração
1064,1065,CEED4,2024-09-16,adjusted_quantity,MISSING_VALUE,info,Valor ausente na extração
1064,1065,CEED4,2024-09-16,open,MISSING_VALUE,info,Valor ausente na extração
1064,1065,CEED4,2024-09-16,high,MISSING_VALUE,info,Valor ausente na extração
1064,1065,CEED4,2024-09-16,low,MISSING_VALUE,info,Valor ausente na extração
1064,1065,CEED4,2024-09-16,average,MISSING_VALUE,info,Valor ausente na extração
1064,1065,CEED4,2024-09-16,raw_volume,MISSING_VALUE,info,Valor ausente na extração
1065,1066,CEED4,2024-09-17,close,MISSING_VALUE,info,Valor ausente na extração
1065,1066,CEED4,2024-09-17,adjusted_quantity,MISSING_VALUE,info,Valor ausente na extração
1065,1066,CEED4,2024-09-17,open,MISSING_VALUE,info,Valor ausente na extração
1065,1066,CEED4,2024-09-17,high,MISSING_VALUE,info,Valor ausente na extração
1065,1066,CEED4,2024-09-17,low,MISSING_VALUE,info,Valor ausente na extração
1065,1066,CEED4,2024-09-17,average,MISSING_VALUE,info,Valor ausente na extração
1065,1066,CEED4,2024-09-17,raw_volume,MISSING_VALUE,info,Valor ausente na extração
1066,1067,CEED4,2024-09-18,close,MISSING_VALUE,info,Valor ausente na extração
1066,1067,CEED4,2024-09-18,adjusted_quantity,MISSING_VALUE,info,Valor ausente na extração
1066,1067,CEED4,2024-09-18,open,MISSING_VALUE,info,Valor ausente na extração
1066,1067,CEED4,2024-09-18,high,MISSING_VALUE,info,Valor ausente na extração
1066,1067,CEED4,2024-09-18,low,MISSING_VALUE,info,Valor ausente na extração
1066,1067,CEED4,2024-09-18,average,MISSING_VALUE,info,Valor ausente na extração
1066,1067,CEED4,2024-09-18,raw_volume,MISSING_VALUE,info,Valor ausente na extração
1067,1068,CEED4,2024-09-19,close,MISSING_VALUE,info,Valor ausente na extração
1067,1068,CEED4,2024-09-19,adjusted_quantity,MISSING_VALUE,info,Valor ausente na extração
1067,1068,CEED4,2024-09-19,open,MISSING_VALUE,info,Valor ausente na extração
1067,1068,CEED4,2024-09-19,high,MISSING_VALUE,info,Valor ausente na extração
1067,1068,CEED4,2024-09-19,low,MISSING_VALUE,info,Valor ausente na extração
1067,1068,CEED4,2024-09-19,average,MISSING_VALUE,info,Valor ausente na extração
1067,1068,CEED4,2024-09-19,raw_volume,MISSING_VALUE,info,Valor ausente na extração
1068,1069,CEED4,2024-09-20,close,MISSING_VALUE,info,Valor ausente na extração
1068,1069,CEED4,2024-09-20,adjusted_quantity,MISSING_VALUE,info,Valor ausente na extração
1068,1069,CEED4,2024-09-20,open,MISSING_VALUE,info,Valor ausente na extração
1068,1069,CEED4,2024-09-20,high,MISSING_VALUE,info,Valor ausente na extração
1068,1069,CEED4,2024-09-20,low,MISSING_VALUE,info,Valor ausente na extração
1068,1069,CEED4,2024-09-20,average,MISSING_VALUE,info,Valor ausente na extração
1068,1069,CEED4,2024-09-20,raw_volume,MISSING_VALUE,info,Valor ausente na extração
1069,1070,CEED4,2024-09-23,close,MISSING_VALUE,info,Valor ausente na extração
1069,1070,CEED4,2024-09-23,adjusted_quantity,MISSING_VALUE,info,Valor ausente na extração
1069,1070,CEED4,2024-09-23,open,MISSING_VALUE,info,Valor ausente na extração
1069,1070,CEED4,2024-09-23,high,MISSING_VALUE,info,Valor ausente na extração
1069,1070,CEED4,2024-09-23,low,MISSING_VALUE,info,Valor ausente na extração
1069,1070,CEED4,2024-09-23,average,MISSING_VALUE,info,Valor ausente na extração
1069,1070,CEED4,2024-09-23,raw_volume,MISSING_VALUE,info,Valor ausente na extração
1070,1071,CEED4,2024-09-24,close,MISSING_VALUE,info,Valor ausente na extração
1070,1071,CEED4,2024-09-24,adjusted_quantity,MISSING_VALUE,info,Valor ausente na extração
1070,1071,CEED4,2024-09-24,open,MISSING_VALUE,info,Valor ausente na extração
1070,1071,CEED4,2024-09-24,high,MISSING_VALUE,info,Valor ausente na extração
1070,1071,CEED4,2024-09-24,low,MISSING_VALUE,info,Valor ausente na extração
1070,1071,CEED4,2024-09-24,average,MISSING_VALUE,info,Valor ausente na extração
1070,1071,CEED4,2024-09-24,raw_volume,MISSING_VALUE,info,Valor ausente na extração
1071,1072,CEED4,2024-09-25,close,MISSING_VALUE,info,Valor ausente na extração
1071,1072,CEED4,2024-09-25,adjusted_quantity,MISSING_VALUE,info,Valor ausente na extração
1071,1072,CEED4,2024-09-25,open,MISSING_VALUE,info,Valor ausente na extração
1071,1072,CEED4,2024-09-25,high,MISSING_VALUE,info,Valor ausente na extração
1071,1072,CEED4,2024-09-25,low,MISSING_VALUE,info,Valor ausente na extração
1071,1072,CEED4,2024-09-25,average,MISSING_VALUE,info,Valor ausente na extração
1071,1072,CEED4,2024-09-25,raw_volume,MISSING_VALUE,info,Valor ausente na extração
1072,1073,CEED4,2024-09-26,close,MISSING_VALUE,info,Valor ausente na extração
1072,1073,CEED4,2024-09-26,adjusted_quantity,MISSING_VALUE,info,Valor ausente na extração
1072,1073,CEED4,2024-09-26,open,MISSING_VALUE,info,Valor ausente na extração
1072,1073,CEED4,2024-09-26,high,MISSING_VALUE,info,Valor ausente na extração
1072,1073,CEED4,2024-09-26,low,MISSING_VALUE,info,Valor ausente na extração
1072,1073,CEED4,2024-09-26,average,MISSING_VALUE,info,Valor ausente na extração
1072,1073,CEED4,2024-09-26,raw_volume,MISSING_VALUE,info,Valor ausente na extração
1074,1075,CEGR3,2026-08-27,close,MISSING_VALUE,info,Valor ausente na extração
1074,1075,CEGR3,2026-08-27,adjusted_quantity,MISSING_VALUE,info,Valor ausente na extração
1074,1075,CEGR3,2026-08-27,open,MISSING_VALUE,info,Valor ausente na extração
1074,1075,CEGR3,2026-08-27,high,MISSING_VALUE,info,Valor ausente na extração
1074,1075,CEGR3,2026-08-27,low,MISSING_VALUE,info,Valor ausente na extração
1074,1075,CEGR3,2026-08-27,average,MISSING_VALUE,info,Valor ausente na extração
1074,1075,CEGR3,2026-08-27,raw_volume,MISSING_VALUE,info,Valor ausente na extração
1077,1078,CEGR3,2026-09-01,close,MISSING_VALUE,info,Valor ausente na extração
1077,1078,CEGR3,2026-09-01,adjusted_quantity,MISSING_VALUE,info,Valor ausente na extração
1077,1078,CEGR3,2026-09-01,open,MISSING_VALUE,info,Valor ausente na extração
1077,1078,CEGR3,2026-09-01,high,MISSING_VALUE,info,Valor ausente na extração
1077,1078,CEGR3,2026-09-01,low,MISSING_VALUE,info,Valor ausente na extração
1077,1078,CEGR3,2026-09-01,average,MISSING_VALUE,info,Valor ausente na extração
1077,1078,CEGR3,2026-09-01,raw_volume,MISSING_VALUE,info,Valor ausente na extração
1078,1079,CEGR3,2026-09-02,close,MISSING_VALUE,info,Valor ausente na extração
1078,1079,CEGR3,2026-09-02,adjusted_quantity,MISSING_VALUE,info,Valor ausente na extração
1078,1079,CEGR3,2026-09-02,open,MISSING_VALUE,info,Valor ausente na extração
1078,1079,CEGR3,2026-09-02,high,MISSING_VALUE,info,Valor ausente na extração
1078,1079,CEGR3,2026-09-02,low,MISSING_VALUE,info,Valor ausente na extração
1078,1079,CEGR3,2026-09-02,average,MISSING_VALUE,info,Valor ausente na extração
1078,1079,CEGR3,2026-09-02,raw_volume,MISSING_VALUE,info,Valor ausente na extração
1079,1080,CEGR3,2026-09-03,close,MISSING_VALUE,info,Valor ausente na extração
1079,1080,CEGR3,2026-09-03,adjusted_quantity,MISSING_VALUE,info,Valor ausente na extração
1079,1080,CEGR3,2026-09-03,open,MISSING_VALUE,info,Valor ausente na extração
1079,1080,CEGR3,2026-09-03,high,MISSING_VALUE,info,Valor ausente na extração
1079,1080,CEGR3,2026-09-03,low,MISSING_VALUE,info,Valor ausente na extração
1079,1080,CEGR3,2026-09-03,average,MISSING_VALUE,info,Valor ausente na extração
1079,1080,CEGR3,2026-09-03,raw_volume,MISSING_VALUE,info,Valor ausente na extração
1080,1081,CEGR3,2026-09-04,close,MISSING_VALUE,info,Valor ausente na extração
1080,1081,CEGR3,2026-09-04,adjusted_quantity,MISSING_VALUE,info,Valor ausente na extração
1080,1081,CEGR3,2026-09-04,open,MISSING_VALUE,info,Valor ausente na extração
1080,1081,CEGR3,2026-09-04,high,MISSING_VALUE,info,Valor ausente na extração
1080,1081,CEGR3,2026-09-04,low,MISSING_VALUE,info,Valor ausente na extração
1080,1081,CEGR3,2026-09-04,average,MISSING_VALUE,info,Valor ausente na extração
1080,1081,CEGR3,2026-09-04,raw_volume,MISSING_VALUE,info,Valor ausente na extração
1081,1082,CEGR3,2026-09-07,close,MISSING_VALUE,info,Valor ausente na extração
1081,1082,CEGR3,2026-09-07,adjusted_quantity,MISSING_VALUE,info,Valor ausente na extração
1081,1082,CEGR3,2026-09-07,open,MISSING_VALUE,info,Valor ausente na extração
1081,1082,CEGR3,2026-09-07,high,MISSING_VALUE,info,Valor ausente na extração
1081,1082,CEGR3,2026-09-07,low,MISSING_VALUE,info,Valor ausente na extração
1081,1082,CEGR3,2026-09-07,average,MISSING_VALUE,info,Valor ausente na extração
1081,1082,CEGR3,2026-09-07,raw_volume,MISSING_VALUE,info,Valor ausente na extração
1082,1083,CEGR3,2026-09-08,close,MISSING_VALUE,info,Valor ausente na extração
1082,1083,CEGR3,2026-09-08,adjusted_quantity,MISSING_VALUE,info,Valor ausente na extração
1082,1083,CEGR3,2026-09-08,open,MISSING_VALUE,info,Valor ausente na extração
1082,1083,CEGR3,2026-09-08,high,MISSING_VALUE,info,Valor ausente na extração
1082,1083,CEGR3,2026-09-08,low,MISSING_VALUE,info,Valor ausente na extração
1082,1083,CEGR3,2026-09-08,average,MISSING_VALUE,info,Valor ausente na extração
1082,1083,CEGR3,2026-09-08,raw_volume,MISSING_VALUE,info,Valor ausente na extração
1083,1084,CEGR3,2026-09-09,close,MISSING_VALUE,info,Valor ausente na extração
1083,1084,CEGR3,2026-09-09,adjusted_quantity,MISSING_VALUE,info,Valor ausente na extração
1083,1084,CEGR3,2026-09-09,open,MISSING_VALUE,info,Valor ausente na extração
1083,1084,CEGR3,2026-09-09,high,MISSING_VALUE,info,Valor ausente na extração
1083,1084,CEGR3,2026-09-09,low,MISSING_VALUE,info,Valor ausente na extração
1083,1084,CEGR3,2026-09-09,average,MISSING_VALUE,info,Valor ausente na extração
1083,1084,CEGR3,2026-09-09,raw_volume,MISSING_VALUE,info,Valor ausente na extração
1085,1086,CLSC3,2026-09-07,close,MISSING_VALUE,info,Valor ausente na extração
1085,1086,CLSC3,2026-09-07,adjusted_quantity,MISSING_VALUE,info,Valor ausente na extração
1085,1086,CLSC3,2026-09-07,open,MISSING_VALUE,info,Valor ausente na extração
1085,1086,CLSC3,2026-09-07,high,MISSING_VALUE,info,Valor ausente na extração
1085,1086,CLSC3,2026-09-07,low,MISSING_VALUE,info,Valor ausente na extração
1085,1086,CLSC3,2026-09-07,average,MISSING_VALUE,info,Valor ausente na extração
1085,1086,CLSC3,2026-09-07,raw_volume,MISSING_VALUE,info,Valor ausente na extração
1087,1088,CLSC3,2026-09-09,close,MISSING_VALUE,info,Valor ausente na extração
1087,1088,CLSC3,2026-09-09,adjusted_quantity,MISSING_VALUE,info,Valor ausente na extração
1087,1088,CLSC3,2026-09-09,open,MISSING_VALUE,info,Valor ausente na extração
1087,1088,CLSC3,2026-09-09,high,MISSING_VALUE,info,Valor ausente na extração
1087,1088,CLSC3,2026-09-09,low,MISSING_VALUE,info,Valor ausente na extração
1087,1088,CLSC3,2026-09-09,average,MISSING_VALUE,info,Valor ausente na extração
1087,1088,CLSC3,2026-09-09,raw_volume,MISSING_VALUE,info,Valor ausente na extração
1088,1089,CLSC3,2026-09-10,close,MISSING_VALUE,info,Valor ausente na extração
1088,1089,CLSC3,2026-09-10,adjusted_quantity,MISSING_VALUE,info,Valor ausente na extração
1088,1089,CLSC3,2026-09-10,open,MISSING_VALUE,info,Valor ausente na extração
1088,1089,CLSC3,2026-09-10,high,MISSING_VALUE,info,Valor ausente na extração
1088,1089,CLSC3,2026-09-10,low,MISSING_VALUE,info,Valor ausente na extração
1088,1089,CLSC3,2026-09-10,average,MISSING_VALUE,info,Valor ausente na extração
1088,1089,CLSC3,2026-09-10,raw_volume,MISSING_VALUE,info,Valor ausente na extração
1089,1090,CLSC3,2026-09-11,close,MISSING_VALUE,info,Valor ausente na extração
1089,1090,CLSC3,2026-09-11,adjusted_quantity,MISSING_VALUE,info,Valor ausente na extração
1089,1090,CLSC3,2026-09-11,open,MISSING_VALUE,info,Valor ausente na extração
1089,1090,CLSC3,2026-09-11,high,MISSING_VALUE,info,Valor ausente na extração
1089,1090,CLSC3,2026-09-11,low,MISSING_VALUE,info,Valor ausente na extração
1089,1090,CLSC3,2026-09-11,average,MISSING_VALUE,info,Valor ausente na extração
1089,1090,CLSC3,2026-09-11,raw_volume,MISSING_VALUE,info,Valor ausente na extração
1090,1091,CLSC3,2026-09-14,close,MISSING_VALUE,info,Valor ausente na extração
1090,1091,CLSC3,2026-09-14,adjusted_quantity,MISSING_VALUE,info,Valor ausente na extração
1090,1091,CLSC3,2026-09-14,open,MISSING_VALUE,info,Valor ausente na extração
1090,1091,CLSC3,2026-09-14,high,MISSING_VALUE,info,Valor ausente na extração
1090,1091,CLSC3,2026-09-14,low,MISSING_VALUE,info,Valor ausente na extração
1090,1091,CLSC3,2026-09-14,average,MISSING_VALUE,info,Valor ausente na extração
1090,1091,CLSC3,2026-09-14,raw_volume,MISSING_VALUE,info,Valor ausente na extração
1091,1092,CLSC3,2026-09-15,close,MISSING_VALUE,info,Valor ausente na extração
1091,1092,CLSC3,2026-09-15,adjusted_quantity,MISSING_VALUE,info,Valor ausente na extração
1091,1092,CLSC3,2026-09-15,open,MISSING_VALUE,info,Valor ausente na extração
1091,1092,CLSC3,2026-09-15,high,MISSING_VALUE,info,Valor ausente na extração
1091,1092,CLSC3,2026-09-15,low,MISSING_VALUE,info,Valor ausente na extração
1091,1092,CLSC3,2026-09-15,average,MISSING_VALUE,info,Valor ausente na extração
1091,1092,CLSC3,2026-09-15,raw_volume,MISSING_VALUE,info,Valor ausente na extração
1092,1093,CLSC3,2026-09-16,close,MISSING_VALUE,info,Valor ausente na extração
1092,1093,CLSC3,2026-09-16,adjusted_quantity,MISSING_VALUE,info,Valor ausente na extração
1092,1093,CLSC3,2026-09-16,open,MISSING_VALUE,info,Valor ausente na extração
1092,1093,CLSC3,2026-09-16,high,MISSING_VALUE,info,Valor ausente na extração
1092,1093,CLSC3,2026-09-16,low,MISSING_VALUE,info,Valor ausente na extração
1092,1093,CLSC3,2026-09-16,average,MISSING_VALUE,info,Valor ausente na extração
1092,1093,CLSC3,2026-09-16,raw_volume,MISSING_VALUE,info,Valor ausente na extração
1093,1094,CLSC3,2026-09-17,close,MISSING_VALUE,info,Valor ausente na extração
1093,1094,CLSC3,2026-09-17,adjusted_quantity,MISSING_VALUE,info,Valor ausente na extração
1093,1094,CLSC3,2026-09-17,open,MISSING_VALUE,info,Valor ausente na extração
1093,1094,CLSC3,2026-09-17,high,MISSING_VALUE,info,Valor ausente na extração
1093,1094,CLSC3,2026-09-17,low,MISSING_VALUE,info,Valor ausente na extração
1093,1094,CLSC3,2026-09-17,average,MISSING_VALUE,info,Valor ausente na extração
1093,1094,CLSC3,2026-09-17,raw_volume,MISSING_VALUE,info,Valor ausente na extração
1096,1097,CLSC4,2026-09-07,close,MISSING_VALUE,info,Valor ausente na extração
1096,1097,CLSC4,2026-09-07,adjusted_quantity,MISSING_VALUE,info,Valor ausente na extração
1096,1097,CLSC4,2026-09-07,open,MISSING_VALUE,info,Valor ausente na extração
1096,1097,CLSC4,2026-09-07,high,MISSING_VALUE,info,Valor ausente na extração
1096,1097,CLSC4,2026-09-07,low,MISSING_VALUE,info,Valor ausente na extração
1096,1097,CLSC4,2026-09-07,average,MISSING_VALUE,info,Valor ausente na extração
1096,1097,CLSC4,2026-09-07,raw_volume,MISSING_VALUE,info,Valor ausente na extração
1107,1108,GPAR3,2026-07-02,close,MISSING_VALUE,info,Valor ausente na extração
1107,1108,GPAR3,2026-07-02,adjusted_quantity,MISSING_VALUE,info,Valor ausente na extração
1107,1108,GPAR3,2026-07-02,open,MISSING_VALUE,info,Valor ausente na extração
1107,1108,GPAR3,2026-07-02,high,MISSING_VALUE,info,Valor ausente na extração
1107,1108,GPAR3,2026-07-02,low,MISSING_VALUE,info,Valor ausente na extração
1107,1108,GPAR3,2026-07-02,average,MISSING_VALUE,info,Valor ausente na extração
1107,1108,GPAR3,2026-07-02,raw_volume,MISSING_VALUE,info,Valor ausente na extração
1108,1109,GPAR3,2026-07-03,close,MISSING_VALUE,info,Valor ausente na extração
1108,1109,GPAR3,2026-07-03,adjusted_quantity,MISSING_VALUE,info,Valor ausente na extração
1108,1109,GPAR3,2026-07-03,open,MISSING_VALUE,info,Valor ausente na extração
1108,1109,GPAR3,2026-07-03,high,MISSING_VALUE,info,Valor ausente na extração
1108,1109,GPAR3,2026-07-03,low,MISSING_VALUE,info,Valor ausente na extração
1108,1109,GPAR3,2026-07-03,average,MISSING_VALUE,info,Valor ausente na extração
1108,1109,GPAR3,2026-07-03,raw_volume,MISSING_VALUE,info,Valor ausente na extração
1109,1110,GPAR3,2026-07-06,close,MISSING_VALUE,info,Valor ausente na extração
1109,1110,GPAR3,2026-07-06,adjusted_quantity,MISSING_VALUE,info,Valor ausente na extração
1109,1110,GPAR3,2026-07-06,open,MISSING_VALUE,info,Valor ausente na extração
1109,1110,GPAR3,2026-07-06,high,MISSING_VALUE,info,Valor ausente na extração
1109,1110,GPAR3,2026-07-06,low,MISSING_VALUE,info,Valor ausente na extração
1109,1110,GPAR3,2026-07-06,average,MISSING_VALUE,info,Valor ausente na extração
1109,1110,GPAR3,2026-07-06,raw_volume,MISSING_VALUE,info,Valor ausente na extração
1110,1111,GPAR3,2026-07-07,close,MISSING_VALUE,info,Valor ausente na extração
1110,1111,GPAR3,2026-07-07,adjusted_quantity,MISSING_VALUE,info,Valor ausente na extração
1110,1111,GPAR3,2026-07-07,open,MISSING_VALUE,info,Valor ausente na extração
1110,1111,GPAR3,2026-07-07,high,MISSING_VALUE,info,Valor ausente na extração
1110,1111,GPAR3,2026-07-07,low,MISSING_VALUE,info,Valor ausente na extração
1110,1111,GPAR3,2026-07-07,average,MISSING_VALUE,info,Valor ausente na extração
1110,1111,GPAR3,2026-07-07,raw_volume,MISSING_VALUE,info,Valor ausente na extração
1111,1112,GPAR3,2026-07-08,close,MISSING_VALUE,info,Valor ausente na extração
1111,1112,GPAR3,2026-07-08,adjusted_quantity,MISSING_VALUE,info,Valor ausente na extração
1111,1112,GPAR3,2026-07-08,open,MISSING_VALUE,info,Valor ausente na extração
1111,1112,GPAR3,2026-07-08,high,MISSING_VALUE,info,Valor ausente na extração
1111,1112,GPAR3,2026-07-08,low,MISSING_VALUE,info,Valor ausente na extração
1111,1112,GPAR3,2026-07-08,average,MISSING_VALUE,info,Valor ausente na extração
1111,1112,GPAR3,2026-07-08,raw_volume,MISSING_VALUE,info,Valor ausente na extração
1112,1113,GPAR3,2026-07-09,close,MISSING_VALUE,info,Valor ausente na extração
1112,1113,GPAR3,2026-07-09,adjusted_quantity,MISSING_VALUE,info,Valor ausente na extração
1112,1113,GPAR3,2026-07-09,open,MISSING_VALUE,info,Valor ausente na extração
1112,1113,GPAR3,2026-07-09,high,MISSING_VALUE,info,Valor ausente na extração
1112,1113,GPAR3,2026-07-09,low,MISSING_VALUE,info,Valor ausente na extração
1112,1113,GPAR3,2026-07-09,average,MISSING_VALUE,info,Valor ausente na extração
1112,1113,GPAR3,2026-07-09,raw_volume,MISSING_VALUE,info,Valor ausente na extração
1113,1114,GPAR3,2026-07-10,close,MISSING_VALUE,info,Valor ausente na extração
1113,1114,GPAR3,2026-07-10,adjusted_quantity,MISSING_VALUE,info,Valor ausente na extração
1113,1114,GPAR3,2026-07-10,open,MISSING_VALUE,info,Valor ausente na extração
1113,1114,GPAR3,2026-07-10,high,MISSING_VALUE,info,Valor ausente na extração
1113,1114,GPAR3,2026-07-10,low,MISSING_VALUE,info,Valor ausente na extração
1113,1114,GPAR3,2026-07-10,average,MISSING_VALUE,info,Valor ausente na extração
1113,1114,GPAR3,2026-07-10,raw_volume,MISSING_VALUE,info,Valor ausente na extração
1114,1115,GPAR3,2026-07-13,close,MISSING_VALUE,info,Valor ausente na extração
1114,1115,GPAR3,2026-07-13,adjusted_quantity,MISSING_VALUE,info,Valor ausente na extração
1114,1115,GPAR3,2026-07-13,open,MISSING_VALUE,info,Valor ausente na extração
1114,1115,GPAR3,2026-07-13,high,MISSING_VALUE,info,Valor ausente na extração
1114,1115,GPAR3,2026-07-13,low,MISSING_VALUE,info,Valor ausente na extração
1114,1115,GPAR3,2026-07-13,average,MISSING_VALUE,info,Valor ausente na extração
1114,1115,GPAR3,2026-07-13,raw_volume,MISSING_VALUE,info,Valor ausente na extração
1115,1116,GPAR3,2026-07-14,close,MISSING_VALUE,info,Valor ausente na extração
1115,1116,GPAR3,2026-07-14,adjusted_quantity,MISSING_VALUE,info,Valor ausente na extração
1115,1116,GPAR3,2026-07-14,open,MISSING_VALUE,info,Valor ausente na extração
1115,1116,GPAR3,2026-07-14,high,MISSING_VALUE,info,Valor ausente na extração
1115,1116,GPAR3,2026-07-14,low,MISSING_VALUE,info,Valor ausente na extração
1115,1116,GPAR3,2026-07-14,average,MISSING_VALUE,info,Valor ausente na extração
1115,1116,GPAR3,2026-07-14,raw_volume,MISSING_VALUE,info,Valor ausente na extração
1116,1117,GPAR3,2026-07-15,close,MISSING_VALUE,info,Valor ausente na extração
1116,1117,GPAR3,2026-07-15,adjusted_quantity,MISSING_VALUE,info,Valor ausente na extração
1116,1117,GPAR3,2026-07-15,open,MISSING_VALUE,info,Valor ausente na extração
1116,1117,GPAR3,2026-07-15,high,MISSING_VALUE,info,Valor ausente na extração
1116,1117,GPAR3,2026-07-15,low,MISSING_VALUE,info,Valor ausente na extração
1116,1117,GPAR3,2026-07-15,average,MISSING_VALUE,info,Valor ausente na extração
1116,1117,GPAR3,2026-07-15,raw_volume,MISSING_VALUE,info,Valor ausente na extração
1118,1119,MAPT3,2026-08-21,close,MISSING_VALUE,info,Valor ausente na extração
1118,1119,MAPT3,2026-08-21,adjusted_quantity,MISSING_VALUE,info,Valor ausente na extração
1118,1119,MAPT3,2026-08-21,open,MISSING_VALUE,info,Valor ausente na extração
1118,1119,MAPT3,2026-08-21,high,MISSING_VALUE,info,Valor ausente na extração
1118,1119,MAPT3,2026-08-21,low,MISSING_VALUE,info,Valor ausente na extração
1118,1119,MAPT3,2026-08-21,average,MISSING_VALUE,info,Valor ausente na extração
1118,1119,MAPT3,2026-08-21,raw_volume,MISSING_VALUE,info,Valor ausente na extração
1119,1120,MAPT3,2026-08-24,close,MISSING_VALUE,info,Valor ausente na extração
1119,1120,MAPT3,2026-08-24,adjusted_quantity,MISSING_VALUE,info,Valor ausente na extração
1119,1120,MAPT3,2026-08-24,open,MISSING_VALUE,info,Valor ausente na extração
1119,1120,MAPT3,2026-08-24,high,MISSING_VALUE,info,Valor ausente na extração
1119,1120,MAPT3,2026-08-24,low,MISSING_VALUE,info,Valor ausente na extração
1119,1120,MAPT3,2026-08-24,average,MISSING_VALUE,info,Valor ausente na extração
1119,1120,MAPT3,2026-08-24,raw_volume,MISSING_VALUE,info,Valor ausente na extração
1120,1121,MAPT3,2026-08-25,close,MISSING_VALUE,info,Valor ausente na extração
1120,1121,MAPT3,2026-08-25,adjusted_quantity,MISSING_VALUE,info,Valor ausente na extração
1120,1121,MAPT3,2026-08-25,open,MISSING_VALUE,info,Valor ausente na extração
1120,1121,MAPT3,2026-08-25,high,MISSING_VALUE,info,Valor ausente na extração
1120,1121,MAPT3,2026-08-25,low,MISSING_VALUE,info,Valor ausente na extração
1120,1121,MAPT3,2026-08-25,average,MISSING_VALUE,info,Valor ausente na extração
1120,1121,MAPT3,2026-08-25,raw_volume,MISSING_VALUE,info,Valor ausente na extração
1121,1122,MAPT3,2026-08-26,close,MISSING_VALUE,info,Valor ausente na extração
1121,1122,MAPT3,2026-08-26,adjusted_quantity,MISSING_VALUE,info,Valor ausente na extração
1121,1122,MAPT3,2026-08-26,open,MISSING_VALUE,info,Valor ausente na extração
1121,1122,MAPT3,2026-08-26,high,MISSING_VALUE,info,Valor ausente na extração
1121,1122,MAPT3,2026-08-26,low,MISSING_VALUE,info,Valor ausente na extração
1121,1122,MAPT3,2026-08-26,average,MISSING_VALUE,info,Valor ausente na extração
1121,1122,MAPT3,2026-08-26,raw_volume,MISSING_VALUE,info,Valor ausente na extração
1122,1123,MAPT3,2026-08-27,close,MISSING_VALUE,info,Valor ausente na extração
1122,1123,MAPT3,2026-08-27,adjusted_quantity,MISSING_VALUE,info,Valor ausente na extração
1122,1123,MAPT3,2026-08-27,open,MISSING_VALUE,info,Valor ausente na extração
1122,1123,MAPT3,2026-08-27,high,MISSING_VALUE,info,Valor ausente na extração
1122,1123,MAPT3,2026-08-27,low,MISSING_VALUE,info,Valor ausente na extração
1122,1123,MAPT3,2026-08-27,average,MISSING_VALUE,info,Valor ausente na extração
1122,1123,MAPT3,2026-08-27,raw_volume,MISSING_VALUE,info,Valor ausente na extração
1123,1124,MAPT3,2026-08-28,close,MISSING_VALUE,info,Valor ausente na extração
1123,1124,MAPT3,2026-08-28,adjusted_quantity,MISSING_VALUE,info,Valor ausente na extração
1123,1124,MAPT3,2026-08-28,open,MISSING_VALUE,info,Valor ausente na extração
1123,1124,MAPT3,2026-08-28,high,MISSING_VALUE,info,Valor ausente na extração
1123,1124,MAPT3,2026-08-28,low,MISSING_VALUE,info,Valor ausente na extração
1123,1124,MAPT3,2026-08-28,average,MISSING_VALUE,info,Valor ausente na extração
1123,1124,MAPT3,2026-08-28,raw_volume,MISSING_VALUE,info,Valor ausente na extração
1124,1125,MAPT3,2026-08-31,close,MISSING_VALUE,info,Valor ausente na extração
1124,1125,MAPT3,2026-08-31,adjusted_quantity,MISSING_VALUE,info,Valor ausente na extração
1124,1125,MAPT3,2026-08-31,open,MISSING_VALUE,info,Valor ausente na extração
1124,1125,MAPT3,2026-08-31,high,MISSING_VALUE,info,Valor ausente na extração
1124,1125,MAPT3,2026-08-31,low,MISSING_VALUE,info,Valor ausente na extração
1124,1125,MAPT3,2026-08-31,average,MISSING_VALUE,info,Valor ausente na extração
1124,1125,MAPT3,2026-08-31,raw_volume,MISSING_VALUE,info,Valor ausente na extração
1125,1126,MAPT3,2026-09-01,close,MISSING_VALUE,info,Valor ausente na extração
1125,1126,MAPT3,2026-09-01,adjusted_quantity,MISSING_VALUE,info,Valor ausente na extração
1125,1126,MAPT3,2026-09-01,open,MISSING_VALUE,info,Valor ausente na extração
1125,1126,MAPT3,2026-09-01,high,MISSING_VALUE,info,Valor ausente na extração
1125,1126,MAPT3,2026-09-01,low,MISSING_VALUE,info,Valor ausente na extração
1125,1126,MAPT3,2026-09-01,average,MISSING_VALUE,info,Valor ausente na extração
1125,1126,MAPT3,2026-09-01,raw_volume,MISSING_VALUE,info,Valor ausente na extração
1126,1127,MAPT3,2026-09-02,close,MISSING_VALUE,info,Valor ausente na extração
1126,1127,MAPT3,2026-09-02,adjusted_quantity,MISSING_VALUE,info,Valor ausente na extração
1126,1127,MAPT3,2026-09-02,open,MISSING_VALUE,info,Valor ausente na extração
1126,1127,MAPT3,2026-09-02,high,MISSING_VALUE,info,Valor ausente na extração
1126,1127,MAPT3,2026-09-02,low,MISSING_VALUE,info,Valor ausente na extração
1126,1127,MAPT3,2026-09-02,average,MISSING_VALUE,info,Valor ausente na extração
1126,1127,MAPT3,2026-09-02,raw_volume,MISSING_VALUE,info,Valor ausente na extração
1127,1128,MAPT3,2026-09-03,close,MISSING_VALUE,info,Valor ausente na extração
1127,1128,MAPT3,2026-09-03,adjusted_quantity,MISSING_VALUE,info,Valor ausente na extração
1127,1128,MAPT3,2026-09-03,open,MISSING_VALUE,info,Valor ausente na extração
1127,1128,MAPT3,2026-09-03,high,MISSING_VALUE,info,Valor ausente na extração
1127,1128,MAPT3,2026-09-03,low,MISSING_VALUE,info,Valor ausente na extração
1127,1128,MAPT3,2026-09-03,average,MISSING_VALUE,info,Valor ausente na extração
1127,1128,MAPT3,2026-09-03,raw_volume,MISSING_VALUE,info,Valor ausente na extração
1129,1130,MAPT4,2026-05-15,close,MISSING_VALUE,info,Valor ausente na extração
1129,1130,MAPT4,2026-05-15,adjusted_quantity,MISSING_VALUE,info,Valor ausente na extração
1129,1130,MAPT4,2026-05-15,open,MISSING_VALUE,info,Valor ausente na extração
1129,1130,MAPT4,2026-05-15,high,MISSING_VALUE,info,Valor ausente na extração
1129,1130,MAPT4,2026-05-15,low,MISSING_VALUE,info,Valor ausente na extração
1129,1130,MAPT4,2026-05-15,average,MISSING_VALUE,info,Valor ausente na extração
1129,1130,MAPT4,2026-05-15,raw_volume,MISSING_VALUE,info,Valor ausente na extração
1130,1131,MAPT4,2026-05-18,close,MISSING_VALUE,info,Valor ausente na extração
1130,1131,MAPT4,2026-05-18,adjusted_quantity,MISSING_VALUE,info,Valor ausente na extração
1130,1131,MAPT4,2026-05-18,open,MISSING_VALUE,info,Valor ausente na extração
1130,1131,MAPT4,2026-05-18,high,MISSING_VALUE,info,Valor ausente na extração
1130,1131,MAPT4,2026-05-18,low,MISSING_VALUE,info,Valor ausente na extração
1130,1131,MAPT4,2026-05-18,average,MISSING_VALUE,info,Valor ausente na extração
1130,1131,MAPT4,2026-05-18,raw_volume,MISSING_VALUE,info,Valor ausente na extração
1131,1132,MAPT4,2026-05-19,close,MISSING_VALUE,info,Valor ausente na extração
1131,1132,MAPT4,2026-05-19,adjusted_quantity,MISSING_VALUE,info,Valor ausente na extração
1131,1132,MAPT4,2026-05-19,open,MISSING_VALUE,info,Valor ausente na extração
1131,1132,MAPT4,2026-05-19,high,MISSING_VALUE,info,Valor ausente na extração
1131,1132,MAPT4,2026-05-19,low,MISSING_VALUE,info,Valor ausente na extração
1131,1132,MAPT4,2026-05-19,average,MISSING_VALUE,info,Valor ausente na extração
1131,1132,MAPT4,2026-05-19,raw_volume,MISSING_VALUE,info,Valor ausente na extração
1132,1133,MAPT4,2026-05-20,close,MISSING_VALUE,info,Valor ausente na extração
1132,1133,MAPT4,2026-05-20,adjusted_quantity,MISSING_VALUE,info,Valor ausente na extração
1132,1133,MAPT4,2026-05-20,open,MISSING_VALUE,info,Valor ausente na extração
1132,1133,MAPT4,2026-05-20,high,MISSING_VALUE,info,Valor ausente na extração
1132,1133,MAPT4,2026-05-20,low,MISSING_VALUE,info,Valor ausente na extração
1132,1133,MAPT4,2026-05-20,average,MISSING_VALUE,info,Valor ausente na extração
1132,1133,MAPT4,2026-05-20,raw_volume,MISSING_VALUE,info,Valor ausente na extração
1133,1134,MAPT4,2026-05-21,close,MISSING_VALUE,info,Valor ausente na extração
1133,1134,MAPT4,2026-05-21,adjusted_quantity,MISSING_VALUE,info,Valor ausente na extração
1133,1134,MAPT4,2026-05-21,open,MISSING_VALUE,info,Valor ausente na extração
1133,1134,MAPT4,2026-05-21,high,MISSING_VALUE,info,Valor ausente na extração
1133,1134,MAPT4,2026-05-21,low,MISSING_VALUE,info,Valor ausente na extração
1133,1134,MAPT4,2026-05-21,average,MISSING_VALUE,info,Valor ausente na extração
1133,1134,MAPT4,2026-05-21,raw_volume,MISSING_VALUE,info,Valor ausente na extração
1134,1135,MAPT4,2026-05-22,close,MISSING_VALUE,info,Valor ausente na extração
1134,1135,MAPT4,2026-05-22,adjusted_quantity,MISSING_VALUE,info,Valor ausente na extração
1134,1135,MAPT4,2026-05-22,open,MISSING_VALUE,info,Valor ausente na extração
1134,1135,MAPT4,2026-05-22,high,MISSING_VALUE,info,Valor ausente na extração
1134,1135,MAPT4,2026-05-22,low,MISSING_VALUE,info,Valor ausente na extração
1134,1135,MAPT4,2026-05-22,average,MISSING_VALUE,info,Valor ausente na extração
1134,1135,MAPT4,2026-05-22,raw_volume,MISSING_VALUE,info,Valor ausente na extração
1135,1136,MAPT4,2026-05-25,close,MISSING_VALUE,info,Valor ausente na extração
1135,1136,MAPT4,2026-05-25,adjusted_quantity,MISSING_VALUE,info,Valor ausente na extração
1135,1136,MAPT4,2026-05-25,open,MISSING_VALUE,info,Valor ausente na extração
1135,1136,MAPT4,2026-05-25,high,MISSING_VALUE,info,Valor ausente na extração
1135,1136,MAPT4,2026-05-25,low,MISSING_VALUE,info,Valor ausente na extração
1135,1136,MAPT4,2026-05-25,average,MISSING_VALUE,info,Valor ausente na extração
1135,1136,MAPT4,2026-05-25,raw_volume,MISSING_VALUE,info,Valor ausente na extração
1136,1137,MAPT4,2026-05-26,close,MISSING_VALUE,info,Valor ausente na extração
1136,1137,MAPT4,2026-05-26,adjusted_quantity,MISSING_VALUE,info,Valor ausente na extração
1136,1137,MAPT4,2026-05-26,open,MISSING_VALUE,info,Valor ausente na extração
1136,1137,MAPT4,2026-05-26,high,MISSING_VALUE,info,Valor ausente na extração
1136,1137,MAPT4,2026-05-26,low,MISSING_VALUE,info,Valor ausente na extração
1136,1137,MAPT4,2026-05-26,average,MISSING_VALUE,info,Valor ausente na extração
1136,1137,MAPT4,2026-05-26,raw_volume,MISSING_VALUE,info,Valor ausente na extração
1137,1138,MAPT4,2026-05-27,close,MISSING_VALUE,info,Valor ausente na extração
1137,1138,MAPT4,2026-05-27,adjusted_quantity,MISSING_VALUE,info,Valor ausente na extração
1137,1138,MAPT4,2026-05-27,open,MISSING_VALUE,info,Valor ausente na extração
1137,1138,MAPT4,2026-05-27,high,MISSING_VALUE,info,Valor ausente na extração
1137,1138,MAPT4,2026-05-27,low,MISSING_VALUE,info,Valor ausente na extração
1137,1138,MAPT4,2026-05-27,average,MISSING_VALUE,info,Valor ausente na extração
1137,1138,MAPT4,2026-05-27,raw_volume,MISSING_VALUE,info,Valor ausente na extração
1138,1139,MAPT4,2026-05-28,close,MISSING_VALUE,info,Valor ausente na extração
1138,1139,MAPT4,2026-05-28,adjusted_quantity,MISSING_VALUE,info,Valor ausente na extração
1138,1139,MAPT4,2026-05-28,open,MISSING_VALUE,info,Valor ausente na extração
1138,1139,MAPT4,2026-05-28,high,MISSING_VALUE,info,Valor ausente na extração
1138,1139,MAPT4,2026-05-28,low,MISSING_VALUE,info,Valor ausente na extração
1138,1139,MAPT4,2026-05-28,average,MISSING_VALUE,info,Valor ausente na extração
1138,1139,MAPT4,2026-05-28,raw_volume,MISSING_VALUE,info,Valor ausente na extração
1140,1141,CMIG3,2026-09-07,close,MISSING_VALUE,info,Valor ausente na extração
1140,1141,CMIG3,2026-09-07,adjusted_quantity,MISSING_VALUE,info,Valor ausente na extração
1140,1141,CMIG3,2026-09-07,open,MISSING_VALUE,info,Valor ausente na extração
1140,1141,CMIG3,2026-09-07,high,MISSING_VALUE,info,Valor ausente na extração
1140,1141,CMIG3,2026-09-07,low,MISSING_VALUE,info,Valor ausente na extração
1140,1141,CMIG3,2026-09-07,average,MISSING_VALUE,info,Valor ausente na extração
1140,1141,CMIG3,2026-09-07,raw_volume,MISSING_VALUE,info,Valor ausente na extração
1151,1152,CMIG4,2026-09-07,close,MISSING_VALUE,info,Valor ausente na extração
1151,1152,CMIG4,2026-09-07,adjusted_quantity,MISSING_VALUE,info,Valor ausente na extração
1151,1152,CMIG4,2026-09-07,open,MISSING_VALUE,info,Valor ausente na extração
1151,1152,CMIG4,2026-09-07,high,MISSING_VALUE,info,Valor ausente na extração
1151,1152,CMIG4,2026-09-07,low,MISSING_VALUE,info,Valor ausente na extração
1151,1152,CMIG4,2026-09-07,average,MISSING_VALUE,info,Valor ausente na extração
1151,1152,CMIG4,2026-09-07,raw_volume,MISSING_VALUE,info,Valor ausente na extração
1162,1163,CEEB3,2026-09-07,close,MISSING_VALUE,info,Valor ausente na extração
1162,1163,CEEB3,2026-09-07,adjusted_quantity,MISSING_VALUE,info,Valor ausente na extração
1162,1163,CEEB3,2026-09-07,open,MISSING_VALUE,info,Valor ausente na extração
1162,1163,CEEB3,2026-09-07,high,MISSING_VALUE,info,Valor ausente na extração
1162,1163,CEEB3,2026-09-07,low,MISSING_VALUE,info,Valor ausente na extração
1162,1163,CEEB3,2026-09-07,average,MISSING_VALUE,info,Valor ausente na extração
1162,1163,CEEB3,2026-09-07,raw_volume,MISSING_VALUE,info,Valor ausente na extração
1170,1171,CEEB3,2026-09-17,close,MISSING_VALUE,info,Valor ausente na extração
1170,1171,CEEB3,2026-09-17,adjusted_quantity,MISSING_VALUE,info,Valor ausente na extração
1170,1171,CEEB3,2026-09-17,open,MISSING_VALUE,info,Valor ausente na extração
1170,1171,CEEB3,2026-09-17,high,MISSING_VALUE,info,Valor ausente na extração
1170,1171,CEEB3,2026-09-17,low,MISSING_VALUE,info,Valor ausente na extração
1170,1171,CEEB3,2026-09-17,average,MISSING_VALUE,info,Valor ausente na extração
1170,1171,CEEB3,2026-09-17,raw_volume,MISSING_VALUE,info,Valor ausente na extração
1173,1174,CEEB5,2026-09-07,close,MISSING_VALUE,info,Valor ausente na extração
1173,1174,CEEB5,2026-09-07,adjusted_quantity,MISSING_VALUE,info,Valor ausente na extração
1173,1174,CEEB5,2026-09-07,open,MISSING_VALUE,info,Valor ausente na extração
1173,1174,CEEB5,2026-09-07,high,MISSING_VALUE,info,Valor ausente na extração
1173,1174,CEEB5,2026-09-07,low,MISSING_VALUE,info,Valor ausente na extração
1173,1174,CEEB5,2026-09-07,average,MISSING_VALUE,info,Valor ausente na extração
1173,1174,CEEB5,2026-09-07,raw_volume,MISSING_VALUE,info,Valor ausente na extração
1174,1175,CEEB5,2026-09-08,close,MISSING_VALUE,info,Valor ausente na extração
1174,1175,CEEB5,2026-09-08,adjusted_quantity,MISSING_VALUE,info,Valor ausente na extração
1174,1175,CEEB5,2026-09-08,open,MISSING_VALUE,info,Valor ausente na extração
1174,1175,CEEB5,2026-09-08,high,MISSING_VALUE,info,Valor ausente na extração
1174,1175,CEEB5,2026-09-08,low,MISSING_VALUE,info,Valor ausente na extração
1174,1175,CEEB5,2026-09-08,average,MISSING_VALUE,info,Valor ausente na extração
1174,1175,CEEB5,2026-09-08,raw_volume,MISSING_VALUE,info,Valor ausente na extração
1175,1176,CEEB5,2026-09-09,close,MISSING_VALUE,info,Valor ausente na extração
1175,1176,CEEB5,2026-09-09,adjusted_quantity,MISSING_VALUE,info,Valor ausente na extração
1175,1176,CEEB5,2026-09-09,open,MISSING_VALUE,info,Valor ausente na extração
1175,1176,CEEB5,2026-09-09,high,MISSING_VALUE,info,Valor ausente na extração
1175,1176,CEEB5,2026-09-09,low,MISSING_VALUE,info,Valor ausente na extração
1175,1176,CEEB5,2026-09-09,average,MISSING_VALUE,info,Valor ausente na extração
1175,1176,CEEB5,2026-09-09,raw_volume,MISSING_VALUE,info,Valor ausente na extração
1176,1177,CEEB5,2026-09-10,close,MISSING_VALUE,info,Valor ausente na extração
1176,1177,CEEB5,2026-09-10,adjusted_quantity,MISSING_VALUE,info,Valor ausente na extração
1176,1177,CEEB5,2026-09-10,open,MISSING_VALUE,info,Valor ausente na extração
1176,1177,CEEB5,2026-09-10,high,MISSING_VALUE,info,Valor ausente na extração
1176,1177,CEEB5,2026-09-10,low,MISSING_VALUE,info,Valor ausente na extração
1176,1177,CEEB5,2026-09-10,average,MISSING_VALUE,info,Valor ausente na extração
1176,1177,CEEB5,2026-09-10,raw_volume,MISSING_VALUE,info,Valor ausente na extração
1177,1178,CEEB5,2026-09-11,close,MISSING_VALUE,info,Valor ausente na extração
1177,1178,CEEB5,2026-09-11,adjusted_quantity,MISSING_VALUE,info,Valor ausente na extração
1177,1178,CEEB5,2026-09-11,open,MISSING_VALUE,info,Valor ausente na extração
1177,1178,CEEB5,2026-09-11,high,MISSING_VALUE,info,Valor ausente na extração
1177,1178,CEEB5,2026-09-11,low,MISSING_VALUE,info,Valor ausente na extração
1177,1178,CEEB5,2026-09-11,average,MISSING_VALUE,info,Valor ausente na extração
1177,1178,CEEB5,2026-09-11,raw_volume,MISSING_VALUE,info,Valor ausente na extração
1178,1179,CEEB5,2026-09-14,close,MISSING_VALUE,info,Valor ausente na extração
1178,1179,CEEB5,2026-09-14,adjusted_quantity,MISSING_VALUE,info,Valor ausente na extração
1178,1179,CEEB5,2026-09-14,open,MISSING_VALUE,info,Valor ausente na extração
1178,1179,CEEB5,2026-09-14,high,MISSING_VALUE,info,Valor ausente na extração
1178,1179,CEEB5,2026-09-14,low,MISSING_VALUE,info,Valor ausente na extração
1178,1179,CEEB5,2026-09-14,average,MISSING_VALUE,info,Valor ausente na extração
1178,1179,CEEB5,2026-09-14,raw_volume,MISSING_VALUE,info,Valor ausente na extração
1179,1180,CEEB5,2026-09-15,close,MISSING_VALUE,info,Valor ausente na extração
1179,1180,CEEB5,2026-09-15,adjusted_quantity,MISSING_VALUE,info,Valor ausente na extração
1179,1180,CEEB5,2026-09-15,open,MISSING_VALUE,info,Valor ausente na extração
1179,1180,CEEB5,2026-09-15,high,MISSING_VALUE,info,Valor ausente na extração
1179,1180,CEEB5,2026-09-15,low,MISSING_VALUE,info,Valor ausente na extração
1179,1180,CEEB5,2026-09-15,average,MISSING_VALUE,info,Valor ausente na extração
1179,1180,CEEB5,2026-09-15,raw_volume,MISSING_VALUE,info,Valor ausente na extração
1180,1181,CEEB5,2026-09-16,close,MISSING_VALUE,info,Valor ausente na extração
1180,1181,CEEB5,2026-09-16,adjusted_quantity,MISSING_VALUE,info,Valor ausente na extração
1180,1181,CEEB5,2026-09-16,open,MISSING_VALUE,info,Valor ausente na extração
1180,1181,CEEB5,2026-09-16,high,MISSING_VALUE,info,Valor ausente na extração
1180,1181,CEEB5,2026-09-16,low,MISSING_VALUE,info,Valor ausente na extração
1180,1181,CEEB5,2026-09-16,average,MISSING_VALUE,info,Valor ausente na extração
1180,1181,CEEB5,2026-09-16,raw_volume,MISSING_VALUE,info,Valor ausente na extração
1181,1182,CEEB5,2026-09-17,close,MISSING_VALUE,info,Valor ausente na extração
1181,1182,CEEB5,2026-09-17,adjusted_quantity,MISSING_VALUE,info,Valor ausente na extração
1181,1182,CEEB5,2026-09-17,open,MISSING_VALUE,info,Valor ausente na extração
1181,1182,CEEB5,2026-09-17,high,MISSING_VALUE,info,Valor ausente na extração
1181,1182,CEEB5,2026-09-17,low,MISSING_VALUE,info,Valor ausente na extração
1181,1182,CEEB5,2026-09-17,average,MISSING_VALUE,info,Valor ausente na extração
1181,1182,CEEB5,2026-09-17,raw_volume,MISSING_VALUE,info,Valor ausente na extração
1182,1183,CEEB5,2026-09-18,close,MISSING_VALUE,info,Valor ausente na extração
1182,1183,CEEB5,2026-09-18,adjusted_quantity,MISSING_VALUE,info,Valor ausente na extração
1182,1183,CEEB5,2026-09-18,open,MISSING_VALUE,info,Valor ausente na extração
1182,1183,CEEB5,2026-09-18,high,MISSING_VALUE,info,Valor ausente na extração
1182,1183,CEEB5,2026-09-18,low,MISSING_VALUE,info,Valor ausente na extração
1182,1183,CEEB5,2026-09-18,average,MISSING_VALUE,info,Valor ausente na extração
1182,1183,CEEB5,2026-09-18,raw_volume,MISSING_VALUE,info,Valor ausente na extração
1184,1185,CEEB6,1920-01-02,close,MISSING_VALUE,info,Valor ausente na extração
1184,1185,CEEB6,1920-01-02,adjusted_quantity,MISSING_VALUE,info,Valor ausente na extração
1184,1185,CEEB6,1920-01-02,open,MISSING_VALUE,info,Valor ausente na extração
1184,1185,CEEB6,1920-01-02,high,MISSING_VALUE,info,Valor ausente na extração
1184,1185,CEEB6,1920-01-02,low,MISSING_VALUE,info,Valor ausente na extração
1184,1185,CEEB6,1920-01-02,average,MISSING_VALUE,info,Valor ausente na extração
1184,1185,CEEB6,1920-01-02,raw_volume,MISSING_VALUE,info,Valor ausente na extração
1185,1186,COCE3,2026-09-04,close,MISSING_VALUE,info,Valor ausente na extração
1185,1186,COCE3,2026-09-04,adjusted_quantity,MISSING_VALUE,info,Valor ausente na extração
1185,1186,COCE3,2026-09-04,open,MISSING_VALUE,info,Valor ausente na extração
1185,1186,COCE3,2026-09-04,high,MISSING_VALUE,info,Valor ausente na extração
1185,1186,COCE3,2026-09-04,low,MISSING_VALUE,info,Valor ausente na extração
1185,1186,COCE3,2026-09-04,average,MISSING_VALUE,info,Valor ausente na extração
1185,1186,COCE3,2026-09-04,raw_volume,MISSING_VALUE,info,Valor ausente na extração
1186,1187,COCE3,2026-09-07,close,MISSING_VALUE,info,Valor ausente na extração
1186,1187,COCE3,2026-09-07,adjusted_quantity,MISSING_VALUE,info,Valor ausente na extração
1186,1187,COCE3,2026-09-07,open,MISSING_VALUE,info,Valor ausente na extração
1186,1187,COCE3,2026-09-07,high,MISSING_VALUE,info,Valor ausente na extração
1186,1187,COCE3,2026-09-07,low,MISSING_VALUE,info,Valor ausente na extração
1186,1187,COCE3,2026-09-07,average,MISSING_VALUE,info,Valor ausente na extração
1186,1187,COCE3,2026-09-07,raw_volume,MISSING_VALUE,info,Valor ausente na extração
1187,1188,COCE3,2026-09-08,close,MISSING_VALUE,info,Valor ausente na extração
1187,1188,COCE3,2026-09-08,adjusted_quantity,MISSING_VALUE,info,Valor ausente na extração
1187,1188,COCE3,2026-09-08,open,MISSING_VALUE,info,Valor ausente na extração
1187,1188,COCE3,2026-09-08,high,MISSING_VALUE,info,Valor ausente na extração
1187,1188,COCE3,2026-09-08,low,MISSING_VALUE,info,Valor ausente na extração
1187,1188,COCE3,2026-09-08,average,MISSING_VALUE,info,Valor ausente na extração
1187,1188,COCE3,2026-09-08,raw_volume,MISSING_VALUE,info,Valor ausente na extração
1188,1189,COCE3,2026-09-09,close,MISSING_VALUE,info,Valor ausente na extração
1188,1189,COCE3,2026-09-09,adjusted_quantity,MISSING_VALUE,info,Valor ausente na extração
1188,1189,COCE3,2026-09-09,open,MISSING_VALUE,info,Valor ausente na extração
1188,1189,COCE3,2026-09-09,high,MISSING_VALUE,info,Valor ausente na extração
1188,1189,COCE3,2026-09-09,low,MISSING_VALUE,info,Valor ausente na extração
1188,1189,COCE3,2026-09-09,average,MISSING_VALUE,info,Valor ausente na extração
1188,1189,COCE3,2026-09-09,raw_volume,MISSING_VALUE,info,Valor ausente na extração
1189,1190,COCE3,2026-09-10,close,MISSING_VALUE,info,Valor ausente na extração
1189,1190,COCE3,2026-09-10,adjusted_quantity,MISSING_VALUE,info,Valor ausente na extração
1189,1190,COCE3,2026-09-10,open,MISSING_VALUE,info,Valor ausente na extração
1189,1190,COCE3,2026-09-10,high,MISSING_VALUE,info,Valor ausente na extração
1189,1190,COCE3,2026-09-10,low,MISSING_VALUE,info,Valor ausente na extração
1189,1190,COCE3,2026-09-10,average,MISSING_VALUE,info,Valor ausente na extração
1189,1190,COCE3,2026-09-10,raw_volume,MISSING_VALUE,info,Valor ausente na extração
1190,1191,COCE3,2026-09-11,close,MISSING_VALUE,info,Valor ausente na extração
1190,1191,COCE3,2026-09-11,adjusted_quantity,MISSING_VALUE,info,Valor ausente na extração
1190,1191,COCE3,2026-09-11,open,MISSING_VALUE,info,Valor ausente na extração
1190,1191,COCE3,2026-09-11,high,MISSING_VALUE,info,Valor ausente na extração
1190,1191,COCE3,2026-09-11,low,MISSING_VALUE,info,Valor ausente na extração
1190,1191,COCE3,2026-09-11,average,MISSING_VALUE,info,Valor ausente na extração
1190,1191,COCE3,2026-09-11,raw_volume,MISSING_VALUE,info,Valor ausente na extração
1191,1192,COCE3,2026-09-14,close,MISSING_VALUE,info,Valor ausente na extração
1191,1192,COCE3,2026-09-14,adjusted_quantity,MISSING_VALUE,info,Valor ausente na extração
1191,1192,COCE3,2026-09-14,open,MISSING_VALUE,info,Valor ausente na extração
1191,1192,COCE3,2026-09-14,high,MISSING_VALUE,info,Valor ausente na extração
1191,1192,COCE3,2026-09-14,low,MISSING_VALUE,info,Valor ausente na extração
1191,1192,COCE3,2026-09-14,average,MISSING_VALUE,info,Valor ausente na extração
1191,1192,COCE3,2026-09-14,raw_volume,MISSING_VALUE,info,Valor ausente na extração
1192,1193,COCE3,2026-09-15,close,MISSING_VALUE,info,Valor ausente na extração
1192,1193,COCE3,2026-09-15,adjusted_quantity,MISSING_VALUE,info,Valor ausente na extração
1192,1193,COCE3,2026-09-15,open,MISSING_VALUE,info,Valor ausente na extração
1192,1193,COCE3,2026-09-15,high,MISSING_VALUE,info,Valor ausente na extração
1192,1193,COCE3,2026-09-15,low,MISSING_VALUE,info,Valor ausente na extração
1192,1193,COCE3,2026-09-15,average,MISSING_VALUE,info,Valor ausente na extração
1192,1193,COCE3,2026-09-15,raw_volume,MISSING_VALUE,info,Valor ausente na extração
1193,1194,COCE3,2026-09-16,close,MISSING_VALUE,info,Valor ausente na extração
1193,1194,COCE3,2026-09-16,adjusted_quantity,MISSING_VALUE,info,Valor ausente na extração
1193,1194,COCE3,2026-09-16,open,MISSING_VALUE,info,Valor ausente na extração
1193,1194,COCE3,2026-09-16,high,MISSING_VALUE,info,Valor ausente na extração
1193,1194,COCE3,2026-09-16,low,MISSING_VALUE,info,Valor ausente na extração
1193,1194,COCE3,2026-09-16,average,MISSING_VALUE,info,Valor ausente na extração
1193,1194,COCE3,2026-09-16,raw_volume,MISSING_VALUE,info,Valor ausente na extração
1196,1197,COCE5,2026-09-07,close,MISSING_VALUE,info,Valor ausente na extração
1196,1197,COCE5,2026-09-07,adjusted_quantity,MISSING_VALUE,info,Valor ausente na extração
1196,1197,COCE5,2026-09-07,open,MISSING_VALUE,info,Valor ausente na extração
1196,1197,COCE5,2026-09-07,high,MISSING_VALUE,info,Valor ausente na extração
1196,1197,COCE5,2026-09-07,low,MISSING_VALUE,info,Valor ausente na extração
1196,1197,COCE5,2026-09-07,average,MISSING_VALUE,info,Valor ausente na extração
1196,1197,COCE5,2026-09-07,raw_volume,MISSING_VALUE,info,Valor ausente na extração
1200,1201,COCE5,2026-09-11,average,OUTSIDE_DAILY_RANGE,warning,Valor fora do intervalo mínimo–máximo
1207,1208,COCE6,2012-03-06,close,MISSING_VALUE,info,Valor ausente na extração
1207,1208,COCE6,2012-03-06,adjusted_quantity,MISSING_VALUE,info,Valor ausente na extração
1207,1208,COCE6,2012-03-06,open,MISSING_VALUE,info,Valor ausente na extração
1207,1208,COCE6,2012-03-06,high,MISSING_VALUE,info,Valor ausente na extração
1207,1208,COCE6,2012-03-06,low,MISSING_VALUE,info,Valor ausente na extração
1207,1208,COCE6,2012-03-06,average,MISSING_VALUE,info,Valor ausente na extração
1207,1208,COCE6,2012-03-06,raw_volume,MISSING_VALUE,info,Valor ausente na extração
1208,1209,COCE6,2012-03-07,close,MISSING_VALUE,info,Valor ausente na extração
1208,1209,COCE6,2012-03-07,adjusted_quantity,MISSING_VALUE,info,Valor ausente na extração
1208,1209,COCE6,2012-03-07,open,MISSING_VALUE,info,Valor ausente na extração
1208,1209,COCE6,2012-03-07,high,MISSING_VALUE,info,Valor ausente na extração
1208,1209,COCE6,2012-03-07,low,MISSING_VALUE,info,Valor ausente na extração
1208,1209,COCE6,2012-03-07,average,MISSING_VALUE,info,Valor ausente na extração
1208,1209,COCE6,2012-03-07,raw_volume,MISSING_VALUE,info,Valor ausente na extração
1209,1210,COCE6,2012-03-08,close,MISSING_VALUE,info,Valor ausente na extração
1209,1210,COCE6,2012-03-08,adjusted_quantity,MISSING_VALUE,info,Valor ausente na extração
1209,1210,COCE6,2012-03-08,open,MISSING_VALUE,info,Valor ausente na extração
1209,1210,COCE6,2012-03-08,high,MISSING_VALUE,info,Valor ausente na extração
1209,1210,COCE6,2012-03-08,low,MISSING_VALUE,info,Valor ausente na extração
1209,1210,COCE6,2012-03-08,average,MISSING_VALUE,info,Valor ausente na extração
1209,1210,COCE6,2012-03-08,raw_volume,MISSING_VALUE,info,Valor ausente na extração
1210,1211,COCE6,2012-03-09,close,MISSING_VALUE,info,Valor ausente na extração
1210,1211,COCE6,2012-03-09,adjusted_quantity,MISSING_VALUE,info,Valor ausente na extração
1210,1211,COCE6,2012-03-09,open,MISSING_VALUE,info,Valor ausente na extração
1210,1211,COCE6,2012-03-09,high,MISSING_VALUE,info,Valor ausente na extração
1210,1211,COCE6,2012-03-09,low,MISSING_VALUE,info,Valor ausente na extração
1210,1211,COCE6,2012-03-09,average,MISSING_VALUE,info,Valor ausente na extração
1210,1211,COCE6,2012-03-09,raw_volume,MISSING_VALUE,info,Valor ausente na extração
1211,1212,COCE6,2012-03-12,close,MISSING_VALUE,info,Valor ausente na extração
1211,1212,COCE6,2012-03-12,adjusted_quantity,MISSING_VALUE,info,Valor ausente na extração
1211,1212,COCE6,2012-03-12,open,MISSING_VALUE,info,Valor ausente na extração
1211,1212,COCE6,2012-03-12,high,MISSING_VALUE,info,Valor ausente na extração
1211,1212,COCE6,2012-03-12,low,MISSING_VALUE,info,Valor ausente na extração
1211,1212,COCE6,2012-03-12,average,MISSING_VALUE,info,Valor ausente na extração
1211,1212,COCE6,2012-03-12,raw_volume,MISSING_VALUE,info,Valor ausente na extração
1212,1213,COCE6,2012-03-13,close,MISSING_VALUE,info,Valor ausente na extração
1212,1213,COCE6,2012-03-13,adjusted_quantity,MISSING_VALUE,info,Valor ausente na extração
1212,1213,COCE6,2012-03-13,open,MISSING_VALUE,info,Valor ausente na extração
1212,1213,COCE6,2012-03-13,high,MISSING_VALUE,info,Valor ausente na extração
1212,1213,COCE6,2012-03-13,low,MISSING_VALUE,info,Valor ausente na extração
1212,1213,COCE6,2012-03-13,average,MISSING_VALUE,info,Valor ausente na extração
1212,1213,COCE6,2012-03-13,raw_volume,MISSING_VALUE,info,Valor ausente na extração
1213,1214,COCE6,2012-03-14,close,MISSING_VALUE,info,Valor ausente na extração
1213,1214,COCE6,2012-03-14,adjusted_quantity,MISSING_VALUE,info,Valor ausente na extração
1213,1214,COCE6,2012-03-14,open,MISSING_VALUE,info,Valor ausente na extração
1213,1214,COCE6,2012-03-14,high,MISSING_VALUE,info,Valor ausente na extração
1213,1214,COCE6,2012-03-14,low,MISSING_VALUE,info,Valor ausente na extração
1213,1214,COCE6,2012-03-14,average,MISSING_VALUE,info,Valor ausente na extração
1213,1214,COCE6,2012-03-14,raw_volume,MISSING_VALUE,info,Valor ausente na extração
1214,1215,COCE6,2012-03-15,close,MISSING_VALUE,info,Valor ausente na extração
1214,1215,COCE6,2012-03-15,adjusted_quantity,MISSING_VALUE,info,Valor ausente na extração
1214,1215,COCE6,2012-03-15,open,MISSING_VALUE,info,Valor ausente na extração
1214,1215,COCE6,2012-03-15,high,MISSING_VALUE,info,Valor ausente na extração
1214,1215,COCE6,2012-03-15,low,MISSING_VALUE,info,Valor ausente na extração
1214,1215,COCE6,2012-03-15,average,MISSING_VALUE,info,Valor ausente na extração
1214,1215,COCE6,2012-03-15,raw_volume,MISSING_VALUE,info,Valor ausente na extração
1215,1216,COCE6,2012-03-16,close,MISSING_VALUE,info,Valor ausente na extração
1215,1216,COCE6,2012-03-16,adjusted_quantity,MISSING_VALUE,info,Valor ausente na extração
1215,1216,COCE6,2012-03-16,open,MISSING_VALUE,info,Valor ausente na extração
1215,1216,COCE6,2012-03-16,high,MISSING_VALUE,info,Valor ausente na extração
1215,1216,COCE6,2012-03-16,low,MISSING_VALUE,info,Valor ausente na extração
1215,1216,COCE6,2012-03-16,average,MISSING_VALUE,info,Valor ausente na extração
1215,1216,COCE6,2012-03-16,raw_volume,MISSING_VALUE,info,Valor ausente na extração
1216,1217,COCE6,2012-03-19,close,MISSING_VALUE,info,Valor ausente na extração
1216,1217,COCE6,2012-03-19,adjusted_quantity,MISSING_VALUE,info,Valor ausente na extração
1216,1217,COCE6,2012-03-19,open,MISSING_VALUE,info,Valor ausente na extração
1216,1217,COCE6,2012-03-19,high,MISSING_VALUE,info,Valor ausente na extração
1216,1217,COCE6,2012-03-19,low,MISSING_VALUE,info,Valor ausente na extração
1216,1217,COCE6,2012-03-19,average,MISSING_VALUE,info,Valor ausente na extração
1216,1217,COCE6,2012-03-19,raw_volume,MISSING_VALUE,info,Valor ausente na extração
1217,1218,COCE6,2012-03-20,raw_volume,VOLUME_PRICE_DIVERGENCE,info,Volume bruto difere mais de 10% de quantidade ajustada × preço médio ajustado; bases de ajuste podem diferir
1218,1219,COGN3,2026-09-07,close,MISSING_VALUE,info,Valor ausente na extração
1218,1219,COGN3,2026-09-07,adjusted_quantity,MISSING_VALUE,info,Valor ausente na extração
1218,1219,COGN3,2026-09-07,open,MISSING_VALUE,info,Valor ausente na extração
1218,1219,COGN3,2026-09-07,high,MISSING_VALUE,info,Valor ausente na extração
1218,1219,COGN3,2026-09-07,low,MISSING_VALUE,info,Valor ausente na extração
1218,1219,COGN3,2026-09-07,average,MISSING_VALUE,info,Valor ausente na extração
1218,1219,COGN3,2026-09-07,raw_volume,MISSING_VALUE,info,Valor ausente na extração
1229,1230,COMR3,1920-01-02,close,MISSING_VALUE,info,Valor ausente na extração
1229,1230,COMR3,1920-01-02,adjusted_quantity,MISSING_VALUE,info,Valor ausente na extração
1229,1230,COMR3,1920-01-02,open,MISSING_VALUE,info,Valor ausente na extração
1229,1230,COMR3,1920-01-02,high,MISSING_VALUE,info,Valor ausente na extração
1229,1230,COMR3,1920-01-02,low,MISSING_VALUE,info,Valor ausente na extração
1229,1230,COMR3,1920-01-02,average,MISSING_VALUE,info,Valor ausente na extração
1229,1230,COMR3,1920-01-02,raw_volume,MISSING_VALUE,info,Valor ausente na extração
1230,1231,CGAS3,2026-09-07,close,MISSING_VALUE,info,Valor ausente na extração
1230,1231,CGAS3,2026-09-07,adjusted_quantity,MISSING_VALUE,info,Valor ausente na extração
1230,1231,CGAS3,2026-09-07,open,MISSING_VALUE,info,Valor ausente na extração
1230,1231,CGAS3,2026-09-07,high,MISSING_VALUE,info,Valor ausente na extração
1230,1231,CGAS3,2026-09-07,low,MISSING_VALUE,info,Valor ausente na extração
1230,1231,CGAS3,2026-09-07,average,MISSING_VALUE,info,Valor ausente na extração
1230,1231,CGAS3,2026-09-07,raw_volume,MISSING_VALUE,info,Valor ausente na extração
1231,1232,CGAS3,2026-09-08,close,MISSING_VALUE,info,Valor ausente na extração
1231,1232,CGAS3,2026-09-08,adjusted_quantity,MISSING_VALUE,info,Valor ausente na extração
1231,1232,CGAS3,2026-09-08,open,MISSING_VALUE,info,Valor ausente na extração
1231,1232,CGAS3,2026-09-08,high,MISSING_VALUE,info,Valor ausente na extração
1231,1232,CGAS3,2026-09-08,low,MISSING_VALUE,info,Valor ausente na extração
1231,1232,CGAS3,2026-09-08,average,MISSING_VALUE,info,Valor ausente na extração
1231,1232,CGAS3,2026-09-08,raw_volume,MISSING_VALUE,info,Valor ausente na extração
1232,1233,CGAS3,2026-09-09,close,MISSING_VALUE,info,Valor ausente na extração
1232,1233,CGAS3,2026-09-09,adjusted_quantity,MISSING_VALUE,info,Valor ausente na extração
1232,1233,CGAS3,2026-09-09,open,MISSING_VALUE,info,Valor ausente na extração
1232,1233,CGAS3,2026-09-09,high,MISSING_VALUE,info,Valor ausente na extração
1232,1233,CGAS3,2026-09-09,low,MISSING_VALUE,info,Valor ausente na extração
1232,1233,CGAS3,2026-09-09,average,MISSING_VALUE,info,Valor ausente na extração
1232,1233,CGAS3,2026-09-09,raw_volume,MISSING_VALUE,info,Valor ausente na extração
1233,1234,CGAS3,2026-09-10,close,MISSING_VALUE,info,Valor ausente na extração
1233,1234,CGAS3,2026-09-10,adjusted_quantity,MISSING_VALUE,info,Valor ausente na extração
1233,1234,CGAS3,2026-09-10,open,MISSING_VALUE,info,Valor ausente na extração
1233,1234,CGAS3,2026-09-10,high,MISSING_VALUE,info,Valor ausente na extração
1233,1234,CGAS3,2026-09-10,low,MISSING_VALUE,info,Valor ausente na extração
1233,1234,CGAS3,2026-09-10,average,MISSING_VALUE,info,Valor ausente na extração
1233,1234,CGAS3,2026-09-10,raw_volume,MISSING_VALUE,info,Valor ausente na extração
1234,1235,CGAS3,2026-09-11,close,MISSING_VALUE,info,Valor ausente na extração
1234,1235,CGAS3,2026-09-11,adjusted_quantity,MISSING_VALUE,info,Valor ausente na extração
1234,1235,CGAS3,2026-09-11,open,MISSING_VALUE,info,Valor ausente na extração
1234,1235,CGAS3,2026-09-11,high,MISSING_VALUE,info,Valor ausente na extração
1234,1235,CGAS3,2026-09-11,low,MISSING_VALUE,info,Valor ausente na extração
1234,1235,CGAS3,2026-09-11,average,MISSING_VALUE,info,Valor ausente na extração
1234,1235,CGAS3,2026-09-11,raw_volume,MISSING_VALUE,info,Valor ausente na extração
1235,1236,CGAS3,2026-09-14,close,MISSING_VALUE,info,Valor ausente na extração
1235,1236,CGAS3,2026-09-14,adjusted_quantity,MISSING_VALUE,info,Valor ausente na extração
1235,1236,CGAS3,2026-09-14,open,MISSING_VALUE,info,Valor ausente na extração
1235,1236,CGAS3,2026-09-14,high,MISSING_VALUE,info,Valor ausente na extração
1235,1236,CGAS3,2026-09-14,low,MISSING_VALUE,info,Valor ausente na extração
1235,1236,CGAS3,2026-09-14,average,MISSING_VALUE,info,Valor ausente na extração
1235,1236,CGAS3,2026-09-14,raw_volume,MISSING_VALUE,info,Valor ausente na extração
1236,1237,CGAS3,2026-09-15,close,MISSING_VALUE,info,Valor ausente na extração
1236,1237,CGAS3,2026-09-15,adjusted_quantity,MISSING_VALUE,info,Valor ausente na extração
1236,1237,CGAS3,2026-09-15,open,MISSING_VALUE,info,Valor ausente na extração
1236,1237,CGAS3,2026-09-15,high,MISSING_VALUE,info,Valor ausente na extração
1236,1237,CGAS3,2026-09-15,low,MISSING_VALUE,info,Valor ausente na extração
1236,1237,CGAS3,2026-09-15,average,MISSING_VALUE,info,Valor ausente na extração
1236,1237,CGAS3,2026-09-15,raw_volume,MISSING_VALUE,info,Valor ausente na extração
1237,1238,CGAS3,2026-09-16,close,MISSING_VALUE,info,Valor ausente na extração
1237,1238,CGAS3,2026-09-16,adjusted_quantity,MISSING_VALUE,info,Valor ausente na extração
1237,1238,CGAS3,2026-09-16,open,MISSING_VALUE,info,Valor ausente na extração
1237,1238,CGAS3,2026-09-16,high,MISSING_VALUE,info,Valor ausente na extração
1237,1238,CGAS3,2026-09-16,low,MISSING_VALUE,info,Valor ausente na extração
1237,1238,CGAS3,2026-09-16,average,MISSING_VALUE,info,Valor ausente na extração
1237,1238,CGAS3,2026-09-16,raw_volume,MISSING_VALUE,info,Valor ausente na extração
1238,1239,CGAS3,2026-09-17,close,MISSING_VALUE,info,Valor ausente na extração
1238,1239,CGAS3,2026-09-17,adjusted_quantity,MISSING_VALUE,info,Valor ausente na extração
1238,1239,CGAS3,2026-09-17,open,MISSING_VALUE,info,Valor ausente na extração
1238,1239,CGAS3,2026-09-17,high,MISSING_VALUE,info,Valor ausente na extração
1238,1239,CGAS3,2026-09-17,low,MISSING_VALUE,info,Valor ausente na extração
1238,1239,CGAS3,2026-09-17,average,MISSING_VALUE,info,Valor ausente na extração
1238,1239,CGAS3,2026-09-17,raw_volume,MISSING_VALUE,info,Valor ausente na extração
1239,1240,CGAS3,2026-09-18,close,MISSING_VALUE,info,Valor ausente na extração
1239,1240,CGAS3,2026-09-18,adjusted_quantity,MISSING_VALUE,info,Valor ausente na extração
1239,1240,CGAS3,2026-09-18,open,MISSING_VALUE,info,Valor ausente na extração
1239,1240,CGAS3,2026-09-18,high,MISSING_VALUE,info,Valor ausente na extração
1239,1240,CGAS3,2026-09-18,low,MISSING_VALUE,info,Valor ausente na extração
1239,1240,CGAS3,2026-09-18,average,MISSING_VALUE,info,Valor ausente na extração
1239,1240,CGAS3,2026-09-18,raw_volume,MISSING_VALUE,info,Valor ausente na extração
1241,1242,CGAS5,2026-09-07,close,MISSING_VALUE,info,Valor ausente na extração
1241,1242,CGAS5,2026-09-07,adjusted_quantity,MISSING_VALUE,info,Valor ausente na extração
1241,1242,CGAS5,2026-09-07,open,MISSING_VALUE,info,Valor ausente na extração
1241,1242,CGAS5,2026-09-07,high,MISSING_VALUE,info,Valor ausente na extração
1241,1242,CGAS5,2026-09-07,low,MISSING_VALUE,info,Valor ausente na extração
1241,1242,CGAS5,2026-09-07,average,MISSING_VALUE,info,Valor ausente na extração
1241,1242,CGAS5,2026-09-07,raw_volume,MISSING_VALUE,info,Valor ausente na extração
1252,1253,PASS3,2026-09-07,close,MISSING_VALUE,info,Valor ausente na extração
1252,1253,PASS3,2026-09-07,adjusted_quantity,MISSING_VALUE,info,Valor ausente na extração
1252,1253,PASS3,2026-09-07,open,MISSING_VALUE,info,Valor ausente na extração
1252,1253,PASS3,2026-09-07,high,MISSING_VALUE,info,Valor ausente na extração
1252,1253,PASS3,2026-09-07,low,MISSING_VALUE,info,Valor ausente na extração
1252,1253,PASS3,2026-09-07,average,MISSING_VALUE,info,Valor ausente na extração
1252,1253,PASS3,2026-09-07,raw_volume,MISSING_VALUE,info,Valor ausente na extração
1263,1264,CRTE3,1920-01-02,close,MISSING_VALUE,info,Valor ausente na extração
1263,1264,CRTE3,1920-01-02,adjusted_quantity,MISSING_VALUE,info,Valor ausente na extração
1263,1264,CRTE3,1920-01-02,open,MISSING_VALUE,info,Valor ausente na extração
1263,1264,CRTE3,1920-01-02,high,MISSING_VALUE,info,Valor ausente na extração
1263,1264,CRTE3,1920-01-02,low,MISSING_VALUE,info,Valor ausente na extração
1263,1264,CRTE3,1920-01-02,average,MISSING_VALUE,info,Valor ausente na extração
1263,1264,CRTE3,1920-01-02,raw_volume,MISSING_VALUE,info,Valor ausente na extração
1264,1265,CRTE5,1920-01-02,close,MISSING_VALUE,info,Valor ausente na extração
1264,1265,CRTE5,1920-01-02,adjusted_quantity,MISSING_VALUE,info,Valor ausente na extração
1264,1265,CRTE5,1920-01-02,open,MISSING_VALUE,info,Valor ausente na extração
1264,1265,CRTE5,1920-01-02,high,MISSING_VALUE,info,Valor ausente na extração
1264,1265,CRTE5,1920-01-02,low,MISSING_VALUE,info,Valor ausente na extração
1264,1265,CRTE5,1920-01-02,average,MISSING_VALUE,info,Valor ausente na extração
1264,1265,CRTE5,1920-01-02,raw_volume,MISSING_VALUE,info,Valor ausente na extração
1265,1266,CALI3,2026-07-29,close,MISSING_VALUE,info,Valor ausente na extração
1265,1266,CALI3,2026-07-29,adjusted_quantity,MISSING_VALUE,info,Valor ausente na extração
1265,1266,CALI3,2026-07-29,open,MISSING_VALUE,info,Valor ausente na extração
1265,1266,CALI3,2026-07-29,high,MISSING_VALUE,info,Valor ausente na extração
1265,1266,CALI3,2026-07-29,low,MISSING_VALUE,info,Valor ausente na extração
1265,1266,CALI3,2026-07-29,average,MISSING_VALUE,info,Valor ausente na extração
1265,1266,CALI3,2026-07-29,raw_volume,MISSING_VALUE,info,Valor ausente na extração
1267,1268,CALI3,2026-07-31,close,MISSING_VALUE,info,Valor ausente na extração
1267,1268,CALI3,2026-07-31,adjusted_quantity,MISSING_VALUE,info,Valor ausente na extração
1267,1268,CALI3,2026-07-31,open,MISSING_VALUE,info,Valor ausente na extração
1267,1268,CALI3,2026-07-31,high,MISSING_VALUE,info,Valor ausente na extração
1267,1268,CALI3,2026-07-31,low,MISSING_VALUE,info,Valor ausente na extração
1267,1268,CALI3,2026-07-31,average,MISSING_VALUE,info,Valor ausente na extração
1267,1268,CALI3,2026-07-31,raw_volume,MISSING_VALUE,info,Valor ausente na extração
1268,1269,CALI3,2026-08-03,close,MISSING_VALUE,info,Valor ausente na extração
1268,1269,CALI3,2026-08-03,adjusted_quantity,MISSING_VALUE,info,Valor ausente na extração
1268,1269,CALI3,2026-08-03,open,MISSING_VALUE,info,Valor ausente na extração
1268,1269,CALI3,2026-08-03,high,MISSING_VALUE,info,Valor ausente na extração
1268,1269,CALI3,2026-08-03,low,MISSING_VALUE,info,Valor ausente na extração
1268,1269,CALI3,2026-08-03,average,MISSING_VALUE,info,Valor ausente na extração
1268,1269,CALI3,2026-08-03,raw_volume,MISSING_VALUE,info,Valor ausente na extração
1269,1270,CALI3,2026-08-04,close,MISSING_VALUE,info,Valor ausente na extração
1269,1270,CALI3,2026-08-04,adjusted_quantity,MISSING_VALUE,info,Valor ausente na extração
1269,1270,CALI3,2026-08-04,open,MISSING_VALUE,info,Valor ausente na extração
1269,1270,CALI3,2026-08-04,high,MISSING_VALUE,info,Valor ausente na extração
1269,1270,CALI3,2026-08-04,low,MISSING_VALUE,info,Valor ausente na extração
1269,1270,CALI3,2026-08-04,average,MISSING_VALUE,info,Valor ausente na extração
1269,1270,CALI3,2026-08-04,raw_volume,MISSING_VALUE,info,Valor ausente na extração
1270,1271,CALI3,2026-08-05,close,MISSING_VALUE,info,Valor ausente na extração
1270,1271,CALI3,2026-08-05,adjusted_quantity,MISSING_VALUE,info,Valor ausente na extração
1270,1271,CALI3,2026-08-05,open,MISSING_VALUE,info,Valor ausente na extração
1270,1271,CALI3,2026-08-05,high,MISSING_VALUE,info,Valor ausente na extração
1270,1271,CALI3,2026-08-05,low,MISSING_VALUE,info,Valor ausente na extração
1270,1271,CALI3,2026-08-05,average,MISSING_VALUE,info,Valor ausente na extração
1270,1271,CALI3,2026-08-05,raw_volume,MISSING_VALUE,info,Valor ausente na extração
1271,1272,CALI3,2026-08-06,close,MISSING_VALUE,info,Valor ausente na extração
1271,1272,CALI3,2026-08-06,adjusted_quantity,MISSING_VALUE,info,Valor ausente na extração
1271,1272,CALI3,2026-08-06,open,MISSING_VALUE,info,Valor ausente na extração
1271,1272,CALI3,2026-08-06,high,MISSING_VALUE,info,Valor ausente na extração
1271,1272,CALI3,2026-08-06,low,MISSING_VALUE,info,Valor ausente na extração
1271,1272,CALI3,2026-08-06,average,MISSING_VALUE,info,Valor ausente na extração
1271,1272,CALI3,2026-08-06,raw_volume,MISSING_VALUE,info,Valor ausente na extração
1272,1273,CALI3,2026-08-07,close,MISSING_VALUE,info,Valor ausente na extração
1272,1273,CALI3,2026-08-07,adjusted_quantity,MISSING_VALUE,info,Valor ausente na extração
1272,1273,CALI3,2026-08-07,open,MISSING_VALUE,info,Valor ausente na extração
1272,1273,CALI3,2026-08-07,high,MISSING_VALUE,info,Valor ausente na extração
1272,1273,CALI3,2026-08-07,low,MISSING_VALUE,info,Valor ausente na extração
1272,1273,CALI3,2026-08-07,average,MISSING_VALUE,info,Valor ausente na extração
1272,1273,CALI3,2026-08-07,raw_volume,MISSING_VALUE,info,Valor ausente na extração
1273,1274,CALI3,2026-08-10,close,MISSING_VALUE,info,Valor ausente na extração
1273,1274,CALI3,2026-08-10,adjusted_quantity,MISSING_VALUE,info,Valor ausente na extração
1273,1274,CALI3,2026-08-10,open,MISSING_VALUE,info,Valor ausente na extração
1273,1274,CALI3,2026-08-10,high,MISSING_VALUE,info,Valor ausente na extração
1273,1274,CALI3,2026-08-10,low,MISSING_VALUE,info,Valor ausente na extração
1273,1274,CALI3,2026-08-10,average,MISSING_VALUE,info,Valor ausente na extração
1273,1274,CALI3,2026-08-10,raw_volume,MISSING_VALUE,info,Valor ausente na extração
1278,1279,CTAX3,2026-09-07,close,MISSING_VALUE,info,Valor ausente na extração
1278,1279,CTAX3,2026-09-07,adjusted_quantity,MISSING_VALUE,info,Valor ausente na extração
1278,1279,CTAX3,2026-09-07,open,MISSING_VALUE,info,Valor ausente na extração
1278,1279,CTAX3,2026-09-07,high,MISSING_VALUE,info,Valor ausente na extração
1278,1279,CTAX3,2026-09-07,low,MISSING_VALUE,info,Valor ausente na extração
1278,1279,CTAX3,2026-09-07,average,MISSING_VALUE,info,Valor ausente na extração
1278,1279,CTAX3,2026-09-07,raw_volume,MISSING_VALUE,info,Valor ausente na extração
1287,1288,CSMG3,2026-09-07,close,MISSING_VALUE,info,Valor ausente na extração
1287,1288,CSMG3,2026-09-07,adjusted_quantity,MISSING_VALUE,info,Valor ausente na extração
1287,1288,CSMG3,2026-09-07,open,MISSING_VALUE,info,Valor ausente na extração
1287,1288,CSMG3,2026-09-07,high,MISSING_VALUE,info,Valor ausente na extração
1287,1288,CSMG3,2026-09-07,low,MISSING_VALUE,info,Valor ausente na extração
1287,1288,CSMG3,2026-09-07,average,MISSING_VALUE,info,Valor ausente na extração
1287,1288,CSMG3,2026-09-07,raw_volume,MISSING_VALUE,info,Valor ausente na extração
1298,1299,CPLE3,2026-09-07,close,MISSING_VALUE,info,Valor ausente na extração
1298,1299,CPLE3,2026-09-07,adjusted_quantity,MISSING_VALUE,info,Valor ausente na extração
1298,1299,CPLE3,2026-09-07,open,MISSING_VALUE,info,Valor ausente na extração
1298,1299,CPLE3,2026-09-07,high,MISSING_VALUE,info,Valor ausente na extração
1298,1299,CPLE3,2026-09-07,low,MISSING_VALUE,info,Valor ausente na extração
1298,1299,CPLE3,2026-09-07,average,MISSING_VALUE,info,Valor ausente na extração
1298,1299,CPLE3,2026-09-07,raw_volume,MISSING_VALUE,info,Valor ausente na extração
1309,1310,CSAN3,2026-09-07,close,MISSING_VALUE,info,Valor ausente na extração
1309,1310,CSAN3,2026-09-07,adjusted_quantity,MISSING_VALUE,info,Valor ausente na extração
1309,1310,CSAN3,2026-09-07,open,MISSING_VALUE,info,Valor ausente na extração
1309,1310,CSAN3,2026-09-07,high,MISSING_VALUE,info,Valor ausente na extração
1309,1310,CSAN3,2026-09-07,low,MISSING_VALUE,info,Valor ausente na extração
1309,1310,CSAN3,2026-09-07,average,MISSING_VALUE,info,Valor ausente na extração
1309,1310,CSAN3,2026-09-07,raw_volume,MISSING_VALUE,info,Valor ausente na extração
1320,1321,CPFE3,2026-09-07,close,MISSING_VALUE,info,Valor ausente na extração
1320,1321,CPFE3,2026-09-07,adjusted_quantity,MISSING_VALUE,info,Valor ausente na extração
1320,1321,CPFE3,2026-09-07,open,MISSING_VALUE,info,Valor ausente na extração
1320,1321,CPFE3,2026-09-07,high,MISSING_VALUE,info,Valor ausente na extração
1320,1321,CPFE3,2026-09-07,low,MISSING_VALUE,info,Valor ausente na extração
1320,1321,CPFE3,2026-09-07,average,MISSING_VALUE,info,Valor ausente na extração
1320,1321,CPFE3,2026-09-07,raw_volume,MISSING_VALUE,info,Valor ausente na extração
1331,1332,CRPG3,2026-07-15,close,MISSING_VALUE,info,Valor ausente na extração
1331,1332,CRPG3,2026-07-15,adjusted_quantity,MISSING_VALUE,info,Valor ausente na extração
1331,1332,CRPG3,2026-07-15,open,MISSING_VALUE,info,Valor ausente na extração
1331,1332,CRPG3,2026-07-15,high,MISSING_VALUE,info,Valor ausente na extração
1331,1332,CRPG3,2026-07-15,low,MISSING_VALUE,info,Valor ausente na extração
1331,1332,CRPG3,2026-07-15,average,MISSING_VALUE,info,Valor ausente na extração
1331,1332,CRPG3,2026-07-15,raw_volume,MISSING_VALUE,info,Valor ausente na extração
1332,1333,CRPG3,2026-07-16,close,MISSING_VALUE,info,Valor ausente na extração
1332,1333,CRPG3,2026-07-16,adjusted_quantity,MISSING_VALUE,info,Valor ausente na extração
1332,1333,CRPG3,2026-07-16,open,MISSING_VALUE,info,Valor ausente na extração
1332,1333,CRPG3,2026-07-16,high,MISSING_VALUE,info,Valor ausente na extração
1332,1333,CRPG3,2026-07-16,low,MISSING_VALUE,info,Valor ausente na extração
1332,1333,CRPG3,2026-07-16,average,MISSING_VALUE,info,Valor ausente na extração
1332,1333,CRPG3,2026-07-16,raw_volume,MISSING_VALUE,info,Valor ausente na extração
1333,1334,CRPG3,2026-07-17,close,MISSING_VALUE,info,Valor ausente na extração
1333,1334,CRPG3,2026-07-17,adjusted_quantity,MISSING_VALUE,info,Valor ausente na extração
1333,1334,CRPG3,2026-07-17,open,MISSING_VALUE,info,Valor ausente na extração
1333,1334,CRPG3,2026-07-17,high,MISSING_VALUE,info,Valor ausente na extração
1333,1334,CRPG3,2026-07-17,low,MISSING_VALUE,info,Valor ausente na extração
1333,1334,CRPG3,2026-07-17,average,MISSING_VALUE,info,Valor ausente na extração
1333,1334,CRPG3,2026-07-17,raw_volume,MISSING_VALUE,info,Valor ausente na extração
1334,1335,CRPG3,2026-07-20,close,MISSING_VALUE,info,Valor ausente na extração
1334,1335,CRPG3,2026-07-20,adjusted_quantity,MISSING_VALUE,info,Valor ausente na extração
1334,1335,CRPG3,2026-07-20,open,MISSING_VALUE,info,Valor ausente na extração
1334,1335,CRPG3,2026-07-20,high,MISSING_VALUE,info,Valor ausente na extração
1334,1335,CRPG3,2026-07-20,low,MISSING_VALUE,info,Valor ausente na extração
1334,1335,CRPG3,2026-07-20,average,MISSING_VALUE,info,Valor ausente na extração
1334,1335,CRPG3,2026-07-20,raw_volume,MISSING_VALUE,info,Valor ausente na extração
1335,1336,CRPG3,2026-07-21,close,MISSING_VALUE,info,Valor ausente na extração
1335,1336,CRPG3,2026-07-21,adjusted_quantity,MISSING_VALUE,info,Valor ausente na extração
1335,1336,CRPG3,2026-07-21,open,MISSING_VALUE,info,Valor ausente na extração
1335,1336,CRPG3,2026-07-21,high,MISSING_VALUE,info,Valor ausente na extração
1335,1336,CRPG3,2026-07-21,low,MISSING_VALUE,info,Valor ausente na extração
1335,1336,CRPG3,2026-07-21,average,MISSING_VALUE,info,Valor ausente na extração
1335,1336,CRPG3,2026-07-21,raw_volume,MISSING_VALUE,info,Valor ausente na extração
1336,1337,CRPG3,2026-07-22,close,MISSING_VALUE,info,Valor ausente na extração
1336,1337,CRPG3,2026-07-22,adjusted_quantity,MISSING_VALUE,info,Valor ausente na extração
1336,1337,CRPG3,2026-07-22,open,MISSING_VALUE,info,Valor ausente na extração
1336,1337,CRPG3,2026-07-22,high,MISSING_VALUE,info,Valor ausente na extração
1336,1337,CRPG3,2026-07-22,low,MISSING_VALUE,info,Valor ausente na extração
1336,1337,CRPG3,2026-07-22,average,MISSING_VALUE,info,Valor ausente na extração
1336,1337,CRPG3,2026-07-22,raw_volume,MISSING_VALUE,info,Valor ausente na extração
1337,1338,CRPG3,2026-07-23,close,MISSING_VALUE,info,Valor ausente na extração
1337,1338,CRPG3,2026-07-23,adjusted_quantity,MISSING_VALUE,info,Valor ausente na extração
1337,1338,CRPG3,2026-07-23,open,MISSING_VALUE,info,Valor ausente na extração
1337,1338,CRPG3,2026-07-23,high,MISSING_VALUE,info,Valor ausente na extração
1337,1338,CRPG3,2026-07-23,low,MISSING_VALUE,info,Valor ausente na extração
1337,1338,CRPG3,2026-07-23,average,MISSING_VALUE,info,Valor ausente na extração
1337,1338,CRPG3,2026-07-23,raw_volume,MISSING_VALUE,info,Valor ausente na extração
1338,1339,CRPG3,2026-07-24,close,MISSING_VALUE,info,Valor ausente na extração
1338,1339,CRPG3,2026-07-24,adjusted_quantity,MISSING_VALUE,info,Valor ausente na extração
1338,1339,CRPG3,2026-07-24,open,MISSING_VALUE,info,Valor ausente na extração
1338,1339,CRPG3,2026-07-24,high,MISSING_VALUE,info,Valor ausente na extração
1338,1339,CRPG3,2026-07-24,low,MISSING_VALUE,info,Valor ausente na extração
1338,1339,CRPG3,2026-07-24,average,MISSING_VALUE,info,Valor ausente na extração
1338,1339,CRPG3,2026-07-24,raw_volume,MISSING_VALUE,info,Valor ausente na extração
1339,1340,CRPG3,2026-07-27,close,MISSING_VALUE,info,Valor ausente na extração
1339,1340,CRPG3,2026-07-27,adjusted_quantity,MISSING_VALUE,info,Valor ausente na extração
1339,1340,CRPG3,2026-07-27,open,MISSING_VALUE,info,Valor ausente na extração
1339,1340,CRPG3,2026-07-27,high,MISSING_VALUE,info,Valor ausente na extração
1339,1340,CRPG3,2026-07-27,low,MISSING_VALUE,info,Valor ausente na extração
1339,1340,CRPG3,2026-07-27,average,MISSING_VALUE,info,Valor ausente na extração
1339,1340,CRPG3,2026-07-27,raw_volume,MISSING_VALUE,info,Valor ausente na extração
1340,1341,CRPG3,2026-07-28,close,MISSING_VALUE,info,Valor ausente na extração
1340,1341,CRPG3,2026-07-28,adjusted_quantity,MISSING_VALUE,info,Valor ausente na extração
1340,1341,CRPG3,2026-07-28,open,MISSING_VALUE,info,Valor ausente na extração
1340,1341,CRPG3,2026-07-28,high,MISSING_VALUE,info,Valor ausente na extração
1340,1341,CRPG3,2026-07-28,low,MISSING_VALUE,info,Valor ausente na extração
1340,1341,CRPG3,2026-07-28,average,MISSING_VALUE,info,Valor ausente na extração
1340,1341,CRPG3,2026-07-28,raw_volume,MISSING_VALUE,info,Valor ausente na extração
1341,1342,CRPG3,2026-07-29,average,OUTSIDE_DAILY_RANGE,warning,Valor fora do intervalo mínimo–máximo
1342,1343,CRPG5,2026-09-07,close,MISSING_VALUE,info,Valor ausente na extração
1342,1343,CRPG5,2026-09-07,adjusted_quantity,MISSING_VALUE,info,Valor ausente na extração
1342,1343,CRPG5,2026-09-07,open,MISSING_VALUE,info,Valor ausente na extração
1342,1343,CRPG5,2026-09-07,high,MISSING_VALUE,info,Valor ausente na extração
1342,1343,CRPG5,2026-09-07,low,MISSING_VALUE,info,Valor ausente na extração
1342,1343,CRPG5,2026-09-07,average,MISSING_VALUE,info,Valor ausente na extração
1342,1343,CRPG5,2026-09-07,raw_volume,MISSING_VALUE,info,Valor ausente na extração
1353,1354,CRPG6,2026-09-04,close,MISSING_VALUE,info,Valor ausente na extração
1353,1354,CRPG6,2026-09-04,adjusted_quantity,MISSING_VALUE,info,Valor ausente na extração
1353,1354,CRPG6,2026-09-04,open,MISSING_VALUE,info,Valor ausente na extração
1353,1354,CRPG6,2026-09-04,high,MISSING_VALUE,info,Valor ausente na extração
1353,1354,CRPG6,2026-09-04,low,MISSING_VALUE,info,Valor ausente na extração
1353,1354,CRPG6,2026-09-04,average,MISSING_VALUE,info,Valor ausente na extração
1353,1354,CRPG6,2026-09-04,raw_volume,MISSING_VALUE,info,Valor ausente na extração
1354,1355,CRPG6,2026-09-07,close,MISSING_VALUE,info,Valor ausente na extração
1354,1355,CRPG6,2026-09-07,adjusted_quantity,MISSING_VALUE,info,Valor ausente na extração
1354,1355,CRPG6,2026-09-07,open,MISSING_VALUE,info,Valor ausente na extração
1354,1355,CRPG6,2026-09-07,high,MISSING_VALUE,info,Valor ausente na extração
1354,1355,CRPG6,2026-09-07,low,MISSING_VALUE,info,Valor ausente na extração
1354,1355,CRPG6,2026-09-07,average,MISSING_VALUE,info,Valor ausente na extração
1354,1355,CRPG6,2026-09-07,raw_volume,MISSING_VALUE,info,Valor ausente na extração
1355,1356,CRPG6,2026-09-08,close,MISSING_VALUE,info,Valor ausente na extração
1355,1356,CRPG6,2026-09-08,adjusted_quantity,MISSING_VALUE,info,Valor ausente na extração
1355,1356,CRPG6,2026-09-08,open,MISSING_VALUE,info,Valor ausente na extração
1355,1356,CRPG6,2026-09-08,high,MISSING_VALUE,info,Valor ausente na extração
1355,1356,CRPG6,2026-09-08,low,MISSING_VALUE,info,Valor ausente na extração
1355,1356,CRPG6,2026-09-08,average,MISSING_VALUE,info,Valor ausente na extração
1355,1356,CRPG6,2026-09-08,raw_volume,MISSING_VALUE,info,Valor ausente na extração
1356,1357,CRPG6,2026-09-09,close,MISSING_VALUE,info,Valor ausente na extração
1356,1357,CRPG6,2026-09-09,adjusted_quantity,MISSING_VALUE,info,Valor ausente na extração
1356,1357,CRPG6,2026-09-09,open,MISSING_VALUE,info,Valor ausente na extração
1356,1357,CRPG6,2026-09-09,high,MISSING_VALUE,info,Valor ausente na extração
1356,1357,CRPG6,2026-09-09,low,MISSING_VALUE,info,Valor ausente na extração
1356,1357,CRPG6,2026-09-09,average,MISSING_VALUE,info,Valor ausente na extração
1356,1357,CRPG6,2026-09-09,raw_volume,MISSING_VALUE,info,Valor ausente na extração
1357,1358,CRPG6,2026-09-10,close,MISSING_VALUE,info,Valor ausente na extração
1357,1358,CRPG6,2026-09-10,adjusted_quantity,MISSING_VALUE,info,Valor ausente na extração
1357,1358,CRPG6,2026-09-10,open,MISSING_VALUE,info,Valor ausente na extração
1357,1358,CRPG6,2026-09-10,high,MISSING_VALUE,info,Valor ausente na extração
1357,1358,CRPG6,2026-09-10,low,MISSING_VALUE,info,Valor ausente na extração
1357,1358,CRPG6,2026-09-10,average,MISSING_VALUE,info,Valor ausente na extração
1357,1358,CRPG6,2026-09-10,raw_volume,MISSING_VALUE,info,Valor ausente na extração
1359,1360,CRPG6,2026-09-14,close,MISSING_VALUE,info,Valor ausente na extração
1359,1360,CRPG6,2026-09-14,adjusted_quantity,MISSING_VALUE,info,Valor ausente na extração
1359,1360,CRPG6,2026-09-14,open,MISSING_VALUE,info,Valor ausente na extração
1359,1360,CRPG6,2026-09-14,high,MISSING_VALUE,info,Valor ausente na extração
1359,1360,CRPG6,2026-09-14,low,MISSING_VALUE,info,Valor ausente na extração
1359,1360,CRPG6,2026-09-14,average,MISSING_VALUE,info,Valor ausente na extração
1359,1360,CRPG6,2026-09-14,raw_volume,MISSING_VALUE,info,Valor ausente na extração
1360,1361,CRPG6,2026-09-15,close,MISSING_VALUE,info,Valor ausente na extração
1360,1361,CRPG6,2026-09-15,adjusted_quantity,MISSING_VALUE,info,Valor ausente na extração
1360,1361,CRPG6,2026-09-15,open,MISSING_VALUE,info,Valor ausente na extração
1360,1361,CRPG6,2026-09-15,high,MISSING_VALUE,info,Valor ausente na extração
1360,1361,CRPG6,2026-09-15,low,MISSING_VALUE,info,Valor ausente na extração
1360,1361,CRPG6,2026-09-15,average,MISSING_VALUE,info,Valor ausente na extração
1360,1361,CRPG6,2026-09-15,raw_volume,MISSING_VALUE,info,Valor ausente na extração
1361,1362,CRPG6,2026-09-16,close,MISSING_VALUE,info,Valor ausente na extração
1361,1362,CRPG6,2026-09-16,adjusted_quantity,MISSING_VALUE,info,Valor ausente na extração
1361,1362,CRPG6,2026-09-16,open,MISSING_VALUE,info,Valor ausente na extração
1361,1362,CRPG6,2026-09-16,high,MISSING_VALUE,info,Valor ausente na extração
1361,1362,CRPG6,2026-09-16,low,MISSING_VALUE,info,Valor ausente na extração
1361,1362,CRPG6,2026-09-16,average,MISSING_VALUE,info,Valor ausente na extração
1361,1362,CRPG6,2026-09-16,raw_volume,MISSING_VALUE,info,Valor ausente na extração
1362,1363,CRPG6,2026-09-17,close,MISSING_VALUE,info,Valor ausente na extração
1362,1363,CRPG6,2026-09-17,adjusted_quantity,MISSING_VALUE,info,Valor ausente na extração
1362,1363,CRPG6,2026-09-17,open,MISSING_VALUE,info,Valor ausente na extração
1362,1363,CRPG6,2026-09-17,high,MISSING_VALUE,info,Valor ausente na extração
1362,1363,CRPG6,2026-09-17,low,MISSING_VALUE,info,Valor ausente na extração
1362,1363,CRPG6,2026-09-17,average,MISSING_VALUE,info,Valor ausente na extração
1362,1363,CRPG6,2026-09-17,raw_volume,MISSING_VALUE,info,Valor ausente na extração
1364,1365,CSED3,2026-09-07,close,MISSING_VALUE,info,Valor ausente na extração
1364,1365,CSED3,2026-09-07,adjusted_quantity,MISSING_VALUE,info,Valor ausente na extração
1364,1365,CSED3,2026-09-07,open,MISSING_VALUE,info,Valor ausente na extração
1364,1365,CSED3,2026-09-07,high,MISSING_VALUE,info,Valor ausente na extração
1364,1365,CSED3,2026-09-07,low,MISSING_VALUE,info,Valor ausente na extração
1364,1365,CSED3,2026-09-07,average,MISSING_VALUE,info,Valor ausente na extração
1364,1365,CSED3,2026-09-07,raw_volume,MISSING_VALUE,info,Valor ausente na extração
1375,1376,CMIN3,2026-09-07,close,MISSING_VALUE,info,Valor ausente na extração
1375,1376,CMIN3,2026-09-07,adjusted_quantity,MISSING_VALUE,info,Valor ausente na extração
1375,1376,CMIN3,2026-09-07,open,MISSING_VALUE,info,Valor ausente na extração
1375,1376,CMIN3,2026-09-07,high,MISSING_VALUE,info,Valor ausente na extração
1375,1376,CMIN3,2026-09-07,low,MISSING_VALUE,info,Valor ausente na extração
1375,1376,CMIN3,2026-09-07,average,MISSING_VALUE,info,Valor ausente na extração
1375,1376,CMIN3,2026-09-07,raw_volume,MISSING_VALUE,info,Valor ausente na extração
1386,1387,CSUD3,2026-09-07,close,MISSING_VALUE,info,Valor ausente na extração
1386,1387,CSUD3,2026-09-07,adjusted_quantity,MISSING_VALUE,info,Valor ausente na extração
1386,1387,CSUD3,2026-09-07,open,MISSING_VALUE,info,Valor ausente na extração
1386,1387,CSUD3,2026-09-07,high,MISSING_VALUE,info,Valor ausente na extração
1386,1387,CSUD3,2026-09-07,low,MISSING_VALUE,info,Valor ausente na extração
1386,1387,CSUD3,2026-09-07,average,MISSING_VALUE,info,Valor ausente na extração
1386,1387,CSUD3,2026-09-07,raw_volume,MISSING_VALUE,info,Valor ausente na extração
1397,1398,CTCA3,1920-01-02,close,MISSING_VALUE,info,Valor ausente na extração
1397,1398,CTCA3,1920-01-02,adjusted_quantity,MISSING_VALUE,info,Valor ausente na extração
1397,1398,CTCA3,1920-01-02,open,MISSING_VALUE,info,Valor ausente na extração
1397,1398,CTCA3,1920-01-02,high,MISSING_VALUE,info,Valor ausente na extração
1397,1398,CTCA3,1920-01-02,low,MISSING_VALUE,info,Valor ausente na extração
1397,1398,CTCA3,1920-01-02,average,MISSING_VALUE,info,Valor ausente na extração
1397,1398,CTCA3,1920-01-02,raw_volume,MISSING_VALUE,info,Valor ausente na extração
1398,1399,CURY3,2026-09-07,close,MISSING_VALUE,info,Valor ausente na extração
1398,1399,CURY3,2026-09-07,adjusted_quantity,MISSING_VALUE,info,Valor ausente na extração
1398,1399,CURY3,2026-09-07,open,MISSING_VALUE,info,Valor ausente na extração
1398,1399,CURY3,2026-09-07,high,MISSING_VALUE,info,Valor ausente na extração
1398,1399,CURY3,2026-09-07,low,MISSING_VALUE,info,Valor ausente na extração
1398,1399,CURY3,2026-09-07,average,MISSING_VALUE,info,Valor ausente na extração
1398,1399,CURY3,2026-09-07,raw_volume,MISSING_VALUE,info,Valor ausente na extração
1409,1410,CVCB3,2026-09-07,close,MISSING_VALUE,info,Valor ausente na extração
1409,1410,CVCB3,2026-09-07,adjusted_quantity,MISSING_VALUE,info,Valor ausente na extração
1409,1410,CVCB3,2026-09-07,open,MISSING_VALUE,info,Valor ausente na extração
1409,1410,CVCB3,2026-09-07,high,MISSING_VALUE,info,Valor ausente na extração
1409,1410,CVCB3,2026-09-07,low,MISSING_VALUE,info,Valor ausente na extração
1409,1410,CVCB3,2026-09-07,average,MISSING_VALUE,info,Valor ausente na extração
1409,1410,CVCB3,2026-09-07,raw_volume,MISSING_VALUE,info,Valor ausente na extração
1420,1421,CYRE3,2026-09-07,close,MISSING_VALUE,info,Valor ausente na extração
1420,1421,CYRE3,2026-09-07,adjusted_quantity,MISSING_VALUE,info,Valor ausente na extração
1420,1421,CYRE3,2026-09-07,open,MISSING_VALUE,info,Valor ausente na extração
1420,1421,CYRE3,2026-09-07,high,MISSING_VALUE,info,Valor ausente na extração
1420,1421,CYRE3,2026-09-07,low,MISSING_VALUE,info,Valor ausente na extração
1420,1421,CYRE3,2026-09-07,average,MISSING_VALUE,info,Valor ausente na extração
1420,1421,CYRE3,2026-09-07,raw_volume,MISSING_VALUE,info,Valor ausente na extração
1431,1432,CYRE4,2026-09-07,close,MISSING_VALUE,info,Valor ausente na extração
1431,1432,CYRE4,2026-09-07,adjusted_quantity,MISSING_VALUE,info,Valor ausente na extração
1431,1432,CYRE4,2026-09-07,open,MISSING_VALUE,info,Valor ausente na extração
1431,1432,CYRE4,2026-09-07,high,MISSING_VALUE,info,Valor ausente na extração
1431,1432,CYRE4,2026-09-07,low,MISSING_VALUE,info,Valor ausente na extração
1431,1432,CYRE4,2026-09-07,average,MISSING_VALUE,info,Valor ausente na extração
1431,1432,CYRE4,2026-09-07,raw_volume,MISSING_VALUE,info,Valor ausente na extração
1442,1443,DMVF3,2026-09-07,close,MISSING_VALUE,info,Valor ausente na extração
1442,1443,DMVF3,2026-09-07,adjusted_quantity,MISSING_VALUE,info,Valor ausente na extração
1442,1443,DMVF3,2026-09-07,open,MISSING_VALUE,info,Valor ausente na extração
1442,1443,DMVF3,2026-09-07,high,MISSING_VALUE,info,Valor ausente na extração
1442,1443,DMVF3,2026-09-07,low,MISSING_VALUE,info,Valor ausente na extração
1442,1443,DMVF3,2026-09-07,average,MISSING_VALUE,info,Valor ausente na extração
1442,1443,DMVF3,2026-09-07,raw_volume,MISSING_VALUE,info,Valor ausente na extração
1453,1454,DASA3,2026-09-07,close,MISSING_VALUE,info,Valor ausente na extração
1453,1454,DASA3,2026-09-07,adjusted_quantity,MISSING_VALUE,info,Valor ausente na extração
1453,1454,DASA3,2026-09-07,open,MISSING_VALUE,info,Valor ausente na extração
1453,1454,DASA3,2026-09-07,high,MISSING_VALUE,info,Valor ausente na extração
1453,1454,DASA3,2026-09-07,low,MISSING_VALUE,info,Valor ausente na extração
1453,1454,DASA3,2026-09-07,average,MISSING_VALUE,info,Valor ausente na extração
1453,1454,DASA3,2026-09-07,raw_volume,MISSING_VALUE,info,Valor ausente na extração
1464,1465,DESK3,2026-09-07,close,MISSING_VALUE,info,Valor ausente na extração
1464,1465,DESK3,2026-09-07,adjusted_quantity,MISSING_VALUE,info,Valor ausente na extração
1464,1465,DESK3,2026-09-07,open,MISSING_VALUE,info,Valor ausente na extração
1464,1465,DESK3,2026-09-07,high,MISSING_VALUE,info,Valor ausente na extração
1464,1465,DESK3,2026-09-07,low,MISSING_VALUE,info,Valor ausente na extração
1464,1465,DESK3,2026-09-07,average,MISSING_VALUE,info,Valor ausente na extração
1464,1465,DESK3,2026-09-07,raw_volume,MISSING_VALUE,info,Valor ausente na extração
1475,1476,DXCO3,2026-09-07,close,MISSING_VALUE,info,Valor ausente na extração
1475,1476,DXCO3,2026-09-07,adjusted_quantity,MISSING_VALUE,info,Valor ausente na extração
1475,1476,DXCO3,2026-09-07,open,MISSING_VALUE,info,Valor ausente na extração
1475,1476,DXCO3,2026-09-07,high,MISSING_VALUE,info,Valor ausente na extração
1475,1476,DXCO3,2026-09-07,low,MISSING_VALUE,info,Valor ausente na extração
1475,1476,DXCO3,2026-09-07,average,MISSING_VALUE,info,Valor ausente na extração
1475,1476,DXCO3,2026-09-07,raw_volume,MISSING_VALUE,info,Valor ausente na extração
1486,1487,DEXP3,2026-09-07,close,MISSING_VALUE,info,Valor ausente na extração
1486,1487,DEXP3,2026-09-07,adjusted_quantity,MISSING_VALUE,info,Valor ausente na extração
1486,1487,DEXP3,2026-09-07,open,MISSING_VALUE,info,Valor ausente na extração
1486,1487,DEXP3,2026-09-07,high,MISSING_VALUE,info,Valor ausente na extração
1486,1487,DEXP3,2026-09-07,low,MISSING_VALUE,info,Valor ausente na extração
1486,1487,DEXP3,2026-09-07,average,MISSING_VALUE,info,Valor ausente na extração
1486,1487,DEXP3,2026-09-07,raw_volume,MISSING_VALUE,info,Valor ausente na extração
1497,1498,DEXP4,2026-09-07,close,MISSING_VALUE,info,Valor ausente na extração
1497,1498,DEXP4,2026-09-07,adjusted_quantity,MISSING_VALUE,info,Valor ausente na extração
1497,1498,DEXP4,2026-09-07,open,MISSING_VALUE,info,Valor ausente na extração
1497,1498,DEXP4,2026-09-07,high,MISSING_VALUE,info,Valor ausente na extração
1497,1498,DEXP4,2026-09-07,low,MISSING_VALUE,info,Valor ausente na extração
1497,1498,DEXP4,2026-09-07,average,MISSING_VALUE,info,Valor ausente na extração
1497,1498,DEXP4,2026-09-07,raw_volume,MISSING_VALUE,info,Valor ausente na extração
1502,1503,DEXP4,2026-09-14,close,MISSING_VALUE,info,Valor ausente na extração
1502,1503,DEXP4,2026-09-14,adjusted_quantity,MISSING_VALUE,info,Valor ausente na extração
1502,1503,DEXP4,2026-09-14,open,MISSING_VALUE,info,Valor ausente na extração
1502,1503,DEXP4,2026-09-14,high,MISSING_VALUE,info,Valor ausente na extração
1502,1503,DEXP4,2026-09-14,low,MISSING_VALUE,info,Valor ausente na extração
1502,1503,DEXP4,2026-09-14,average,MISSING_VALUE,info,Valor ausente na extração
1502,1503,DEXP4,2026-09-14,raw_volume,MISSING_VALUE,info,Valor ausente na extração
1508,1509,PNVL3,2026-09-07,close,MISSING_VALUE,info,Valor ausente na extração
1508,1509,PNVL3,2026-09-07,adjusted_quantity,MISSING_VALUE,info,Valor ausente na extração
1508,1509,PNVL3,2026-09-07,open,MISSING_VALUE,info,Valor ausente na extração
1508,1509,PNVL3,2026-09-07,high,MISSING_VALUE,info,Valor ausente na extração
1508,1509,PNVL3,2026-09-07,low,MISSING_VALUE,info,Valor ausente na extração
1508,1509,PNVL3,2026-09-07,average,MISSING_VALUE,info,Valor ausente na extração
1508,1509,PNVL3,2026-09-07,raw_volume,MISSING_VALUE,info,Valor ausente na extração
1519,1520,DIRR3,2026-09-07,close,MISSING_VALUE,info,Valor ausente na extração
1519,1520,DIRR3,2026-09-07,adjusted_quantity,MISSING_VALUE,info,Valor ausente na extração
1519,1520,DIRR3,2026-09-07,open,MISSING_VALUE,info,Valor ausente na extração
1519,1520,DIRR3,2026-09-07,high,MISSING_VALUE,info,Valor ausente na extração
1519,1520,DIRR3,2026-09-07,low,MISSING_VALUE,info,Valor ausente na extração
1519,1520,DIRR3,2026-09-07,average,MISSING_VALUE,info,Valor ausente na extração
1519,1520,DIRR3,2026-09-07,raw_volume,MISSING_VALUE,info,Valor ausente na extração
1530,1531,DOHL3,2026-08-07,close,MISSING_VALUE,info,Valor ausente na extração
1530,1531,DOHL3,2026-08-07,adjusted_quantity,MISSING_VALUE,info,Valor ausente na extração
1530,1531,DOHL3,2026-08-07,open,MISSING_VALUE,info,Valor ausente na extração
1530,1531,DOHL3,2026-08-07,high,MISSING_VALUE,info,Valor ausente na extração
1530,1531,DOHL3,2026-08-07,low,MISSING_VALUE,info,Valor ausente na extração
1530,1531,DOHL3,2026-08-07,average,MISSING_VALUE,info,Valor ausente na extração
1530,1531,DOHL3,2026-08-07,raw_volume,MISSING_VALUE,info,Valor ausente na extração
1531,1532,DOHL3,2026-08-10,close,MISSING_VALUE,info,Valor ausente na extração
1531,1532,DOHL3,2026-08-10,adjusted_quantity,MISSING_VALUE,info,Valor ausente na extração
1531,1532,DOHL3,2026-08-10,open,MISSING_VALUE,info,Valor ausente na extração
1531,1532,DOHL3,2026-08-10,high,MISSING_VALUE,info,Valor ausente na extração
1531,1532,DOHL3,2026-08-10,low,MISSING_VALUE,info,Valor ausente na extração
1531,1532,DOHL3,2026-08-10,average,MISSING_VALUE,info,Valor ausente na extração
1531,1532,DOHL3,2026-08-10,raw_volume,MISSING_VALUE,info,Valor ausente na extração
1532,1533,DOHL3,2026-08-11,close,MISSING_VALUE,info,Valor ausente na extração
1532,1533,DOHL3,2026-08-11,adjusted_quantity,MISSING_VALUE,info,Valor ausente na extração
1532,1533,DOHL3,2026-08-11,open,MISSING_VALUE,info,Valor ausente na extração
1532,1533,DOHL3,2026-08-11,high,MISSING_VALUE,info,Valor ausente na extração
1532,1533,DOHL3,2026-08-11,low,MISSING_VALUE,info,Valor ausente na extração
1532,1533,DOHL3,2026-08-11,average,MISSING_VALUE,info,Valor ausente na extração
1532,1533,DOHL3,2026-08-11,raw_volume,MISSING_VALUE,info,Valor ausente na extração
1533,1534,DOHL3,2026-08-12,close,MISSING_VALUE,info,Valor ausente na extração
1533,1534,DOHL3,2026-08-12,adjusted_quantity,MISSING_VALUE,info,Valor ausente na extração
1533,1534,DOHL3,2026-08-12,open,MISSING_VALUE,info,Valor ausente na extração
1533,1534,DOHL3,2026-08-12,high,MISSING_VALUE,info,Valor ausente na extração
1533,1534,DOHL3,2026-08-12,low,MISSING_VALUE,info,Valor ausente na extração
1533,1534,DOHL3,2026-08-12,average,MISSING_VALUE,info,Valor ausente na extração
1533,1534,DOHL3,2026-08-12,raw_volume,MISSING_VALUE,info,Valor ausente na extração
1534,1535,DOHL3,2026-08-13,close,MISSING_VALUE,info,Valor ausente na extração
1534,1535,DOHL3,2026-08-13,adjusted_quantity,MISSING_VALUE,info,Valor ausente na extração
1534,1535,DOHL3,2026-08-13,open,MISSING_VALUE,info,Valor ausente na extração
1534,1535,DOHL3,2026-08-13,high,MISSING_VALUE,info,Valor ausente na extração
1534,1535,DOHL3,2026-08-13,low,MISSING_VALUE,info,Valor ausente na extração
1534,1535,DOHL3,2026-08-13,average,MISSING_VALUE,info,Valor ausente na extração
1534,1535,DOHL3,2026-08-13,raw_volume,MISSING_VALUE,info,Valor ausente na extração
1535,1536,DOHL3,2026-08-14,close,MISSING_VALUE,info,Valor ausente na extração
1535,1536,DOHL3,2026-08-14,adjusted_quantity,MISSING_VALUE,info,Valor ausente na extração
1535,1536,DOHL3,2026-08-14,open,MISSING_VALUE,info,Valor ausente na extração
1535,1536,DOHL3,2026-08-14,high,MISSING_VALUE,info,Valor ausente na extração
1535,1536,DOHL3,2026-08-14,low,MISSING_VALUE,info,Valor ausente na extração
1535,1536,DOHL3,2026-08-14,average,MISSING_VALUE,info,Valor ausente na extração
1535,1536,DOHL3,2026-08-14,raw_volume,MISSING_VALUE,info,Valor ausente na extração
1536,1537,DOHL3,2026-08-17,close,MISSING_VALUE,info,Valor ausente na extração
1536,1537,DOHL3,2026-08-17,adjusted_quantity,MISSING_VALUE,info,Valor ausente na extração
1536,1537,DOHL3,2026-08-17,open,MISSING_VALUE,info,Valor ausente na extração
1536,1537,DOHL3,2026-08-17,high,MISSING_VALUE,info,Valor ausente na extração
1536,1537,DOHL3,2026-08-17,low,MISSING_VALUE,info,Valor ausente na extração
1536,1537,DOHL3,2026-08-17,average,MISSING_VALUE,info,Valor ausente na extração
1536,1537,DOHL3,2026-08-17,raw_volume,MISSING_VALUE,info,Valor ausente na extração
1537,1538,DOHL3,2026-08-18,close,MISSING_VALUE,info,Valor ausente na extração
1537,1538,DOHL3,2026-08-18,adjusted_quantity,MISSING_VALUE,info,Valor ausente na extração
1537,1538,DOHL3,2026-08-18,open,MISSING_VALUE,info,Valor ausente na extração
1537,1538,DOHL3,2026-08-18,high,MISSING_VALUE,info,Valor ausente na extração
1537,1538,DOHL3,2026-08-18,low,MISSING_VALUE,info,Valor ausente na extração
1537,1538,DOHL3,2026-08-18,average,MISSING_VALUE,info,Valor ausente na extração
1537,1538,DOHL3,2026-08-18,raw_volume,MISSING_VALUE,info,Valor ausente na extração
1538,1539,DOHL3,2026-08-19,close,MISSING_VALUE,info,Valor ausente na extração
1538,1539,DOHL3,2026-08-19,adjusted_quantity,MISSING_VALUE,info,Valor ausente na extração
1538,1539,DOHL3,2026-08-19,open,MISSING_VALUE,info,Valor ausente na extração
1538,1539,DOHL3,2026-08-19,high,MISSING_VALUE,info,Valor ausente na extração
1538,1539,DOHL3,2026-08-19,low,MISSING_VALUE,info,Valor ausente na extração
1538,1539,DOHL3,2026-08-19,average,MISSING_VALUE,info,Valor ausente na extração
1538,1539,DOHL3,2026-08-19,raw_volume,MISSING_VALUE,info,Valor ausente na extração
1539,1540,DOHL3,2026-08-20,close,MISSING_VALUE,info,Valor ausente na extração
1539,1540,DOHL3,2026-08-20,adjusted_quantity,MISSING_VALUE,info,Valor ausente na extração
1539,1540,DOHL3,2026-08-20,open,MISSING_VALUE,info,Valor ausente na extração
1539,1540,DOHL3,2026-08-20,high,MISSING_VALUE,info,Valor ausente na extração
1539,1540,DOHL3,2026-08-20,low,MISSING_VALUE,info,Valor ausente na extração
1539,1540,DOHL3,2026-08-20,average,MISSING_VALUE,info,Valor ausente na extração
1539,1540,DOHL3,2026-08-20,raw_volume,MISSING_VALUE,info,Valor ausente na extração
1543,1544,DOHL4,2026-09-07,close,MISSING_VALUE,info,Valor ausente na extração
1543,1544,DOHL4,2026-09-07,adjusted_quantity,MISSING_VALUE,info,Valor ausente na extração
1543,1544,DOHL4,2026-09-07,open,MISSING_VALUE,info,Valor ausente na extração
1543,1544,DOHL4,2026-09-07,high,MISSING_VALUE,info,Valor ausente na extração
1543,1544,DOHL4,2026-09-07,low,MISSING_VALUE,info,Valor ausente na extração
1543,1544,DOHL4,2026-09-07,average,MISSING_VALUE,info,Valor ausente na extração
1543,1544,DOHL4,2026-09-07,raw_volume,MISSING_VALUE,info,Valor ausente na extração
1552,1553,DOTZ3,2026-09-07,close,MISSING_VALUE,info,Valor ausente na extração
1552,1553,DOTZ3,2026-09-07,adjusted_quantity,MISSING_VALUE,info,Valor ausente na extração
1552,1553,DOTZ3,2026-09-07,open,MISSING_VALUE,info,Valor ausente na extração
1552,1553,DOTZ3,2026-09-07,high,MISSING_VALUE,info,Valor ausente na extração
1552,1553,DOTZ3,2026-09-07,low,MISSING_VALUE,info,Valor ausente na extração
1552,1553,DOTZ3,2026-09-07,average,MISSING_VALUE,info,Valor ausente na extração
1552,1553,DOTZ3,2026-09-07,raw_volume,MISSING_VALUE,info,Valor ausente na extração
1564,1565,DTCY3,2026-09-02,close,MISSING_VALUE,info,Valor ausente na extração
1564,1565,DTCY3,2026-09-02,adjusted_quantity,MISSING_VALUE,info,Valor ausente na extração
1564,1565,DTCY3,2026-09-02,open,MISSING_VALUE,info,Valor ausente na extração
1564,1565,DTCY3,2026-09-02,high,MISSING_VALUE,info,Valor ausente na extração
1564,1565,DTCY3,2026-09-02,low,MISSING_VALUE,info,Valor ausente na extração
1564,1565,DTCY3,2026-09-02,average,MISSING_VALUE,info,Valor ausente na extração
1564,1565,DTCY3,2026-09-02,raw_volume,MISSING_VALUE,info,Valor ausente na extração
1565,1566,DTCY3,2026-09-03,close,MISSING_VALUE,info,Valor ausente na extração
1565,1566,DTCY3,2026-09-03,adjusted_quantity,MISSING_VALUE,info,Valor ausente na extração
1565,1566,DTCY3,2026-09-03,open,MISSING_VALUE,info,Valor ausente na extração
1565,1566,DTCY3,2026-09-03,high,MISSING_VALUE,info,Valor ausente na extração
1565,1566,DTCY3,2026-09-03,low,MISSING_VALUE,info,Valor ausente na extração
1565,1566,DTCY3,2026-09-03,average,MISSING_VALUE,info,Valor ausente na extração
1565,1566,DTCY3,2026-09-03,raw_volume,MISSING_VALUE,info,Valor ausente na extração
1566,1567,DTCY3,2026-09-04,close,MISSING_VALUE,info,Valor ausente na extração
1566,1567,DTCY3,2026-09-04,adjusted_quantity,MISSING_VALUE,info,Valor ausente na extração
1566,1567,DTCY3,2026-09-04,open,MISSING_VALUE,info,Valor ausente na extração
1566,1567,DTCY3,2026-09-04,high,MISSING_VALUE,info,Valor ausente na extração
1566,1567,DTCY3,2026-09-04,low,MISSING_VALUE,info,Valor ausente na extração
1566,1567,DTCY3,2026-09-04,average,MISSING_VALUE,info,Valor ausente na extração
1566,1567,DTCY3,2026-09-04,raw_volume,MISSING_VALUE,info,Valor ausente na extração
1567,1568,DTCY3,2026-09-07,close,MISSING_VALUE,info,Valor ausente na extração
1567,1568,DTCY3,2026-09-07,adjusted_quantity,MISSING_VALUE,info,Valor ausente na extração
1567,1568,DTCY3,2026-09-07,open,MISSING_VALUE,info,Valor ausente na extração
1567,1568,DTCY3,2026-09-07,high,MISSING_VALUE,info,Valor ausente na extração
1567,1568,DTCY3,2026-09-07,low,MISSING_VALUE,info,Valor ausente na extração
1567,1568,DTCY3,2026-09-07,average,MISSING_VALUE,info,Valor ausente na extração
1567,1568,DTCY3,2026-09-07,raw_volume,MISSING_VALUE,info,Valor ausente na extração
1568,1569,DTCY3,2026-09-08,close,MISSING_VALUE,info,Valor ausente na extração
1568,1569,DTCY3,2026-09-08,adjusted_quantity,MISSING_VALUE,info,Valor ausente na extração
1568,1569,DTCY3,2026-09-08,open,MISSING_VALUE,info,Valor ausente na extração
1568,1569,DTCY3,2026-09-08,high,MISSING_VALUE,info,Valor ausente na extração
1568,1569,DTCY3,2026-09-08,low,MISSING_VALUE,info,Valor ausente na extração
1568,1569,DTCY3,2026-09-08,average,MISSING_VALUE,info,Valor ausente na extração
1568,1569,DTCY3,2026-09-08,raw_volume,MISSING_VALUE,info,Valor ausente na extração
1569,1570,DTCY3,2026-09-09,close,MISSING_VALUE,info,Valor ausente na extração
1569,1570,DTCY3,2026-09-09,adjusted_quantity,MISSING_VALUE,info,Valor ausente na extração
1569,1570,DTCY3,2026-09-09,open,MISSING_VALUE,info,Valor ausente na extração
1569,1570,DTCY3,2026-09-09,high,MISSING_VALUE,info,Valor ausente na extração
1569,1570,DTCY3,2026-09-09,low,MISSING_VALUE,info,Valor ausente na extração
1569,1570,DTCY3,2026-09-09,average,MISSING_VALUE,info,Valor ausente na extração
1569,1570,DTCY3,2026-09-09,raw_volume,MISSING_VALUE,info,Valor ausente na extração
1574,1575,DTCY4,1920-01-02,close,MISSING_VALUE,info,Valor ausente na extração
1574,1575,DTCY4,1920-01-02,adjusted_quantity,MISSING_VALUE,info,Valor ausente na extração
1574,1575,DTCY4,1920-01-02,open,MISSING_VALUE,info,Valor ausente na extração
1574,1575,DTCY4,1920-01-02,high,MISSING_VALUE,info,Valor ausente na extração
1574,1575,DTCY4,1920-01-02,low,MISSING_VALUE,info,Valor ausente na extração
1574,1575,DTCY4,1920-01-02,average,MISSING_VALUE,info,Valor ausente na extração
1574,1575,DTCY4,1920-01-02,raw_volume,MISSING_VALUE,info,Valor ausente na extração
1575,1576,ECOM3,2026-09-07,close,MISSING_VALUE,info,Valor ausente na extração
1575,1576,ECOM3,2026-09-07,adjusted_quantity,MISSING_VALUE,info,Valor ausente na extração
1575,1576,ECOM3,2026-09-07,open,MISSING_VALUE,info,Valor ausente na extração
1575,1576,ECOM3,2026-09-07,high,MISSING_VALUE,info,Valor ausente na extração
1575,1576,ECOM3,2026-09-07,low,MISSING_VALUE,info,Valor ausente na extração
1575,1576,ECOM3,2026-09-07,average,MISSING_VALUE,info,Valor ausente na extração
1575,1576,ECOM3,2026-09-07,raw_volume,MISSING_VALUE,info,Valor ausente na extração
1586,1587,ECOR3,2026-09-07,close,MISSING_VALUE,info,Valor ausente na extração
1586,1587,ECOR3,2026-09-07,adjusted_quantity,MISSING_VALUE,info,Valor ausente na extração
1586,1587,ECOR3,2026-09-07,open,MISSING_VALUE,info,Valor ausente na extração
1586,1587,ECOR3,2026-09-07,high,MISSING_VALUE,info,Valor ausente na extração
1586,1587,ECOR3,2026-09-07,low,MISSING_VALUE,info,Valor ausente na extração
1586,1587,ECOR3,2026-09-07,average,MISSING_VALUE,info,Valor ausente na extração
1586,1587,ECOR3,2026-09-07,raw_volume,MISSING_VALUE,info,Valor ausente na extração
1597,1598,EKTR3,2026-03-30,close,MISSING_VALUE,info,Valor ausente na extração
1597,1598,EKTR3,2026-03-30,adjusted_quantity,MISSING_VALUE,info,Valor ausente na extração
1597,1598,EKTR3,2026-03-30,open,MISSING_VALUE,info,Valor ausente na extração
1597,1598,EKTR3,2026-03-30,high,MISSING_VALUE,info,Valor ausente na extração
1597,1598,EKTR3,2026-03-30,low,MISSING_VALUE,info,Valor ausente na extração
1597,1598,EKTR3,2026-03-30,average,MISSING_VALUE,info,Valor ausente na extração
1597,1598,EKTR3,2026-03-30,raw_volume,MISSING_VALUE,info,Valor ausente na extração
1598,1599,EKTR3,2026-03-31,close,MISSING_VALUE,info,Valor ausente na extração
1598,1599,EKTR3,2026-03-31,adjusted_quantity,MISSING_VALUE,info,Valor ausente na extração
1598,1599,EKTR3,2026-03-31,open,MISSING_VALUE,info,Valor ausente na extração
1598,1599,EKTR3,2026-03-31,high,MISSING_VALUE,info,Valor ausente na extração
1598,1599,EKTR3,2026-03-31,low,MISSING_VALUE,info,Valor ausente na extração
1598,1599,EKTR3,2026-03-31,average,MISSING_VALUE,info,Valor ausente na extração
1598,1599,EKTR3,2026-03-31,raw_volume,MISSING_VALUE,info,Valor ausente na extração
1599,1600,EKTR3,2026-04-01,close,MISSING_VALUE,info,Valor ausente na extração
1599,1600,EKTR3,2026-04-01,adjusted_quantity,MISSING_VALUE,info,Valor ausente na extração
1599,1600,EKTR3,2026-04-01,open,MISSING_VALUE,info,Valor ausente na extração
1599,1600,EKTR3,2026-04-01,high,MISSING_VALUE,info,Valor ausente na extração
1599,1600,EKTR3,2026-04-01,low,MISSING_VALUE,info,Valor ausente na extração
1599,1600,EKTR3,2026-04-01,average,MISSING_VALUE,info,Valor ausente na extração
1599,1600,EKTR3,2026-04-01,raw_volume,MISSING_VALUE,info,Valor ausente na extração
1601,1602,EKTR3,2026-04-03,close,MISSING_VALUE,info,Valor ausente na extração
1601,1602,EKTR3,2026-04-03,adjusted_quantity,MISSING_VALUE,info,Valor ausente na extração
1601,1602,EKTR3,2026-04-03,open,MISSING_VALUE,info,Valor ausente na extração
1601,1602,EKTR3,2026-04-03,high,MISSING_VALUE,info,Valor ausente na extração
1601,1602,EKTR3,2026-04-03,low,MISSING_VALUE,info,Valor ausente na extração
1601,1602,EKTR3,2026-04-03,average,MISSING_VALUE,info,Valor ausente na extração
1601,1602,EKTR3,2026-04-03,raw_volume,MISSING_VALUE,info,Valor ausente na extração
1602,1603,EKTR3,2026-04-06,close,MISSING_VALUE,info,Valor ausente na extração
1602,1603,EKTR3,2026-04-06,adjusted_quantity,MISSING_VALUE,info,Valor ausente na extração
1602,1603,EKTR3,2026-04-06,open,MISSING_VALUE,info,Valor ausente na extração
1602,1603,EKTR3,2026-04-06,high,MISSING_VALUE,info,Valor ausente na extração
1602,1603,EKTR3,2026-04-06,low,MISSING_VALUE,info,Valor ausente na extração
1602,1603,EKTR3,2026-04-06,average,MISSING_VALUE,info,Valor ausente na extração
1602,1603,EKTR3,2026-04-06,raw_volume,MISSING_VALUE,info,Valor ausente na extração
1603,1604,EKTR3,2026-04-07,close,MISSING_VALUE,info,Valor ausente na extração
1603,1604,EKTR3,2026-04-07,adjusted_quantity,MISSING_VALUE,info,Valor ausente na extração
1603,1604,EKTR3,2026-04-07,open,MISSING_VALUE,info,Valor ausente na extração
1603,1604,EKTR3,2026-04-07,high,MISSING_VALUE,info,Valor ausente na extração
1603,1604,EKTR3,2026-04-07,low,MISSING_VALUE,info,Valor ausente na extração
1603,1604,EKTR3,2026-04-07,average,MISSING_VALUE,info,Valor ausente na extração
1603,1604,EKTR3,2026-04-07,raw_volume,MISSING_VALUE,info,Valor ausente na extração
1604,1605,EKTR3,2026-04-08,close,MISSING_VALUE,info,Valor ausente na extração
1604,1605,EKTR3,2026-04-08,adjusted_quantity,MISSING_VALUE,info,Valor ausente na extração
1604,1605,EKTR3,2026-04-08,open,MISSING_VALUE,info,Valor ausente na extração
1604,1605,EKTR3,2026-04-08,high,MISSING_VALUE,info,Valor ausente na extração
1604,1605,EKTR3,2026-04-08,low,MISSING_VALUE,info,Valor ausente na extração
1604,1605,EKTR3,2026-04-08,average,MISSING_VALUE,info,Valor ausente na extração
1604,1605,EKTR3,2026-04-08,raw_volume,MISSING_VALUE,info,Valor ausente na extração
1609,1610,EKTR4,2026-09-07,close,MISSING_VALUE,info,Valor ausente na extração
1609,1610,EKTR4,2026-09-07,adjusted_quantity,MISSING_VALUE,info,Valor ausente na extração
1609,1610,EKTR4,2026-09-07,open,MISSING_VALUE,info,Valor ausente na extração
1609,1610,EKTR4,2026-09-07,high,MISSING_VALUE,info,Valor ausente na extração
1609,1610,EKTR4,2026-09-07,low,MISSING_VALUE,info,Valor ausente na extração
1609,1610,EKTR4,2026-09-07,average,MISSING_VALUE,info,Valor ausente na extração
1609,1610,EKTR4,2026-09-07,raw_volume,MISSING_VALUE,info,Valor ausente na extração
1610,1611,EKTR4,2026-09-08,close,MISSING_VALUE,info,Valor ausente na extração
1610,1611,EKTR4,2026-09-08,adjusted_quantity,MISSING_VALUE,info,Valor ausente na extração
1610,1611,EKTR4,2026-09-08,open,MISSING_VALUE,info,Valor ausente na extração
1610,1611,EKTR4,2026-09-08,high,MISSING_VALUE,info,Valor ausente na extração
1610,1611,EKTR4,2026-09-08,low,MISSING_VALUE,info,Valor ausente na extração
1610,1611,EKTR4,2026-09-08,average,MISSING_VALUE,info,Valor ausente na extração
1610,1611,EKTR4,2026-09-08,raw_volume,MISSING_VALUE,info,Valor ausente na extração
1611,1612,EKTR4,2026-09-09,close,MISSING_VALUE,info,Valor ausente na extração
1611,1612,EKTR4,2026-09-09,adjusted_quantity,MISSING_VALUE,info,Valor ausente na extração
1611,1612,EKTR4,2026-09-09,open,MISSING_VALUE,info,Valor ausente na extração
1611,1612,EKTR4,2026-09-09,high,MISSING_VALUE,info,Valor ausente na extração
1611,1612,EKTR4,2026-09-09,low,MISSING_VALUE,info,Valor ausente na extração
1611,1612,EKTR4,2026-09-09,average,MISSING_VALUE,info,Valor ausente na extração
1611,1612,EKTR4,2026-09-09,raw_volume,MISSING_VALUE,info,Valor ausente na extração
1612,1613,EKTR4,2026-09-10,close,MISSING_VALUE,info,Valor ausente na extração
1612,1613,EKTR4,2026-09-10,adjusted_quantity,MISSING_VALUE,info,Valor ausente na extração
1612,1613,EKTR4,2026-09-10,open,MISSING_VALUE,info,Valor ausente na extração
1612,1613,EKTR4,2026-09-10,high,MISSING_VALUE,info,Valor ausente na extração
1612,1613,EKTR4,2026-09-10,low,MISSING_VALUE,info,Valor ausente na extração
1612,1613,EKTR4,2026-09-10,average,MISSING_VALUE,info,Valor ausente na extração
1612,1613,EKTR4,2026-09-10,raw_volume,MISSING_VALUE,info,Valor ausente na extração
1619,1620,EMAE3,2025-08-04,close,MISSING_VALUE,info,Valor ausente na extração
1619,1620,EMAE3,2025-08-04,adjusted_quantity,MISSING_VALUE,info,Valor ausente na extração
1619,1620,EMAE3,2025-08-04,open,MISSING_VALUE,info,Valor ausente na extração
1619,1620,EMAE3,2025-08-04,high,MISSING_VALUE,info,Valor ausente na extração
1619,1620,EMAE3,2025-08-04,low,MISSING_VALUE,info,Valor ausente na extração
1619,1620,EMAE3,2025-08-04,average,MISSING_VALUE,info,Valor ausente na extração
1619,1620,EMAE3,2025-08-04,raw_volume,MISSING_VALUE,info,Valor ausente na extração
1620,1621,EMAE3,2025-08-05,close,MISSING_VALUE,info,Valor ausente na extração
1620,1621,EMAE3,2025-08-05,adjusted_quantity,MISSING_VALUE,info,Valor ausente na extração
1620,1621,EMAE3,2025-08-05,open,MISSING_VALUE,info,Valor ausente na extração
1620,1621,EMAE3,2025-08-05,high,MISSING_VALUE,info,Valor ausente na extração
1620,1621,EMAE3,2025-08-05,low,MISSING_VALUE,info,Valor ausente na extração
1620,1621,EMAE3,2025-08-05,average,MISSING_VALUE,info,Valor ausente na extração
1620,1621,EMAE3,2025-08-05,raw_volume,MISSING_VALUE,info,Valor ausente na extração
1621,1622,EMAE3,2025-08-06,close,MISSING_VALUE,info,Valor ausente na extração
1621,1622,EMAE3,2025-08-06,adjusted_quantity,MISSING_VALUE,info,Valor ausente na extração
1621,1622,EMAE3,2025-08-06,open,MISSING_VALUE,info,Valor ausente na extração
1621,1622,EMAE3,2025-08-06,high,MISSING_VALUE,info,Valor ausente na extração
1621,1622,EMAE3,2025-08-06,low,MISSING_VALUE,info,Valor ausente na extração
1621,1622,EMAE3,2025-08-06,average,MISSING_VALUE,info,Valor ausente na extração
1621,1622,EMAE3,2025-08-06,raw_volume,MISSING_VALUE,info,Valor ausente na extração
1622,1623,EMAE3,2025-08-07,close,MISSING_VALUE,info,Valor ausente na extração
1622,1623,EMAE3,2025-08-07,adjusted_quantity,MISSING_VALUE,info,Valor ausente na extração
1622,1623,EMAE3,2025-08-07,open,MISSING_VALUE,info,Valor ausente na extração
1622,1623,EMAE3,2025-08-07,high,MISSING_VALUE,info,Valor ausente na extração
1622,1623,EMAE3,2025-08-07,low,MISSING_VALUE,info,Valor ausente na extração
1622,1623,EMAE3,2025-08-07,average,MISSING_VALUE,info,Valor ausente na extração
1622,1623,EMAE3,2025-08-07,raw_volume,MISSING_VALUE,info,Valor ausente na extração
1623,1624,EMAE3,2025-08-08,close,MISSING_VALUE,info,Valor ausente na extração
1623,1624,EMAE3,2025-08-08,adjusted_quantity,MISSING_VALUE,info,Valor ausente na extração
1623,1624,EMAE3,2025-08-08,open,MISSING_VALUE,info,Valor ausente na extração
1623,1624,EMAE3,2025-08-08,high,MISSING_VALUE,info,Valor ausente na extração
1623,1624,EMAE3,2025-08-08,low,MISSING_VALUE,info,Valor ausente na extração
1623,1624,EMAE3,2025-08-08,average,MISSING_VALUE,info,Valor ausente na extração
1623,1624,EMAE3,2025-08-08,raw_volume,MISSING_VALUE,info,Valor ausente na extração
1624,1625,EMAE3,2025-08-11,close,MISSING_VALUE,info,Valor ausente na extração
1624,1625,EMAE3,2025-08-11,adjusted_quantity,MISSING_VALUE,info,Valor ausente na extração
1624,1625,EMAE3,2025-08-11,open,MISSING_VALUE,info,Valor ausente na extração
1624,1625,EMAE3,2025-08-11,high,MISSING_VALUE,info,Valor ausente na extração
1624,1625,EMAE3,2025-08-11,low,MISSING_VALUE,info,Valor ausente na extração
1624,1625,EMAE3,2025-08-11,average,MISSING_VALUE,info,Valor ausente na extração
1624,1625,EMAE3,2025-08-11,raw_volume,MISSING_VALUE,info,Valor ausente na extração
1625,1626,EMAE3,2025-08-12,close,MISSING_VALUE,info,Valor ausente na extração
1625,1626,EMAE3,2025-08-12,adjusted_quantity,MISSING_VALUE,info,Valor ausente na extração
1625,1626,EMAE3,2025-08-12,open,MISSING_VALUE,info,Valor ausente na extração
1625,1626,EMAE3,2025-08-12,high,MISSING_VALUE,info,Valor ausente na extração
1625,1626,EMAE3,2025-08-12,low,MISSING_VALUE,info,Valor ausente na extração
1625,1626,EMAE3,2025-08-12,average,MISSING_VALUE,info,Valor ausente na extração
1625,1626,EMAE3,2025-08-12,raw_volume,MISSING_VALUE,info,Valor ausente na extração
1626,1627,EMAE3,2025-08-13,close,MISSING_VALUE,info,Valor ausente na extração
1626,1627,EMAE3,2025-08-13,adjusted_quantity,MISSING_VALUE,info,Valor ausente na extração
1626,1627,EMAE3,2025-08-13,open,MISSING_VALUE,info,Valor ausente na extração
1626,1627,EMAE3,2025-08-13,high,MISSING_VALUE,info,Valor ausente na extração
1626,1627,EMAE3,2025-08-13,low,MISSING_VALUE,info,Valor ausente na extração
1626,1627,EMAE3,2025-08-13,average,MISSING_VALUE,info,Valor ausente na extração
1626,1627,EMAE3,2025-08-13,raw_volume,MISSING_VALUE,info,Valor ausente na extração
1627,1628,EMAE3,2025-08-14,close,MISSING_VALUE,info,Valor ausente na extração
1627,1628,EMAE3,2025-08-14,adjusted_quantity,MISSING_VALUE,info,Valor ausente na extração
1627,1628,EMAE3,2025-08-14,open,MISSING_VALUE,info,Valor ausente na extração
1627,1628,EMAE3,2025-08-14,high,MISSING_VALUE,info,Valor ausente na extração
1627,1628,EMAE3,2025-08-14,low,MISSING_VALUE,info,Valor ausente na extração
1627,1628,EMAE3,2025-08-14,average,MISSING_VALUE,info,Valor ausente na extração
1627,1628,EMAE3,2025-08-14,raw_volume,MISSING_VALUE,info,Valor ausente na extração
1628,1629,EMAE3,2025-08-15,close,MISSING_VALUE,info,Valor ausente na extração
1628,1629,EMAE3,2025-08-15,adjusted_quantity,MISSING_VALUE,info,Valor ausente na extração
1628,1629,EMAE3,2025-08-15,open,MISSING_VALUE,info,Valor ausente na extração
1628,1629,EMAE3,2025-08-15,high,MISSING_VALUE,info,Valor ausente na extração
1628,1629,EMAE3,2025-08-15,low,MISSING_VALUE,info,Valor ausente na extração
1628,1629,EMAE3,2025-08-15,average,MISSING_VALUE,info,Valor ausente na extração
1628,1629,EMAE3,2025-08-15,raw_volume,MISSING_VALUE,info,Valor ausente na extração
1630,1631,EMAE4,2026-09-07,close,MISSING_VALUE,info,Valor ausente na extração
1630,1631,EMAE4,2026-09-07,adjusted_quantity,MISSING_VALUE,info,Valor ausente na extração
1630,1631,EMAE4,2026-09-07,open,MISSING_VALUE,info,Valor ausente na extração
1630,1631,EMAE4,2026-09-07,high,MISSING_VALUE,info,Valor ausente na extração
1630,1631,EMAE4,2026-09-07,low,MISSING_VALUE,info,Valor ausente na extração
1630,1631,EMAE4,2026-09-07,average,MISSING_VALUE,info,Valor ausente na extração
1630,1631,EMAE4,2026-09-07,raw_volume,MISSING_VALUE,info,Valor ausente na extração
1635,1636,EMAE4,2026-09-14,close,MISSING_VALUE,info,Valor ausente na extração
1635,1636,EMAE4,2026-09-14,adjusted_quantity,MISSING_VALUE,info,Valor ausente na extração
1635,1636,EMAE4,2026-09-14,open,MISSING_VALUE,info,Valor ausente na extração
1635,1636,EMAE4,2026-09-14,high,MISSING_VALUE,info,Valor ausente na extração
1635,1636,EMAE4,2026-09-14,low,MISSING_VALUE,info,Valor ausente na extração
1635,1636,EMAE4,2026-09-14,average,MISSING_VALUE,info,Valor ausente na extração
1635,1636,EMAE4,2026-09-14,raw_volume,MISSING_VALUE,info,Valor ausente na extração
1641,1642,EPAR3,2026-09-07,close,MISSING_VALUE,info,Valor ausente na extração
1641,1642,EPAR3,2026-09-07,adjusted_quantity,MISSING_VALUE,info,Valor ausente na extração
1641,1642,EPAR3,2026-09-07,open,MISSING_VALUE,info,Valor ausente na extração
1641,1642,EPAR3,2026-09-07,high,MISSING_VALUE,info,Valor ausente na extração
1641,1642,EPAR3,2026-09-07,low,MISSING_VALUE,info,Valor ausente na extração
1641,1642,EPAR3,2026-09-07,average,MISSING_VALUE,info,Valor ausente na extração
1641,1642,EPAR3,2026-09-07,raw_volume,MISSING_VALUE,info,Valor ausente na extração
1649,1650,EPAR3,2026-09-17,average,OUTSIDE_DAILY_RANGE,warning,Valor fora do intervalo mínimo–máximo
1652,1653,EMBJ3,2026-09-07,close,MISSING_VALUE,info,Valor ausente na extração
1652,1653,EMBJ3,2026-09-07,adjusted_quantity,MISSING_VALUE,info,Valor ausente na extração
1652,1653,EMBJ3,2026-09-07,open,MISSING_VALUE,info,Valor ausente na extração
1652,1653,EMBJ3,2026-09-07,high,MISSING_VALUE,info,Valor ausente na extração
1652,1653,EMBJ3,2026-09-07,low,MISSING_VALUE,info,Valor ausente na extração
1652,1653,EMBJ3,2026-09-07,average,MISSING_VALUE,info,Valor ausente na extração
1652,1653,EMBJ3,2026-09-07,raw_volume,MISSING_VALUE,info,Valor ausente na extração
1663,1664,ENGI3,2026-09-07,close,MISSING_VALUE,info,Valor ausente na extração
1663,1664,ENGI3,2026-09-07,adjusted_quantity,MISSING_VALUE,info,Valor ausente na extração
1663,1664,ENGI3,2026-09-07,open,MISSING_VALUE,info,Valor ausente na extração
1663,1664,ENGI3,2026-09-07,high,MISSING_VALUE,info,Valor ausente na extração
1663,1664,ENGI3,2026-09-07,low,MISSING_VALUE,info,Valor ausente na extração
1663,1664,ENGI3,2026-09-07,average,MISSING_VALUE,info,Valor ausente na extração
1663,1664,ENGI3,2026-09-07,raw_volume,MISSING_VALUE,info,Valor ausente na extração
1667,1668,ENGI3,2026-09-11,average,OUTSIDE_DAILY_RANGE,warning,Valor fora do intervalo mínimo–máximo
1674,1675,ENGI4,2026-09-07,close,MISSING_VALUE,info,Valor ausente na extração
1674,1675,ENGI4,2026-09-07,adjusted_quantity,MISSING_VALUE,info,Valor ausente na extração
1674,1675,ENGI4,2026-09-07,open,MISSING_VALUE,info,Valor ausente na extração
1674,1675,ENGI4,2026-09-07,high,MISSING_VALUE,info,Valor ausente na extração
1674,1675,ENGI4,2026-09-07,low,MISSING_VALUE,info,Valor ausente na extração
1674,1675,ENGI4,2026-09-07,average,MISSING_VALUE,info,Valor ausente na extração
1674,1675,ENGI4,2026-09-07,raw_volume,MISSING_VALUE,info,Valor ausente na extração
1685,1686,ENGI11,2026-09-07,close,MISSING_VALUE,info,Valor ausente na extração
1685,1686,ENGI11,2026-09-07,adjusted_quantity,MISSING_VALUE,info,Valor ausente na extração
1685,1686,ENGI11,2026-09-07,open,MISSING_VALUE,info,Valor ausente na extração
1685,1686,ENGI11,2026-09-07,high,MISSING_VALUE,info,Valor ausente na extração
1685,1686,ENGI11,2026-09-07,low,MISSING_VALUE,info,Valor ausente na extração
1685,1686,ENGI11,2026-09-07,average,MISSING_VALUE,info,Valor ausente na extração
1685,1686,ENGI11,2026-09-07,raw_volume,MISSING_VALUE,info,Valor ausente na extração
1685,1686,ENGI11,2026-09-07,Ativo,INSTRUMENT_AMBIGUOUS,warning,Final 11 pode representar instrumentos distintos
1686,1687,ENGI11,2026-09-08,Ativo,INSTRUMENT_AMBIGUOUS,warning,Final 11 pode representar instrumentos distintos
1687,1688,ENGI11,2026-09-09,Ativo,INSTRUMENT_AMBIGUOUS,warning,Final 11 pode representar instrumentos distintos
1688,1689,ENGI11,2026-09-10,Ativo,INSTRUMENT_AMBIGUOUS,warning,Final 11 pode representar instrumentos distintos
1689,1690,ENGI11,2026-09-11,Ativo,INSTRUMENT_AMBIGUOUS,warning,Final 11 pode representar instrumentos distintos
1690,1691,ENGI11,2026-09-14,Ativo,INSTRUMENT_AMBIGUOUS,warning,Final 11 pode representar instrumentos distintos
1691,1692,ENGI11,2026-09-15,Ativo,INSTRUMENT_AMBIGUOUS,warning,Final 11 pode representar instrumentos distintos
1692,1693,ENGI11,2026-09-16,Ativo,INSTRUMENT_AMBIGUOUS,warning,Final 11 pode representar instrumentos distintos
1693,1694,ENGI11,2026-09-17,Ativo,INSTRUMENT_AMBIGUOUS,warning,Final 11 pode representar instrumentos distintos
1694,1695,ENGI11,2026-09-18,Ativo,INSTRUMENT_AMBIGUOUS,warning,Final 11 pode representar instrumentos distintos
1695,1696,ENGI11,2026-09-21,Ativo,INSTRUMENT_AMBIGUOUS,warning,Final 11 pode representar instrumentos distintos
1696,1697,ENMT3,2026-09-07,close,MISSING_VALUE,info,Valor ausente na extração
1696,1697,ENMT3,2026-09-07,adjusted_quantity,MISSING_VALUE,info,Valor ausente na extração
1696,1697,ENMT3,2026-09-07,open,MISSING_VALUE,info,Valor ausente na extração
1696,1697,ENMT3,2026-09-07,high,MISSING_VALUE,info,Valor ausente na extração
1696,1697,ENMT3,2026-09-07,low,MISSING_VALUE,info,Valor ausente na extração
1696,1697,ENMT3,2026-09-07,average,MISSING_VALUE,info,Valor ausente na extração
1696,1697,ENMT3,2026-09-07,raw_volume,MISSING_VALUE,info,Valor ausente na extração
1701,1702,ENMT3,2026-09-14,close,MISSING_VALUE,info,Valor ausente na extração
1701,1702,ENMT3,2026-09-14,adjusted_quantity,MISSING_VALUE,info,Valor ausente na extração
1701,1702,ENMT3,2026-09-14,open,MISSING_VALUE,info,Valor ausente na extração
1701,1702,ENMT3,2026-09-14,high,MISSING_VALUE,info,Valor ausente na extração
1701,1702,ENMT3,2026-09-14,low,MISSING_VALUE,info,Valor ausente na extração
1701,1702,ENMT3,2026-09-14,average,MISSING_VALUE,info,Valor ausente na extração
1701,1702,ENMT3,2026-09-14,raw_volume,MISSING_VALUE,info,Valor ausente na extração
1707,1708,ENMT4,2026-09-07,close,MISSING_VALUE,info,Valor ausente na extração
1707,1708,ENMT4,2026-09-07,adjusted_quantity,MISSING_VALUE,info,Valor ausente na extração
1707,1708,ENMT4,2026-09-07,open,MISSING_VALUE,info,Valor ausente na extração
1707,1708,ENMT4,2026-09-07,high,MISSING_VALUE,info,Valor ausente na extração
1707,1708,ENMT4,2026-09-07,low,MISSING_VALUE,info,Valor ausente na extração
1707,1708,ENMT4,2026-09-07,average,MISSING_VALUE,info,Valor ausente na extração
1707,1708,ENMT4,2026-09-07,raw_volume,MISSING_VALUE,info,Valor ausente na extração
1712,1713,ENMT4,2026-09-14,close,MISSING_VALUE,info,Valor ausente na extração
1712,1713,ENMT4,2026-09-14,adjusted_quantity,MISSING_VALUE,info,Valor ausente na extração
1712,1713,ENMT4,2026-09-14,open,MISSING_VALUE,info,Valor ausente na extração
1712,1713,ENMT4,2026-09-14,high,MISSING_VALUE,info,Valor ausente na extração
1712,1713,ENMT4,2026-09-14,low,MISSING_VALUE,info,Valor ausente na extração
1712,1713,ENMT4,2026-09-14,average,MISSING_VALUE,info,Valor ausente na extração
1712,1713,ENMT4,2026-09-14,raw_volume,MISSING_VALUE,info,Valor ausente na extração
1718,1719,ENEV3,2026-09-07,close,MISSING_VALUE,info,Valor ausente na extração
1718,1719,ENEV3,2026-09-07,adjusted_quantity,MISSING_VALUE,info,Valor ausente na extração
1718,1719,ENEV3,2026-09-07,open,MISSING_VALUE,info,Valor ausente na extração
1718,1719,ENEV3,2026-09-07,high,MISSING_VALUE,info,Valor ausente na extração
1718,1719,ENEV3,2026-09-07,low,MISSING_VALUE,info,Valor ausente na extração
1718,1719,ENEV3,2026-09-07,average,MISSING_VALUE,info,Valor ausente na extração
1718,1719,ENEV3,2026-09-07,raw_volume,MISSING_VALUE,info,Valor ausente na extração
1729,1730,EGIE3,2026-09-07,close,MISSING_VALUE,info,Valor ausente na extração
1729,1730,EGIE3,2026-09-07,adjusted_quantity,MISSING_VALUE,info,Valor ausente na extração
1729,1730,EGIE3,2026-09-07,open,MISSING_VALUE,info,Valor ausente na extração
1729,1730,EGIE3,2026-09-07,high,MISSING_VALUE,info,Valor ausente na extração
1729,1730,EGIE3,2026-09-07,low,MISSING_VALUE,info,Valor ausente na extração
1729,1730,EGIE3,2026-09-07,average,MISSING_VALUE,info,Valor ausente na extração
1729,1730,EGIE3,2026-09-07,raw_volume,MISSING_VALUE,info,Valor ausente na extração
1740,1741,ENJU3,2026-09-07,close,MISSING_VALUE,info,Valor ausente na extração
1740,1741,ENJU3,2026-09-07,adjusted_quantity,MISSING_VALUE,info,Valor ausente na extração
1740,1741,ENJU3,2026-09-07,open,MISSING_VALUE,info,Valor ausente na extração
1740,1741,ENJU3,2026-09-07,high,MISSING_VALUE,info,Valor ausente na extração
1740,1741,ENJU3,2026-09-07,low,MISSING_VALUE,info,Valor ausente na extração
1740,1741,ENJU3,2026-09-07,average,MISSING_VALUE,info,Valor ausente na extração
1740,1741,ENJU3,2026-09-07,raw_volume,MISSING_VALUE,info,Valor ausente na extração
1751,1752,EQMA3B,2026-09-03,close,MISSING_VALUE,info,Valor ausente na extração
1751,1752,EQMA3B,2026-09-03,adjusted_quantity,MISSING_VALUE,info,Valor ausente na extração
1751,1752,EQMA3B,2026-09-03,open,MISSING_VALUE,info,Valor ausente na extração
1751,1752,EQMA3B,2026-09-03,high,MISSING_VALUE,info,Valor ausente na extração
1751,1752,EQMA3B,2026-09-03,low,MISSING_VALUE,info,Valor ausente na extração
1751,1752,EQMA3B,2026-09-03,average,MISSING_VALUE,info,Valor ausente na extração
1751,1752,EQMA3B,2026-09-03,raw_volume,MISSING_VALUE,info,Valor ausente na extração
1751,1752,EQMA3B,2026-09-03,Ativo,INSTRUMENT_AMBIGUOUS,warning,Padrão do código insuficiente
1752,1753,EQMA3B,2026-09-04,close,MISSING_VALUE,info,Valor ausente na extração
1752,1753,EQMA3B,2026-09-04,adjusted_quantity,MISSING_VALUE,info,Valor ausente na extração
1752,1753,EQMA3B,2026-09-04,open,MISSING_VALUE,info,Valor ausente na extração
1752,1753,EQMA3B,2026-09-04,high,MISSING_VALUE,info,Valor ausente na extração
1752,1753,EQMA3B,2026-09-04,low,MISSING_VALUE,info,Valor ausente na extração
1752,1753,EQMA3B,2026-09-04,average,MISSING_VALUE,info,Valor ausente na extração
1752,1753,EQMA3B,2026-09-04,raw_volume,MISSING_VALUE,info,Valor ausente na extração
1752,1753,EQMA3B,2026-09-04,Ativo,INSTRUMENT_AMBIGUOUS,warning,Padrão do código insuficiente
1753,1754,EQMA3B,2026-09-07,close,MISSING_VALUE,info,Valor ausente na extração
1753,1754,EQMA3B,2026-09-07,adjusted_quantity,MISSING_VALUE,info,Valor ausente na extração
1753,1754,EQMA3B,2026-09-07,open,MISSING_VALUE,info,Valor ausente na extração
1753,1754,EQMA3B,2026-09-07,high,MISSING_VALUE,info,Valor ausente na extração
1753,1754,EQMA3B,2026-09-07,low,MISSING_VALUE,info,Valor ausente na extração
1753,1754,EQMA3B,2026-09-07,average,MISSING_VALUE,info,Valor ausente na extração
1753,1754,EQMA3B,2026-09-07,raw_volume,MISSING_VALUE,info,Valor ausente na extração
1753,1754,EQMA3B,2026-09-07,Ativo,INSTRUMENT_AMBIGUOUS,warning,Padrão do código insuficiente
1754,1755,EQMA3B,2026-09-08,Ativo,INSTRUMENT_AMBIGUOUS,warning,Padrão do código insuficiente
1755,1756,EQMA3B,2026-09-09,Ativo,INSTRUMENT_AMBIGUOUS,warning,Padrão do código insuficiente
1756,1757,EQMA3B,2026-09-10,Ativo,INSTRUMENT_AMBIGUOUS,warning,Padrão do código insuficiente
1757,1758,EQMA3B,2026-09-11,close,MISSING_VALUE,info,Valor ausente na extração
1757,1758,EQMA3B,2026-09-11,adjusted_quantity,MISSING_VALUE,info,Valor ausente na extração
1757,1758,EQMA3B,2026-09-11,open,MISSING_VALUE,info,Valor ausente na extração
1757,1758,EQMA3B,2026-09-11,high,MISSING_VALUE,info,Valor ausente na extração
1757,1758,EQMA3B,2026-09-11,low,MISSING_VALUE,info,Valor ausente na extração
1757,1758,EQMA3B,2026-09-11,average,MISSING_VALUE,info,Valor ausente na extração
1757,1758,EQMA3B,2026-09-11,raw_volume,MISSING_VALUE,info,Valor ausente na extração
1757,1758,EQMA3B,2026-09-11,Ativo,INSTRUMENT_AMBIGUOUS,warning,Padrão do código insuficiente
1758,1759,EQMA3B,2026-09-14,close,MISSING_VALUE,info,Valor ausente na extração
1758,1759,EQMA3B,2026-09-14,adjusted_quantity,MISSING_VALUE,info,Valor ausente na extração
1758,1759,EQMA3B,2026-09-14,open,MISSING_VALUE,info,Valor ausente na extração
1758,1759,EQMA3B,2026-09-14,high,MISSING_VALUE,info,Valor ausente na extração
1758,1759,EQMA3B,2026-09-14,low,MISSING_VALUE,info,Valor ausente na extração
1758,1759,EQMA3B,2026-09-14,average,MISSING_VALUE,info,Valor ausente na extração
1758,1759,EQMA3B,2026-09-14,raw_volume,MISSING_VALUE,info,Valor ausente na extração
1758,1759,EQMA3B,2026-09-14,Ativo,INSTRUMENT_AMBIGUOUS,warning,Padrão do código insuficiente
1759,1760,EQMA3B,2026-09-15,Ativo,INSTRUMENT_AMBIGUOUS,warning,Padrão do código insuficiente
1760,1761,EQMA3B,2026-09-16,close,MISSING_VALUE,info,Valor ausente na extração
1760,1761,EQMA3B,2026-09-16,adjusted_quantity,MISSING_VALUE,info,Valor ausente na extração
1760,1761,EQMA3B,2026-09-16,open,MISSING_VALUE,info,Valor ausente na extração
1760,1761,EQMA3B,2026-09-16,high,MISSING_VALUE,info,Valor ausente na extração
1760,1761,EQMA3B,2026-09-16,low,MISSING_VALUE,info,Valor ausente na extração
1760,1761,EQMA3B,2026-09-16,average,MISSING_VALUE,info,Valor ausente na extração
1760,1761,EQMA3B,2026-09-16,raw_volume,MISSING_VALUE,info,Valor ausente na extração
1760,1761,EQMA3B,2026-09-16,Ativo,INSTRUMENT_AMBIGUOUS,warning,Padrão do código insuficiente
1761,1762,EQMA3B,2026-09-17,Ativo,INSTRUMENT_AMBIGUOUS,warning,Padrão do código insuficiente
1762,1763,EQMA5B,2005-04-06,close,MISSING_VALUE,info,Valor ausente na extração
1762,1763,EQMA5B,2005-04-06,adjusted_quantity,MISSING_VALUE,info,Valor ausente na extração
1762,1763,EQMA5B,2005-04-06,open,MISSING_VALUE,info,Valor ausente na extração
1762,1763,EQMA5B,2005-04-06,high,MISSING_VALUE,info,Valor ausente na extração
1762,1763,EQMA5B,2005-04-06,low,MISSING_VALUE,info,Valor ausente na extração
1762,1763,EQMA5B,2005-04-06,average,MISSING_VALUE,info,Valor ausente na extração
1762,1763,EQMA5B,2005-04-06,raw_volume,MISSING_VALUE,info,Valor ausente na extração
1762,1763,EQMA5B,2005-04-06,Ativo,INSTRUMENT_AMBIGUOUS,warning,Padrão do código insuficiente
1763,1764,EQMA5B,2005-04-07,close,MISSING_VALUE,info,Valor ausente na extração
1763,1764,EQMA5B,2005-04-07,adjusted_quantity,MISSING_VALUE,info,Valor ausente na extração
1763,1764,EQMA5B,2005-04-07,open,MISSING_VALUE,info,Valor ausente na extração
1763,1764,EQMA5B,2005-04-07,high,MISSING_VALUE,info,Valor ausente na extração
1763,1764,EQMA5B,2005-04-07,low,MISSING_VALUE,info,Valor ausente na extração
1763,1764,EQMA5B,2005-04-07,average,MISSING_VALUE,info,Valor ausente na extração
1763,1764,EQMA5B,2005-04-07,raw_volume,MISSING_VALUE,info,Valor ausente na extração
1763,1764,EQMA5B,2005-04-07,Ativo,INSTRUMENT_AMBIGUOUS,warning,Padrão do código insuficiente
1764,1765,EQMA5B,2005-04-08,close,MISSING_VALUE,info,Valor ausente na extração
1764,1765,EQMA5B,2005-04-08,adjusted_quantity,MISSING_VALUE,info,Valor ausente na extração
1764,1765,EQMA5B,2005-04-08,open,MISSING_VALUE,info,Valor ausente na extração
1764,1765,EQMA5B,2005-04-08,high,MISSING_VALUE,info,Valor ausente na extração
1764,1765,EQMA5B,2005-04-08,low,MISSING_VALUE,info,Valor ausente na extração
1764,1765,EQMA5B,2005-04-08,average,MISSING_VALUE,info,Valor ausente na extração
1764,1765,EQMA5B,2005-04-08,raw_volume,MISSING_VALUE,info,Valor ausente na extração
1764,1765,EQMA5B,2005-04-08,Ativo,INSTRUMENT_AMBIGUOUS,warning,Padrão do código insuficiente
1765,1766,EQMA5B,2005-04-11,close,MISSING_VALUE,info,Valor ausente na extração
1765,1766,EQMA5B,2005-04-11,adjusted_quantity,MISSING_VALUE,info,Valor ausente na extração
1765,1766,EQMA5B,2005-04-11,open,MISSING_VALUE,info,Valor ausente na extração
1765,1766,EQMA5B,2005-04-11,high,MISSING_VALUE,info,Valor ausente na extração
1765,1766,EQMA5B,2005-04-11,low,MISSING_VALUE,info,Valor ausente na extração
1765,1766,EQMA5B,2005-04-11,average,MISSING_VALUE,info,Valor ausente na extração
1765,1766,EQMA5B,2005-04-11,raw_volume,MISSING_VALUE,info,Valor ausente na extração
1765,1766,EQMA5B,2005-04-11,Ativo,INSTRUMENT_AMBIGUOUS,warning,Padrão do código insuficiente
1766,1767,EQMA5B,2005-04-12,close,MISSING_VALUE,info,Valor ausente na extração
1766,1767,EQMA5B,2005-04-12,adjusted_quantity,MISSING_VALUE,info,Valor ausente na extração
1766,1767,EQMA5B,2005-04-12,open,MISSING_VALUE,info,Valor ausente na extração
1766,1767,EQMA5B,2005-04-12,high,MISSING_VALUE,info,Valor ausente na extração
1766,1767,EQMA5B,2005-04-12,low,MISSING_VALUE,info,Valor ausente na extração
1766,1767,EQMA5B,2005-04-12,average,MISSING_VALUE,info,Valor ausente na extração
1766,1767,EQMA5B,2005-04-12,raw_volume,MISSING_VALUE,info,Valor ausente na extração
1766,1767,EQMA5B,2005-04-12,Ativo,INSTRUMENT_AMBIGUOUS,warning,Padrão do código insuficiente
1767,1768,EQMA5B,2005-04-13,close,MISSING_VALUE,info,Valor ausente na extração
1767,1768,EQMA5B,2005-04-13,adjusted_quantity,MISSING_VALUE,info,Valor ausente na extração
1767,1768,EQMA5B,2005-04-13,open,MISSING_VALUE,info,Valor ausente na extração
1767,1768,EQMA5B,2005-04-13,high,MISSING_VALUE,info,Valor ausente na extração
1767,1768,EQMA5B,2005-04-13,low,MISSING_VALUE,info,Valor ausente na extração
1767,1768,EQMA5B,2005-04-13,average,MISSING_VALUE,info,Valor ausente na extração
1767,1768,EQMA5B,2005-04-13,raw_volume,MISSING_VALUE,info,Valor ausente na extração
1767,1768,EQMA5B,2005-04-13,Ativo,INSTRUMENT_AMBIGUOUS,warning,Padrão do código insuficiente
1768,1769,EQMA5B,2005-04-14,close,MISSING_VALUE,info,Valor ausente na extração
1768,1769,EQMA5B,2005-04-14,adjusted_quantity,MISSING_VALUE,info,Valor ausente na extração
1768,1769,EQMA5B,2005-04-14,open,MISSING_VALUE,info,Valor ausente na extração
1768,1769,EQMA5B,2005-04-14,high,MISSING_VALUE,info,Valor ausente na extração
1768,1769,EQMA5B,2005-04-14,low,MISSING_VALUE,info,Valor ausente na extração
1768,1769,EQMA5B,2005-04-14,average,MISSING_VALUE,info,Valor ausente na extração
1768,1769,EQMA5B,2005-04-14,raw_volume,MISSING_VALUE,info,Valor ausente na extração
1768,1769,EQMA5B,2005-04-14,Ativo,INSTRUMENT_AMBIGUOUS,warning,Padrão do código insuficiente
1769,1770,EQMA5B,2005-04-15,close,MISSING_VALUE,info,Valor ausente na extração
1769,1770,EQMA5B,2005-04-15,adjusted_quantity,MISSING_VALUE,info,Valor ausente na extração
1769,1770,EQMA5B,2005-04-15,open,MISSING_VALUE,info,Valor ausente na extração
1769,1770,EQMA5B,2005-04-15,high,MISSING_VALUE,info,Valor ausente na extração
1769,1770,EQMA5B,2005-04-15,low,MISSING_VALUE,info,Valor ausente na extração
1769,1770,EQMA5B,2005-04-15,average,MISSING_VALUE,info,Valor ausente na extração
1769,1770,EQMA5B,2005-04-15,raw_volume,MISSING_VALUE,info,Valor ausente na extração
1769,1770,EQMA5B,2005-04-15,Ativo,INSTRUMENT_AMBIGUOUS,warning,Padrão do código insuficiente
1770,1771,EQMA5B,2005-04-18,close,MISSING_VALUE,info,Valor ausente na extração
1770,1771,EQMA5B,2005-04-18,adjusted_quantity,MISSING_VALUE,info,Valor ausente na extração
1770,1771,EQMA5B,2005-04-18,open,MISSING_VALUE,info,Valor ausente na extração
1770,1771,EQMA5B,2005-04-18,high,MISSING_VALUE,info,Valor ausente na extração
1770,1771,EQMA5B,2005-04-18,low,MISSING_VALUE,info,Valor ausente na extração
1770,1771,EQMA5B,2005-04-18,average,MISSING_VALUE,info,Valor ausente na extração
1770,1771,EQMA5B,2005-04-18,raw_volume,MISSING_VALUE,info,Valor ausente na extração
1770,1771,EQMA5B,2005-04-18,Ativo,INSTRUMENT_AMBIGUOUS,warning,Padrão do código insuficiente
1771,1772,EQMA5B,2005-04-19,close,MISSING_VALUE,info,Valor ausente na extração
1771,1772,EQMA5B,2005-04-19,adjusted_quantity,MISSING_VALUE,info,Valor ausente na extração
1771,1772,EQMA5B,2005-04-19,open,MISSING_VALUE,info,Valor ausente na extração
1771,1772,EQMA5B,2005-04-19,high,MISSING_VALUE,info,Valor ausente na extração
1771,1772,EQMA5B,2005-04-19,low,MISSING_VALUE,info,Valor ausente na extração
1771,1772,EQMA5B,2005-04-19,average,MISSING_VALUE,info,Valor ausente na extração
1771,1772,EQMA5B,2005-04-19,raw_volume,MISSING_VALUE,info,Valor ausente na extração
1771,1772,EQMA5B,2005-04-19,Ativo,INSTRUMENT_AMBIGUOUS,warning,Padrão do código insuficiente
1772,1773,EQMA5B,2005-04-20,close,MISSING_VALUE,info,Valor ausente na extração
1772,1773,EQMA5B,2005-04-20,open,MISSING_VALUE,info,Valor ausente na extração
1772,1773,EQMA5B,2005-04-20,high,MISSING_VALUE,info,Valor ausente na extração
1772,1773,EQMA5B,2005-04-20,low,MISSING_VALUE,info,Valor ausente na extração
1772,1773,EQMA5B,2005-04-20,average,MISSING_VALUE,info,Valor ausente na extração
1772,1773,EQMA5B,2005-04-20,Ativo,INSTRUMENT_AMBIGUOUS,warning,Padrão do código insuficiente
1773,1774,EQMA6B,2006-09-19,close,MISSING_VALUE,info,Valor ausente na extração
1773,1774,EQMA6B,2006-09-19,adjusted_quantity,MISSING_VALUE,info,Valor ausente na extração
1773,1774,EQMA6B,2006-09-19,open,MISSING_VALUE,info,Valor ausente na extração
1773,1774,EQMA6B,2006-09-19,high,MISSING_VALUE,info,Valor ausente na extração
1773,1774,EQMA6B,2006-09-19,low,MISSING_VALUE,info,Valor ausente na extração
1773,1774,EQMA6B,2006-09-19,average,MISSING_VALUE,info,Valor ausente na extração
1773,1774,EQMA6B,2006-09-19,raw_volume,MISSING_VALUE,info,Valor ausente na extração
1773,1774,EQMA6B,2006-09-19,Ativo,INSTRUMENT_AMBIGUOUS,warning,Padrão do código insuficiente
1774,1775,EQMA6B,2006-09-20,close,MISSING_VALUE,info,Valor ausente na extração
1774,1775,EQMA6B,2006-09-20,adjusted_quantity,MISSING_VALUE,info,Valor ausente na extração
1774,1775,EQMA6B,2006-09-20,open,MISSING_VALUE,info,Valor ausente na extração
1774,1775,EQMA6B,2006-09-20,high,MISSING_VALUE,info,Valor ausente na extração
1774,1775,EQMA6B,2006-09-20,low,MISSING_VALUE,info,Valor ausente na extração
1774,1775,EQMA6B,2006-09-20,average,MISSING_VALUE,info,Valor ausente na extração
1774,1775,EQMA6B,2006-09-20,raw_volume,MISSING_VALUE,info,Valor ausente na extração
1774,1775,EQMA6B,2006-09-20,Ativo,INSTRUMENT_AMBIGUOUS,warning,Padrão do código insuficiente
1775,1776,EQMA6B,2006-09-21,close,MISSING_VALUE,info,Valor ausente na extração
1775,1776,EQMA6B,2006-09-21,adjusted_quantity,MISSING_VALUE,info,Valor ausente na extração
1775,1776,EQMA6B,2006-09-21,open,MISSING_VALUE,info,Valor ausente na extração
1775,1776,EQMA6B,2006-09-21,high,MISSING_VALUE,info,Valor ausente na extração
1775,1776,EQMA6B,2006-09-21,low,MISSING_VALUE,info,Valor ausente na extração
1775,1776,EQMA6B,2006-09-21,average,MISSING_VALUE,info,Valor ausente na extração
1775,1776,EQMA6B,2006-09-21,raw_volume,MISSING_VALUE,info,Valor ausente na extração
1775,1776,EQMA6B,2006-09-21,Ativo,INSTRUMENT_AMBIGUOUS,warning,Padrão do código insuficiente
1776,1777,EQMA6B,2006-09-22,close,MISSING_VALUE,info,Valor ausente na extração
1776,1777,EQMA6B,2006-09-22,adjusted_quantity,MISSING_VALUE,info,Valor ausente na extração
1776,1777,EQMA6B,2006-09-22,open,MISSING_VALUE,info,Valor ausente na extração
1776,1777,EQMA6B,2006-09-22,high,MISSING_VALUE,info,Valor ausente na extração
1776,1777,EQMA6B,2006-09-22,low,MISSING_VALUE,info,Valor ausente na extração
1776,1777,EQMA6B,2006-09-22,average,MISSING_VALUE,info,Valor ausente na extração
1776,1777,EQMA6B,2006-09-22,raw_volume,MISSING_VALUE,info,Valor ausente na extração
1776,1777,EQMA6B,2006-09-22,Ativo,INSTRUMENT_AMBIGUOUS,warning,Padrão do código insuficiente
1777,1778,EQMA6B,2006-09-25,close,MISSING_VALUE,info,Valor ausente na extração
1777,1778,EQMA6B,2006-09-25,adjusted_quantity,MISSING_VALUE,info,Valor ausente na extração
1777,1778,EQMA6B,2006-09-25,open,MISSING_VALUE,info,Valor ausente na extração
1777,1778,EQMA6B,2006-09-25,high,MISSING_VALUE,info,Valor ausente na extração
1777,1778,EQMA6B,2006-09-25,low,MISSING_VALUE,info,Valor ausente na extração
1777,1778,EQMA6B,2006-09-25,average,MISSING_VALUE,info,Valor ausente na extração
1777,1778,EQMA6B,2006-09-25,raw_volume,MISSING_VALUE,info,Valor ausente na extração
1777,1778,EQMA6B,2006-09-25,Ativo,INSTRUMENT_AMBIGUOUS,warning,Padrão do código insuficiente
1778,1779,EQMA6B,2006-09-26,close,MISSING_VALUE,info,Valor ausente na extração
1778,1779,EQMA6B,2006-09-26,adjusted_quantity,MISSING_VALUE,info,Valor ausente na extração
1778,1779,EQMA6B,2006-09-26,open,MISSING_VALUE,info,Valor ausente na extração
1778,1779,EQMA6B,2006-09-26,high,MISSING_VALUE,info,Valor ausente na extração
1778,1779,EQMA6B,2006-09-26,low,MISSING_VALUE,info,Valor ausente na extração
1778,1779,EQMA6B,2006-09-26,average,MISSING_VALUE,info,Valor ausente na extração
1778,1779,EQMA6B,2006-09-26,raw_volume,MISSING_VALUE,info,Valor ausente na extração
1778,1779,EQMA6B,2006-09-26,Ativo,INSTRUMENT_AMBIGUOUS,warning,Padrão do código insuficiente
1779,1780,EQMA6B,2006-09-27,close,MISSING_VALUE,info,Valor ausente na extração
1779,1780,EQMA6B,2006-09-27,adjusted_quantity,MISSING_VALUE,info,Valor ausente na extração
1779,1780,EQMA6B,2006-09-27,open,MISSING_VALUE,info,Valor ausente na extração
1779,1780,EQMA6B,2006-09-27,high,MISSING_VALUE,info,Valor ausente na extração
1779,1780,EQMA6B,2006-09-27,low,MISSING_VALUE,info,Valor ausente na extração
1779,1780,EQMA6B,2006-09-27,average,MISSING_VALUE,info,Valor ausente na extração
1779,1780,EQMA6B,2006-09-27,raw_volume,MISSING_VALUE,info,Valor ausente na extração
1779,1780,EQMA6B,2006-09-27,Ativo,INSTRUMENT_AMBIGUOUS,warning,Padrão do código insuficiente
1780,1781,EQMA6B,2006-09-28,close,MISSING_VALUE,info,Valor ausente na extração
1780,1781,EQMA6B,2006-09-28,adjusted_quantity,MISSING_VALUE,info,Valor ausente na extração
1780,1781,EQMA6B,2006-09-28,open,MISSING_VALUE,info,Valor ausente na extração
1780,1781,EQMA6B,2006-09-28,high,MISSING_VALUE,info,Valor ausente na extração
1780,1781,EQMA6B,2006-09-28,low,MISSING_VALUE,info,Valor ausente na extração
1780,1781,EQMA6B,2006-09-28,average,MISSING_VALUE,info,Valor ausente na extração
1780,1781,EQMA6B,2006-09-28,raw_volume,MISSING_VALUE,info,Valor ausente na extração
1780,1781,EQMA6B,2006-09-28,Ativo,INSTRUMENT_AMBIGUOUS,warning,Padrão do código insuficiente
1781,1782,EQMA6B,2006-09-29,close,MISSING_VALUE,info,Valor ausente na extração
1781,1782,EQMA6B,2006-09-29,adjusted_quantity,MISSING_VALUE,info,Valor ausente na extração
1781,1782,EQMA6B,2006-09-29,open,MISSING_VALUE,info,Valor ausente na extração
1781,1782,EQMA6B,2006-09-29,high,MISSING_VALUE,info,Valor ausente na extração
1781,1782,EQMA6B,2006-09-29,low,MISSING_VALUE,info,Valor ausente na extração
1781,1782,EQMA6B,2006-09-29,average,MISSING_VALUE,info,Valor ausente na extração
1781,1782,EQMA6B,2006-09-29,raw_volume,MISSING_VALUE,info,Valor ausente na extração
1781,1782,EQMA6B,2006-09-29,Ativo,INSTRUMENT_AMBIGUOUS,warning,Padrão do código insuficiente
1782,1783,EQMA6B,2006-10-02,close,MISSING_VALUE,info,Valor ausente na extração
1782,1783,EQMA6B,2006-10-02,open,MISSING_VALUE,info,Valor ausente na extração
1782,1783,EQMA6B,2006-10-02,high,MISSING_VALUE,info,Valor ausente na extração
1782,1783,EQMA6B,2006-10-02,low,MISSING_VALUE,info,Valor ausente na extração
1782,1783,EQMA6B,2006-10-02,average,MISSING_VALUE,info,Valor ausente na extração
1782,1783,EQMA6B,2006-10-02,Ativo,INSTRUMENT_AMBIGUOUS,warning,Padrão do código insuficiente
1783,1784,EQMA6B,2006-10-03,close,MISSING_VALUE,info,Valor ausente na extração
1783,1784,EQMA6B,2006-10-03,open,MISSING_VALUE,info,Valor ausente na extração
1783,1784,EQMA6B,2006-10-03,high,MISSING_VALUE,info,Valor ausente na extração
1783,1784,EQMA6B,2006-10-03,low,MISSING_VALUE,info,Valor ausente na extração
1783,1784,EQMA6B,2006-10-03,average,MISSING_VALUE,info,Valor ausente na extração
1783,1784,EQMA6B,2006-10-03,Ativo,INSTRUMENT_AMBIGUOUS,warning,Padrão do código insuficiente
1784,1785,EQPA3,2026-09-07,close,MISSING_VALUE,info,Valor ausente na extração
1784,1785,EQPA3,2026-09-07,adjusted_quantity,MISSING_VALUE,info,Valor ausente na extração
1784,1785,EQPA3,2026-09-07,open,MISSING_VALUE,info,Valor ausente na extração
1784,1785,EQPA3,2026-09-07,high,MISSING_VALUE,info,Valor ausente na extração
1784,1785,EQPA3,2026-09-07,low,MISSING_VALUE,info,Valor ausente na extração
1784,1785,EQPA3,2026-09-07,average,MISSING_VALUE,info,Valor ausente na extração
1784,1785,EQPA3,2026-09-07,raw_volume,MISSING_VALUE,info,Valor ausente na extração
1795,1796,EQPA5,2026-09-04,close,MISSING_VALUE,info,Valor ausente na extração
1795,1796,EQPA5,2026-09-04,adjusted_quantity,MISSING_VALUE,info,Valor ausente na extração
1795,1796,EQPA5,2026-09-04,open,MISSING_VALUE,info,Valor ausente na extração
1795,1796,EQPA5,2026-09-04,high,MISSING_VALUE,info,Valor ausente na extração
1795,1796,EQPA5,2026-09-04,low,MISSING_VALUE,info,Valor ausente na extração
1795,1796,EQPA5,2026-09-04,average,MISSING_VALUE,info,Valor ausente na extração
1795,1796,EQPA5,2026-09-04,raw_volume,MISSING_VALUE,info,Valor ausente na extração
1796,1797,EQPA5,2026-09-07,close,MISSING_VALUE,info,Valor ausente na extração
1796,1797,EQPA5,2026-09-07,adjusted_quantity,MISSING_VALUE,info,Valor ausente na extração
1796,1797,EQPA5,2026-09-07,open,MISSING_VALUE,info,Valor ausente na extração
1796,1797,EQPA5,2026-09-07,high,MISSING_VALUE,info,Valor ausente na extração
1796,1797,EQPA5,2026-09-07,low,MISSING_VALUE,info,Valor ausente na extração
1796,1797,EQPA5,2026-09-07,average,MISSING_VALUE,info,Valor ausente na extração
1796,1797,EQPA5,2026-09-07,raw_volume,MISSING_VALUE,info,Valor ausente na extração
1797,1798,EQPA5,2026-09-08,close,MISSING_VALUE,info,Valor ausente na extração
1797,1798,EQPA5,2026-09-08,adjusted_quantity,MISSING_VALUE,info,Valor ausente na extração
1797,1798,EQPA5,2026-09-08,open,MISSING_VALUE,info,Valor ausente na extração
1797,1798,EQPA5,2026-09-08,high,MISSING_VALUE,info,Valor ausente na extração
1797,1798,EQPA5,2026-09-08,low,MISSING_VALUE,info,Valor ausente na extração
1797,1798,EQPA5,2026-09-08,average,MISSING_VALUE,info,Valor ausente na extração
1797,1798,EQPA5,2026-09-08,raw_volume,MISSING_VALUE,info,Valor ausente na extração
1798,1799,EQPA5,2026-09-09,close,MISSING_VALUE,info,Valor ausente na extração
1798,1799,EQPA5,2026-09-09,adjusted_quantity,MISSING_VALUE,info,Valor ausente na extração
1798,1799,EQPA5,2026-09-09,open,MISSING_VALUE,info,Valor ausente na extração
1798,1799,EQPA5,2026-09-09,high,MISSING_VALUE,info,Valor ausente na extração
1798,1799,EQPA5,2026-09-09,low,MISSING_VALUE,info,Valor ausente na extração
1798,1799,EQPA5,2026-09-09,average,MISSING_VALUE,info,Valor ausente na extração
1798,1799,EQPA5,2026-09-09,raw_volume,MISSING_VALUE,info,Valor ausente na extração
1799,1800,EQPA5,2026-09-10,close,MISSING_VALUE,info,Valor ausente na extração
1799,1800,EQPA5,2026-09-10,adjusted_quantity,MISSING_VALUE,info,Valor ausente na extração
1799,1800,EQPA5,2026-09-10,open,MISSING_VALUE,info,Valor ausente na extração
1799,1800,EQPA5,2026-09-10,high,MISSING_VALUE,info,Valor ausente na extração
1799,1800,EQPA5,2026-09-10,low,MISSING_VALUE,info,Valor ausente na extração
1799,1800,EQPA5,2026-09-10,average,MISSING_VALUE,info,Valor ausente na extração
1799,1800,EQPA5,2026-09-10,raw_volume,MISSING_VALUE,info,Valor ausente na extração
1800,1801,EQPA5,2026-09-11,close,MISSING_VALUE,info,Valor ausente na extração
1800,1801,EQPA5,2026-09-11,adjusted_quantity,MISSING_VALUE,info,Valor ausente na extração
1800,1801,EQPA5,2026-09-11,open,MISSING_VALUE,info,Valor ausente na extração
1800,1801,EQPA5,2026-09-11,high,MISSING_VALUE,info,Valor ausente na extração
1800,1801,EQPA5,2026-09-11,low,MISSING_VALUE,info,Valor ausente na extração
1800,1801,EQPA5,2026-09-11,average,MISSING_VALUE,info,Valor ausente na extração
1800,1801,EQPA5,2026-09-11,raw_volume,MISSING_VALUE,info,Valor ausente na extração
1801,1802,EQPA5,2026-09-14,close,MISSING_VALUE,info,Valor ausente na extração
1801,1802,EQPA5,2026-09-14,adjusted_quantity,MISSING_VALUE,info,Valor ausente na extração
1801,1802,EQPA5,2026-09-14,open,MISSING_VALUE,info,Valor ausente na extração
1801,1802,EQPA5,2026-09-14,high,MISSING_VALUE,info,Valor ausente na extração
1801,1802,EQPA5,2026-09-14,low,MISSING_VALUE,info,Valor ausente na extração
1801,1802,EQPA5,2026-09-14,average,MISSING_VALUE,info,Valor ausente na extração
1801,1802,EQPA5,2026-09-14,raw_volume,MISSING_VALUE,info,Valor ausente na extração
1802,1803,EQPA5,2026-09-15,close,MISSING_VALUE,info,Valor ausente na extração
1802,1803,EQPA5,2026-09-15,adjusted_quantity,MISSING_VALUE,info,Valor ausente na extração
1802,1803,EQPA5,2026-09-15,open,MISSING_VALUE,info,Valor ausente na extração
1802,1803,EQPA5,2026-09-15,high,MISSING_VALUE,info,Valor ausente na extração
1802,1803,EQPA5,2026-09-15,low,MISSING_VALUE,info,Valor ausente na extração
1802,1803,EQPA5,2026-09-15,average,MISSING_VALUE,info,Valor ausente na extração
1802,1803,EQPA5,2026-09-15,raw_volume,MISSING_VALUE,info,Valor ausente na extração
1803,1804,EQPA5,2026-09-16,close,MISSING_VALUE,info,Valor ausente na extração
1803,1804,EQPA5,2026-09-16,adjusted_quantity,MISSING_VALUE,info,Valor ausente na extração
1803,1804,EQPA5,2026-09-16,open,MISSING_VALUE,info,Valor ausente na extração
1803,1804,EQPA5,2026-09-16,high,MISSING_VALUE,info,Valor ausente na extração
1803,1804,EQPA5,2026-09-16,low,MISSING_VALUE,info,Valor ausente na extração
1803,1804,EQPA5,2026-09-16,average,MISSING_VALUE,info,Valor ausente na extração
1803,1804,EQPA5,2026-09-16,raw_volume,MISSING_VALUE,info,Valor ausente na extração
1806,1807,EQPA6,2025-10-22,close,MISSING_VALUE,info,Valor ausente na extração
1806,1807,EQPA6,2025-10-22,adjusted_quantity,MISSING_VALUE,info,Valor ausente na extração
1806,1807,EQPA6,2025-10-22,open,MISSING_VALUE,info,Valor ausente na extração
1806,1807,EQPA6,2025-10-22,high,MISSING_VALUE,info,Valor ausente na extração
1806,1807,EQPA6,2025-10-22,low,MISSING_VALUE,info,Valor ausente na extração
1806,1807,EQPA6,2025-10-22,average,MISSING_VALUE,info,Valor ausente na extração
1806,1807,EQPA6,2025-10-22,raw_volume,MISSING_VALUE,info,Valor ausente na extração
1807,1808,EQPA6,2025-10-23,close,MISSING_VALUE,info,Valor ausente na extração
1807,1808,EQPA6,2025-10-23,adjusted_quantity,MISSING_VALUE,info,Valor ausente na extração
1807,1808,EQPA6,2025-10-23,open,MISSING_VALUE,info,Valor ausente na extração
1807,1808,EQPA6,2025-10-23,high,MISSING_VALUE,info,Valor ausente na extração
1807,1808,EQPA6,2025-10-23,low,MISSING_VALUE,info,Valor ausente na extração
1807,1808,EQPA6,2025-10-23,average,MISSING_VALUE,info,Valor ausente na extração
1807,1808,EQPA6,2025-10-23,raw_volume,MISSING_VALUE,info,Valor ausente na extração
1808,1809,EQPA6,2025-10-24,close,MISSING_VALUE,info,Valor ausente na extração
1808,1809,EQPA6,2025-10-24,adjusted_quantity,MISSING_VALUE,info,Valor ausente na extração
1808,1809,EQPA6,2025-10-24,open,MISSING_VALUE,info,Valor ausente na extração
1808,1809,EQPA6,2025-10-24,high,MISSING_VALUE,info,Valor ausente na extração
1808,1809,EQPA6,2025-10-24,low,MISSING_VALUE,info,Valor ausente na extração
1808,1809,EQPA6,2025-10-24,average,MISSING_VALUE,info,Valor ausente na extração
1808,1809,EQPA6,2025-10-24,raw_volume,MISSING_VALUE,info,Valor ausente na extração
1809,1810,EQPA6,2025-10-27,close,MISSING_VALUE,info,Valor ausente na extração
1809,1810,EQPA6,2025-10-27,adjusted_quantity,MISSING_VALUE,info,Valor ausente na extração
1809,1810,EQPA6,2025-10-27,open,MISSING_VALUE,info,Valor ausente na extração
1809,1810,EQPA6,2025-10-27,high,MISSING_VALUE,info,Valor ausente na extração
1809,1810,EQPA6,2025-10-27,low,MISSING_VALUE,info,Valor ausente na extração
1809,1810,EQPA6,2025-10-27,average,MISSING_VALUE,info,Valor ausente na extração
1809,1810,EQPA6,2025-10-27,raw_volume,MISSING_VALUE,info,Valor ausente na extração
1810,1811,EQPA6,2025-10-28,close,MISSING_VALUE,info,Valor ausente na extração
1810,1811,EQPA6,2025-10-28,adjusted_quantity,MISSING_VALUE,info,Valor ausente na extração
1810,1811,EQPA6,2025-10-28,open,MISSING_VALUE,info,Valor ausente na extração
1810,1811,EQPA6,2025-10-28,high,MISSING_VALUE,info,Valor ausente na extração
1810,1811,EQPA6,2025-10-28,low,MISSING_VALUE,info,Valor ausente na extração
1810,1811,EQPA6,2025-10-28,average,MISSING_VALUE,info,Valor ausente na extração
1810,1811,EQPA6,2025-10-28,raw_volume,MISSING_VALUE,info,Valor ausente na extração
1811,1812,EQPA6,2025-10-29,close,MISSING_VALUE,info,Valor ausente na extração
1811,1812,EQPA6,2025-10-29,adjusted_quantity,MISSING_VALUE,info,Valor ausente na extração
1811,1812,EQPA6,2025-10-29,open,MISSING_VALUE,info,Valor ausente na extração
1811,1812,EQPA6,2025-10-29,high,MISSING_VALUE,info,Valor ausente na extração
1811,1812,EQPA6,2025-10-29,low,MISSING_VALUE,info,Valor ausente na extração
1811,1812,EQPA6,2025-10-29,average,MISSING_VALUE,info,Valor ausente na extração
1811,1812,EQPA6,2025-10-29,raw_volume,MISSING_VALUE,info,Valor ausente na extração
1812,1813,EQPA6,2025-10-30,close,MISSING_VALUE,info,Valor ausente na extração
1812,1813,EQPA6,2025-10-30,adjusted_quantity,MISSING_VALUE,info,Valor ausente na extração
1812,1813,EQPA6,2025-10-30,open,MISSING_VALUE,info,Valor ausente na extração
1812,1813,EQPA6,2025-10-30,high,MISSING_VALUE,info,Valor ausente na extração
1812,1813,EQPA6,2025-10-30,low,MISSING_VALUE,info,Valor ausente na extração
1812,1813,EQPA6,2025-10-30,average,MISSING_VALUE,info,Valor ausente na extração
1812,1813,EQPA6,2025-10-30,raw_volume,MISSING_VALUE,info,Valor ausente na extração
1813,1814,EQPA6,2025-10-31,close,MISSING_VALUE,info,Valor ausente na extração
1813,1814,EQPA6,2025-10-31,adjusted_quantity,MISSING_VALUE,info,Valor ausente na extração
1813,1814,EQPA6,2025-10-31,open,MISSING_VALUE,info,Valor ausente na extração
1813,1814,EQPA6,2025-10-31,high,MISSING_VALUE,info,Valor ausente na extração
1813,1814,EQPA6,2025-10-31,low,MISSING_VALUE,info,Valor ausente na extração
1813,1814,EQPA6,2025-10-31,average,MISSING_VALUE,info,Valor ausente na extração
1813,1814,EQPA6,2025-10-31,raw_volume,MISSING_VALUE,info,Valor ausente na extração
1814,1815,EQPA6,2025-11-03,close,MISSING_VALUE,info,Valor ausente na extração
1814,1815,EQPA6,2025-11-03,adjusted_quantity,MISSING_VALUE,info,Valor ausente na extração
1814,1815,EQPA6,2025-11-03,open,MISSING_VALUE,info,Valor ausente na extração
1814,1815,EQPA6,2025-11-03,high,MISSING_VALUE,info,Valor ausente na extração
1814,1815,EQPA6,2025-11-03,low,MISSING_VALUE,info,Valor ausente na extração
1814,1815,EQPA6,2025-11-03,average,MISSING_VALUE,info,Valor ausente na extração
1814,1815,EQPA6,2025-11-03,raw_volume,MISSING_VALUE,info,Valor ausente na extração
1815,1816,EQPA6,2025-11-04,close,MISSING_VALUE,info,Valor ausente na extração
1815,1816,EQPA6,2025-11-04,adjusted_quantity,MISSING_VALUE,info,Valor ausente na extração
1815,1816,EQPA6,2025-11-04,open,MISSING_VALUE,info,Valor ausente na extração
1815,1816,EQPA6,2025-11-04,high,MISSING_VALUE,info,Valor ausente na extração
1815,1816,EQPA6,2025-11-04,low,MISSING_VALUE,info,Valor ausente na extração
1815,1816,EQPA6,2025-11-04,average,MISSING_VALUE,info,Valor ausente na extração
1815,1816,EQPA6,2025-11-04,raw_volume,MISSING_VALUE,info,Valor ausente na extração
1817,1818,EQPA7,2026-09-02,close,MISSING_VALUE,info,Valor ausente na extração
1817,1818,EQPA7,2026-09-02,adjusted_quantity,MISSING_VALUE,info,Valor ausente na extração
1817,1818,EQPA7,2026-09-02,open,MISSING_VALUE,info,Valor ausente na extração
1817,1818,EQPA7,2026-09-02,high,MISSING_VALUE,info,Valor ausente na extração
1817,1818,EQPA7,2026-09-02,low,MISSING_VALUE,info,Valor ausente na extração
1817,1818,EQPA7,2026-09-02,average,MISSING_VALUE,info,Valor ausente na extração
1817,1818,EQPA7,2026-09-02,raw_volume,MISSING_VALUE,info,Valor ausente na extração
1818,1819,EQPA7,2026-09-03,close,MISSING_VALUE,info,Valor ausente na extração
1818,1819,EQPA7,2026-09-03,adjusted_quantity,MISSING_VALUE,info,Valor ausente na extração
1818,1819,EQPA7,2026-09-03,open,MISSING_VALUE,info,Valor ausente na extração
1818,1819,EQPA7,2026-09-03,high,MISSING_VALUE,info,Valor ausente na extração
1818,1819,EQPA7,2026-09-03,low,MISSING_VALUE,info,Valor ausente na extração
1818,1819,EQPA7,2026-09-03,average,MISSING_VALUE,info,Valor ausente na extração
1818,1819,EQPA7,2026-09-03,raw_volume,MISSING_VALUE,info,Valor ausente na extração
1819,1820,EQPA7,2026-09-04,close,MISSING_VALUE,info,Valor ausente na extração
1819,1820,EQPA7,2026-09-04,adjusted_quantity,MISSING_VALUE,info,Valor ausente na extração
1819,1820,EQPA7,2026-09-04,open,MISSING_VALUE,info,Valor ausente na extração
1819,1820,EQPA7,2026-09-04,high,MISSING_VALUE,info,Valor ausente na extração
1819,1820,EQPA7,2026-09-04,low,MISSING_VALUE,info,Valor ausente na extração
1819,1820,EQPA7,2026-09-04,average,MISSING_VALUE,info,Valor ausente na extração
1819,1820,EQPA7,2026-09-04,raw_volume,MISSING_VALUE,info,Valor ausente na extração
1820,1821,EQPA7,2026-09-07,close,MISSING_VALUE,info,Valor ausente na extração
1820,1821,EQPA7,2026-09-07,adjusted_quantity,MISSING_VALUE,info,Valor ausente na extração
1820,1821,EQPA7,2026-09-07,open,MISSING_VALUE,info,Valor ausente na extração
1820,1821,EQPA7,2026-09-07,high,MISSING_VALUE,info,Valor ausente na extração
1820,1821,EQPA7,2026-09-07,low,MISSING_VALUE,info,Valor ausente na extração
1820,1821,EQPA7,2026-09-07,average,MISSING_VALUE,info,Valor ausente na extração
1820,1821,EQPA7,2026-09-07,raw_volume,MISSING_VALUE,info,Valor ausente na extração
1821,1822,EQPA7,2026-09-08,close,MISSING_VALUE,info,Valor ausente na extração
1821,1822,EQPA7,2026-09-08,adjusted_quantity,MISSING_VALUE,info,Valor ausente na extração
1821,1822,EQPA7,2026-09-08,open,MISSING_VALUE,info,Valor ausente na extração
1821,1822,EQPA7,2026-09-08,high,MISSING_VALUE,info,Valor ausente na extração
1821,1822,EQPA7,2026-09-08,low,MISSING_VALUE,info,Valor ausente na extração
1821,1822,EQPA7,2026-09-08,average,MISSING_VALUE,info,Valor ausente na extração
1821,1822,EQPA7,2026-09-08,raw_volume,MISSING_VALUE,info,Valor ausente na extração
1822,1823,EQPA7,2026-09-09,close,MISSING_VALUE,info,Valor ausente na extração
1822,1823,EQPA7,2026-09-09,adjusted_quantity,MISSING_VALUE,info,Valor ausente na extração
1822,1823,EQPA7,2026-09-09,open,MISSING_VALUE,info,Valor ausente na extração
1822,1823,EQPA7,2026-09-09,high,MISSING_VALUE,info,Valor ausente na extração
1822,1823,EQPA7,2026-09-09,low,MISSING_VALUE,info,Valor ausente na extração
1822,1823,EQPA7,2026-09-09,average,MISSING_VALUE,info,Valor ausente na extração
1822,1823,EQPA7,2026-09-09,raw_volume,MISSING_VALUE,info,Valor ausente na extração
1823,1824,EQPA7,2026-09-10,close,MISSING_VALUE,info,Valor ausente na extração
1823,1824,EQPA7,2026-09-10,adjusted_quantity,MISSING_VALUE,info,Valor ausente na extração
1823,1824,EQPA7,2026-09-10,open,MISSING_VALUE,info,Valor ausente na extração
1823,1824,EQPA7,2026-09-10,high,MISSING_VALUE,info,Valor ausente na extração
1823,1824,EQPA7,2026-09-10,low,MISSING_VALUE,info,Valor ausente na extração
1823,1824,EQPA7,2026-09-10,average,MISSING_VALUE,info,Valor ausente na extração
1823,1824,EQPA7,2026-09-10,raw_volume,MISSING_VALUE,info,Valor ausente na extração
1824,1825,EQPA7,2026-09-11,close,MISSING_VALUE,info,Valor ausente na extração
1824,1825,EQPA7,2026-09-11,adjusted_quantity,MISSING_VALUE,info,Valor ausente na extração
1824,1825,EQPA7,2026-09-11,open,MISSING_VALUE,info,Valor ausente na extração
1824,1825,EQPA7,2026-09-11,high,MISSING_VALUE,info,Valor ausente na extração
1824,1825,EQPA7,2026-09-11,low,MISSING_VALUE,info,Valor ausente na extração
1824,1825,EQPA7,2026-09-11,average,MISSING_VALUE,info,Valor ausente na extração
1824,1825,EQPA7,2026-09-11,raw_volume,MISSING_VALUE,info,Valor ausente na extração
1825,1826,EQPA7,2026-09-14,close,MISSING_VALUE,info,Valor ausente na extração
1825,1826,EQPA7,2026-09-14,adjusted_quantity,MISSING_VALUE,info,Valor ausente na extração
1825,1826,EQPA7,2026-09-14,open,MISSING_VALUE,info,Valor ausente na extração
1825,1826,EQPA7,2026-09-14,high,MISSING_VALUE,info,Valor ausente na extração
1825,1826,EQPA7,2026-09-14,low,MISSING_VALUE,info,Valor ausente na extração
1825,1826,EQPA7,2026-09-14,average,MISSING_VALUE,info,Valor ausente na extração
1825,1826,EQPA7,2026-09-14,raw_volume,MISSING_VALUE,info,Valor ausente na extração
1828,1829,EQTL3,2026-09-07,close,MISSING_VALUE,info,Valor ausente na extração
1828,1829,EQTL3,2026-09-07,adjusted_quantity,MISSING_VALUE,info,Valor ausente na extração
1828,1829,EQTL3,2026-09-07,open,MISSING_VALUE,info,Valor ausente na extração
1828,1829,EQTL3,2026-09-07,high,MISSING_VALUE,info,Valor ausente na extração
1828,1829,EQTL3,2026-09-07,low,MISSING_VALUE,info,Valor ausente na extração
1828,1829,EQTL3,2026-09-07,average,MISSING_VALUE,info,Valor ausente na extração
1828,1829,EQTL3,2026-09-07,raw_volume,MISSING_VALUE,info,Valor ausente na extração
1839,1840,ESPA3,2026-09-07,close,MISSING_VALUE,info,Valor ausente na extração
1839,1840,ESPA3,2026-09-07,adjusted_quantity,MISSING_VALUE,info,Valor ausente na extração
1839,1840,ESPA3,2026-09-07,open,MISSING_VALUE,info,Valor ausente na extração
1839,1840,ESPA3,2026-09-07,high,MISSING_VALUE,info,Valor ausente na extração
1839,1840,ESPA3,2026-09-07,low,MISSING_VALUE,info,Valor ausente na extração
1839,1840,ESPA3,2026-09-07,average,MISSING_VALUE,info,Valor ausente na extração
1839,1840,ESPA3,2026-09-07,raw_volume,MISSING_VALUE,info,Valor ausente na extração
1850,1851,ALPK3,2026-09-07,close,MISSING_VALUE,info,Valor ausente na extração
1850,1851,ALPK3,2026-09-07,adjusted_quantity,MISSING_VALUE,info,Valor ausente na extração
1850,1851,ALPK3,2026-09-07,open,MISSING_VALUE,info,Valor ausente na extração
1850,1851,ALPK3,2026-09-07,high,MISSING_VALUE,info,Valor ausente na extração
1850,1851,ALPK3,2026-09-07,low,MISSING_VALUE,info,Valor ausente na extração
1850,1851,ALPK3,2026-09-07,average,MISSING_VALUE,info,Valor ausente na extração
1850,1851,ALPK3,2026-09-07,raw_volume,MISSING_VALUE,info,Valor ausente na extração
1861,1862,ESTR3,2026-03-09,close,MISSING_VALUE,info,Valor ausente na extração
1861,1862,ESTR3,2026-03-09,adjusted_quantity,MISSING_VALUE,info,Valor ausente na extração
1861,1862,ESTR3,2026-03-09,open,MISSING_VALUE,info,Valor ausente na extração
1861,1862,ESTR3,2026-03-09,high,MISSING_VALUE,info,Valor ausente na extração
1861,1862,ESTR3,2026-03-09,low,MISSING_VALUE,info,Valor ausente na extração
1861,1862,ESTR3,2026-03-09,average,MISSING_VALUE,info,Valor ausente na extração
1861,1862,ESTR3,2026-03-09,raw_volume,MISSING_VALUE,info,Valor ausente na extração
1862,1863,ESTR3,2026-03-10,close,MISSING_VALUE,info,Valor ausente na extração
1862,1863,ESTR3,2026-03-10,adjusted_quantity,MISSING_VALUE,info,Valor ausente na extração
1862,1863,ESTR3,2026-03-10,open,MISSING_VALUE,info,Valor ausente na extração
1862,1863,ESTR3,2026-03-10,high,MISSING_VALUE,info,Valor ausente na extração
1862,1863,ESTR3,2026-03-10,low,MISSING_VALUE,info,Valor ausente na extração
1862,1863,ESTR3,2026-03-10,average,MISSING_VALUE,info,Valor ausente na extração
1862,1863,ESTR3,2026-03-10,raw_volume,MISSING_VALUE,info,Valor ausente na extração
1863,1864,ESTR3,2026-03-11,close,MISSING_VALUE,info,Valor ausente na extração
1863,1864,ESTR3,2026-03-11,adjusted_quantity,MISSING_VALUE,info,Valor ausente na extração
1863,1864,ESTR3,2026-03-11,open,MISSING_VALUE,info,Valor ausente na extração
1863,1864,ESTR3,2026-03-11,high,MISSING_VALUE,info,Valor ausente na extração
1863,1864,ESTR3,2026-03-11,low,MISSING_VALUE,info,Valor ausente na extração
1863,1864,ESTR3,2026-03-11,average,MISSING_VALUE,info,Valor ausente na extração
1863,1864,ESTR3,2026-03-11,raw_volume,MISSING_VALUE,info,Valor ausente na extração
1864,1865,ESTR3,2026-03-12,close,MISSING_VALUE,info,Valor ausente na extração
1864,1865,ESTR3,2026-03-12,adjusted_quantity,MISSING_VALUE,info,Valor ausente na extração
1864,1865,ESTR3,2026-03-12,open,MISSING_VALUE,info,Valor ausente na extração
1864,1865,ESTR3,2026-03-12,high,MISSING_VALUE,info,Valor ausente na extração
1864,1865,ESTR3,2026-03-12,low,MISSING_VALUE,info,Valor ausente na extração
1864,1865,ESTR3,2026-03-12,average,MISSING_VALUE,info,Valor ausente na extração
1864,1865,ESTR3,2026-03-12,raw_volume,MISSING_VALUE,info,Valor ausente na extração
1865,1866,ESTR3,2026-03-13,close,MISSING_VALUE,info,Valor ausente na extração
1865,1866,ESTR3,2026-03-13,adjusted_quantity,MISSING_VALUE,info,Valor ausente na extração
1865,1866,ESTR3,2026-03-13,open,MISSING_VALUE,info,Valor ausente na extração
1865,1866,ESTR3,2026-03-13,high,MISSING_VALUE,info,Valor ausente na extração
1865,1866,ESTR3,2026-03-13,low,MISSING_VALUE,info,Valor ausente na extração
1865,1866,ESTR3,2026-03-13,average,MISSING_VALUE,info,Valor ausente na extração
1865,1866,ESTR3,2026-03-13,raw_volume,MISSING_VALUE,info,Valor ausente na extração
1866,1867,ESTR3,2026-03-16,close,MISSING_VALUE,info,Valor ausente na extração
1866,1867,ESTR3,2026-03-16,adjusted_quantity,MISSING_VALUE,info,Valor ausente na extração
1866,1867,ESTR3,2026-03-16,open,MISSING_VALUE,info,Valor ausente na extração
1866,1867,ESTR3,2026-03-16,high,MISSING_VALUE,info,Valor ausente na extração
1866,1867,ESTR3,2026-03-16,low,MISSING_VALUE,info,Valor ausente na extração
1866,1867,ESTR3,2026-03-16,average,MISSING_VALUE,info,Valor ausente na extração
1866,1867,ESTR3,2026-03-16,raw_volume,MISSING_VALUE,info,Valor ausente na extração
1867,1868,ESTR3,2026-03-17,close,MISSING_VALUE,info,Valor ausente na extração
1867,1868,ESTR3,2026-03-17,adjusted_quantity,MISSING_VALUE,info,Valor ausente na extração
1867,1868,ESTR3,2026-03-17,open,MISSING_VALUE,info,Valor ausente na extração
1867,1868,ESTR3,2026-03-17,high,MISSING_VALUE,info,Valor ausente na extração
1867,1868,ESTR3,2026-03-17,low,MISSING_VALUE,info,Valor ausente na extração
1867,1868,ESTR3,2026-03-17,average,MISSING_VALUE,info,Valor ausente na extração
1867,1868,ESTR3,2026-03-17,raw_volume,MISSING_VALUE,info,Valor ausente na extração
1868,1869,ESTR3,2026-03-18,close,MISSING_VALUE,info,Valor ausente na extração
1868,1869,ESTR3,2026-03-18,adjusted_quantity,MISSING_VALUE,info,Valor ausente na extração
1868,1869,ESTR3,2026-03-18,open,MISSING_VALUE,info,Valor ausente na extração
1868,1869,ESTR3,2026-03-18,high,MISSING_VALUE,info,Valor ausente na extração
1868,1869,ESTR3,2026-03-18,low,MISSING_VALUE,info,Valor ausente na extração
1868,1869,ESTR3,2026-03-18,average,MISSING_VALUE,info,Valor ausente na extração
1868,1869,ESTR3,2026-03-18,raw_volume,MISSING_VALUE,info,Valor ausente na extração
1869,1870,ESTR3,2026-03-19,close,MISSING_VALUE,info,Valor ausente na extração
1869,1870,ESTR3,2026-03-19,adjusted_quantity,MISSING_VALUE,info,Valor ausente na extração
1869,1870,ESTR3,2026-03-19,open,MISSING_VALUE,info,Valor ausente na extração
1869,1870,ESTR3,2026-03-19,high,MISSING_VALUE,info,Valor ausente na extração
1869,1870,ESTR3,2026-03-19,low,MISSING_VALUE,info,Valor ausente na extração
1869,1870,ESTR3,2026-03-19,average,MISSING_VALUE,info,Valor ausente na extração
1869,1870,ESTR3,2026-03-19,raw_volume,MISSING_VALUE,info,Valor ausente na extração
1870,1871,ESTR3,2026-03-20,close,MISSING_VALUE,info,Valor ausente na extração
1870,1871,ESTR3,2026-03-20,adjusted_quantity,MISSING_VALUE,info,Valor ausente na extração
1870,1871,ESTR3,2026-03-20,open,MISSING_VALUE,info,Valor ausente na extração
1870,1871,ESTR3,2026-03-20,high,MISSING_VALUE,info,Valor ausente na extração
1870,1871,ESTR3,2026-03-20,low,MISSING_VALUE,info,Valor ausente na extração
1870,1871,ESTR3,2026-03-20,average,MISSING_VALUE,info,Valor ausente na extração
1870,1871,ESTR3,2026-03-20,raw_volume,MISSING_VALUE,info,Valor ausente na extração
1872,1873,ESTR4,2026-09-07,close,MISSING_VALUE,info,Valor ausente na extração
1872,1873,ESTR4,2026-09-07,adjusted_quantity,MISSING_VALUE,info,Valor ausente na extração
1872,1873,ESTR4,2026-09-07,open,MISSING_VALUE,info,Valor ausente na extração
1872,1873,ESTR4,2026-09-07,high,MISSING_VALUE,info,Valor ausente na extração
1872,1873,ESTR4,2026-09-07,low,MISSING_VALUE,info,Valor ausente na extração
1872,1873,ESTR4,2026-09-07,average,MISSING_VALUE,info,Valor ausente na extração
1872,1873,ESTR4,2026-09-07,raw_volume,MISSING_VALUE,info,Valor ausente na extração
1883,1884,ETER3,2026-09-07,close,MISSING_VALUE,info,Valor ausente na extração
1883,1884,ETER3,2026-09-07,adjusted_quantity,MISSING_VALUE,info,Valor ausente na extração
1883,1884,ETER3,2026-09-07,open,MISSING_VALUE,info,Valor ausente na extração
1883,1884,ETER3,2026-09-07,high,MISSING_VALUE,info,Valor ausente na extração
1883,1884,ETER3,2026-09-07,low,MISSING_VALUE,info,Valor ausente na extração
1883,1884,ETER3,2026-09-07,average,MISSING_VALUE,info,Valor ausente na extração
1883,1884,ETER3,2026-09-07,raw_volume,MISSING_VALUE,info,Valor ausente na extração
1894,1895,EUCA3,2026-09-07,close,MISSING_VALUE,info,Valor ausente na extração
1894,1895,EUCA3,2026-09-07,adjusted_quantity,MISSING_VALUE,info,Valor ausente na extração
1894,1895,EUCA3,2026-09-07,open,MISSING_VALUE,info,Valor ausente na extração
1894,1895,EUCA3,2026-09-07,high,MISSING_VALUE,info,Valor ausente na extração
1894,1895,EUCA3,2026-09-07,low,MISSING_VALUE,info,Valor ausente na extração
1894,1895,EUCA3,2026-09-07,average,MISSING_VALUE,info,Valor ausente na extração
1894,1895,EUCA3,2026-09-07,raw_volume,MISSING_VALUE,info,Valor ausente na extração
1898,1899,EUCA3,2026-09-11,close,MISSING_VALUE,info,Valor ausente na extração
1898,1899,EUCA3,2026-09-11,adjusted_quantity,MISSING_VALUE,info,Valor ausente na extração
1898,1899,EUCA3,2026-09-11,open,MISSING_VALUE,info,Valor ausente na extração
1898,1899,EUCA3,2026-09-11,high,MISSING_VALUE,info,Valor ausente na extração
1898,1899,EUCA3,2026-09-11,low,MISSING_VALUE,info,Valor ausente na extração
1898,1899,EUCA3,2026-09-11,average,MISSING_VALUE,info,Valor ausente na extração
1898,1899,EUCA3,2026-09-11,raw_volume,MISSING_VALUE,info,Valor ausente na extração
1899,1900,EUCA3,2026-09-14,close,MISSING_VALUE,info,Valor ausente na extração
1899,1900,EUCA3,2026-09-14,adjusted_quantity,MISSING_VALUE,info,Valor ausente na extração
1899,1900,EUCA3,2026-09-14,open,MISSING_VALUE,info,Valor ausente na extração
1899,1900,EUCA3,2026-09-14,high,MISSING_VALUE,info,Valor ausente na extração
1899,1900,EUCA3,2026-09-14,low,MISSING_VALUE,info,Valor ausente na extração
1899,1900,EUCA3,2026-09-14,average,MISSING_VALUE,info,Valor ausente na extração
1899,1900,EUCA3,2026-09-14,raw_volume,MISSING_VALUE,info,Valor ausente na extração
1900,1901,EUCA3,2026-09-15,close,MISSING_VALUE,info,Valor ausente na extração
1900,1901,EUCA3,2026-09-15,adjusted_quantity,MISSING_VALUE,info,Valor ausente na extração
1900,1901,EUCA3,2026-09-15,open,MISSING_VALUE,info,Valor ausente na extração
1900,1901,EUCA3,2026-09-15,high,MISSING_VALUE,info,Valor ausente na extração
1900,1901,EUCA3,2026-09-15,low,MISSING_VALUE,info,Valor ausente na extração
1900,1901,EUCA3,2026-09-15,average,MISSING_VALUE,info,Valor ausente na extração
1900,1901,EUCA3,2026-09-15,raw_volume,MISSING_VALUE,info,Valor ausente na extração
1901,1902,EUCA3,2026-09-16,close,MISSING_VALUE,info,Valor ausente na extração
1901,1902,EUCA3,2026-09-16,adjusted_quantity,MISSING_VALUE,info,Valor ausente na extração
1901,1902,EUCA3,2026-09-16,open,MISSING_VALUE,info,Valor ausente na extração
1901,1902,EUCA3,2026-09-16,high,MISSING_VALUE,info,Valor ausente na extração
1901,1902,EUCA3,2026-09-16,low,MISSING_VALUE,info,Valor ausente na extração
1901,1902,EUCA3,2026-09-16,average,MISSING_VALUE,info,Valor ausente na extração
1901,1902,EUCA3,2026-09-16,raw_volume,MISSING_VALUE,info,Valor ausente na extração
1905,1906,EUCA4,2026-09-07,close,MISSING_VALUE,info,Valor ausente na extração
1905,1906,EUCA4,2026-09-07,adjusted_quantity,MISSING_VALUE,info,Valor ausente na extração
1905,1906,EUCA4,2026-09-07,open,MISSING_VALUE,info,Valor ausente na extração
1905,1906,EUCA4,2026-09-07,high,MISSING_VALUE,info,Valor ausente na extração
1905,1906,EUCA4,2026-09-07,low,MISSING_VALUE,info,Valor ausente na extração
1905,1906,EUCA4,2026-09-07,average,MISSING_VALUE,info,Valor ausente na extração
1905,1906,EUCA4,2026-09-07,raw_volume,MISSING_VALUE,info,Valor ausente na extração
1916,1917,EUFA3,1920-01-02,close,MISSING_VALUE,info,Valor ausente na extração
1916,1917,EUFA3,1920-01-02,adjusted_quantity,MISSING_VALUE,info,Valor ausente na extração
1916,1917,EUFA3,1920-01-02,open,MISSING_VALUE,info,Valor ausente na extração
1916,1917,EUFA3,1920-01-02,high,MISSING_VALUE,info,Valor ausente na extração
1916,1917,EUFA3,1920-01-02,low,MISSING_VALUE,info,Valor ausente na extração
1916,1917,EUFA3,1920-01-02,average,MISSING_VALUE,info,Valor ausente na extração
1916,1917,EUFA3,1920-01-02,raw_volume,MISSING_VALUE,info,Valor ausente na extração
1917,1918,EVEN3,2026-09-07,close,MISSING_VALUE,info,Valor ausente na extração
1917,1918,EVEN3,2026-09-07,adjusted_quantity,MISSING_VALUE,info,Valor ausente na extração
1917,1918,EVEN3,2026-09-07,open,MISSING_VALUE,info,Valor ausente na extração
1917,1918,EVEN3,2026-09-07,high,MISSING_VALUE,info,Valor ausente na extração
1917,1918,EVEN3,2026-09-07,low,MISSING_VALUE,info,Valor ausente na extração
1917,1918,EVEN3,2026-09-07,average,MISSING_VALUE,info,Valor ausente na extração
1917,1918,EVEN3,2026-09-07,raw_volume,MISSING_VALUE,info,Valor ausente na extração
1928,1929,BAUH3,1920-01-02,close,MISSING_VALUE,info,Valor ausente na extração
1928,1929,BAUH3,1920-01-02,adjusted_quantity,MISSING_VALUE,info,Valor ausente na extração
1928,1929,BAUH3,1920-01-02,open,MISSING_VALUE,info,Valor ausente na extração
1928,1929,BAUH3,1920-01-02,high,MISSING_VALUE,info,Valor ausente na extração
1928,1929,BAUH3,1920-01-02,low,MISSING_VALUE,info,Valor ausente na extração
1928,1929,BAUH3,1920-01-02,average,MISSING_VALUE,info,Valor ausente na extração
1928,1929,BAUH3,1920-01-02,raw_volume,MISSING_VALUE,info,Valor ausente na extração
1929,1930,BAUH4,2026-08-20,close,MISSING_VALUE,info,Valor ausente na extração
1929,1930,BAUH4,2026-08-20,adjusted_quantity,MISSING_VALUE,info,Valor ausente na extração
1929,1930,BAUH4,2026-08-20,open,MISSING_VALUE,info,Valor ausente na extração
1929,1930,BAUH4,2026-08-20,high,MISSING_VALUE,info,Valor ausente na extração
1929,1930,BAUH4,2026-08-20,low,MISSING_VALUE,info,Valor ausente na extração
1929,1930,BAUH4,2026-08-20,average,MISSING_VALUE,info,Valor ausente na extração
1929,1930,BAUH4,2026-08-20,raw_volume,MISSING_VALUE,info,Valor ausente na extração
1930,1931,BAUH4,2026-08-21,close,MISSING_VALUE,info,Valor ausente na extração
1930,1931,BAUH4,2026-08-21,adjusted_quantity,MISSING_VALUE,info,Valor ausente na extração
1930,1931,BAUH4,2026-08-21,open,MISSING_VALUE,info,Valor ausente na extração
1930,1931,BAUH4,2026-08-21,high,MISSING_VALUE,info,Valor ausente na extração
1930,1931,BAUH4,2026-08-21,low,MISSING_VALUE,info,Valor ausente na extração
1930,1931,BAUH4,2026-08-21,average,MISSING_VALUE,info,Valor ausente na extração
1930,1931,BAUH4,2026-08-21,raw_volume,MISSING_VALUE,info,Valor ausente na extração
1931,1932,BAUH4,2026-08-24,close,MISSING_VALUE,info,Valor ausente na extração
1931,1932,BAUH4,2026-08-24,adjusted_quantity,MISSING_VALUE,info,Valor ausente na extração
1931,1932,BAUH4,2026-08-24,open,MISSING_VALUE,info,Valor ausente na extração
1931,1932,BAUH4,2026-08-24,high,MISSING_VALUE,info,Valor ausente na extração
1931,1932,BAUH4,2026-08-24,low,MISSING_VALUE,info,Valor ausente na extração
1931,1932,BAUH4,2026-08-24,average,MISSING_VALUE,info,Valor ausente na extração
1931,1932,BAUH4,2026-08-24,raw_volume,MISSING_VALUE,info,Valor ausente na extração
1932,1933,BAUH4,2026-08-25,close,MISSING_VALUE,info,Valor ausente na extração
1932,1933,BAUH4,2026-08-25,adjusted_quantity,MISSING_VALUE,info,Valor ausente na extração
1932,1933,BAUH4,2026-08-25,open,MISSING_VALUE,info,Valor ausente na extração
1932,1933,BAUH4,2026-08-25,high,MISSING_VALUE,info,Valor ausente na extração
1932,1933,BAUH4,2026-08-25,low,MISSING_VALUE,info,Valor ausente na extração
1932,1933,BAUH4,2026-08-25,average,MISSING_VALUE,info,Valor ausente na extração
1932,1933,BAUH4,2026-08-25,raw_volume,MISSING_VALUE,info,Valor ausente na extração
1933,1934,BAUH4,2026-08-26,close,MISSING_VALUE,info,Valor ausente na extração
1933,1934,BAUH4,2026-08-26,adjusted_quantity,MISSING_VALUE,info,Valor ausente na extração
1933,1934,BAUH4,2026-08-26,open,MISSING_VALUE,info,Valor ausente na extração
1933,1934,BAUH4,2026-08-26,high,MISSING_VALUE,info,Valor ausente na extração
1933,1934,BAUH4,2026-08-26,low,MISSING_VALUE,info,Valor ausente na extração
1933,1934,BAUH4,2026-08-26,average,MISSING_VALUE,info,Valor ausente na extração
1933,1934,BAUH4,2026-08-26,raw_volume,MISSING_VALUE,info,Valor ausente na extração
1934,1935,BAUH4,2026-08-27,close,MISSING_VALUE,info,Valor ausente na extração
1934,1935,BAUH4,2026-08-27,adjusted_quantity,MISSING_VALUE,info,Valor ausente na extração
1934,1935,BAUH4,2026-08-27,open,MISSING_VALUE,info,Valor ausente na extração
1934,1935,BAUH4,2026-08-27,high,MISSING_VALUE,info,Valor ausente na extração
1934,1935,BAUH4,2026-08-27,low,MISSING_VALUE,info,Valor ausente na extração
1934,1935,BAUH4,2026-08-27,average,MISSING_VALUE,info,Valor ausente na extração
1934,1935,BAUH4,2026-08-27,raw_volume,MISSING_VALUE,info,Valor ausente na extração
1935,1936,BAUH4,2026-08-28,close,MISSING_VALUE,info,Valor ausente na extração
1935,1936,BAUH4,2026-08-28,adjusted_quantity,MISSING_VALUE,info,Valor ausente na extração
1935,1936,BAUH4,2026-08-28,open,MISSING_VALUE,info,Valor ausente na extração
1935,1936,BAUH4,2026-08-28,high,MISSING_VALUE,info,Valor ausente na extração
1935,1936,BAUH4,2026-08-28,low,MISSING_VALUE,info,Valor ausente na extração
1935,1936,BAUH4,2026-08-28,average,MISSING_VALUE,info,Valor ausente na extração
1935,1936,BAUH4,2026-08-28,raw_volume,MISSING_VALUE,info,Valor ausente na extração
1936,1937,BAUH4,2026-08-31,close,MISSING_VALUE,info,Valor ausente na extração
1936,1937,BAUH4,2026-08-31,adjusted_quantity,MISSING_VALUE,info,Valor ausente na extração
1936,1937,BAUH4,2026-08-31,open,MISSING_VALUE,info,Valor ausente na extração
1936,1937,BAUH4,2026-08-31,high,MISSING_VALUE,info,Valor ausente na extração
1936,1937,BAUH4,2026-08-31,low,MISSING_VALUE,info,Valor ausente na extração
1936,1937,BAUH4,2026-08-31,average,MISSING_VALUE,info,Valor ausente na extração
1936,1937,BAUH4,2026-08-31,raw_volume,MISSING_VALUE,info,Valor ausente na extração
1937,1938,BAUH4,2026-09-01,close,MISSING_VALUE,info,Valor ausente na extração
1937,1938,BAUH4,2026-09-01,adjusted_quantity,MISSING_VALUE,info,Valor ausente na extração
1937,1938,BAUH4,2026-09-01,open,MISSING_VALUE,info,Valor ausente na extração
1937,1938,BAUH4,2026-09-01,high,MISSING_VALUE,info,Valor ausente na extração
1937,1938,BAUH4,2026-09-01,low,MISSING_VALUE,info,Valor ausente na extração
1937,1938,BAUH4,2026-09-01,average,MISSING_VALUE,info,Valor ausente na extração
1937,1938,BAUH4,2026-09-01,raw_volume,MISSING_VALUE,info,Valor ausente na extração
1938,1939,BAUH4,2026-09-02,close,MISSING_VALUE,info,Valor ausente na extração
1938,1939,BAUH4,2026-09-02,adjusted_quantity,MISSING_VALUE,info,Valor ausente na extração
1938,1939,BAUH4,2026-09-02,open,MISSING_VALUE,info,Valor ausente na extração
1938,1939,BAUH4,2026-09-02,high,MISSING_VALUE,info,Valor ausente na extração
1938,1939,BAUH4,2026-09-02,low,MISSING_VALUE,info,Valor ausente na extração
1938,1939,BAUH4,2026-09-02,average,MISSING_VALUE,info,Valor ausente na extração
1938,1939,BAUH4,2026-09-02,raw_volume,MISSING_VALUE,info,Valor ausente na extração
1940,1941,EZTC3,2026-09-07,close,MISSING_VALUE,info,Valor ausente na extração
1940,1941,EZTC3,2026-09-07,adjusted_quantity,MISSING_VALUE,info,Valor ausente na extração
1940,1941,EZTC3,2026-09-07,open,MISSING_VALUE,info,Valor ausente na extração
1940,1941,EZTC3,2026-09-07,high,MISSING_VALUE,info,Valor ausente na extração
1940,1941,EZTC3,2026-09-07,low,MISSING_VALUE,info,Valor ausente na extração
1940,1941,EZTC3,2026-09-07,average,MISSING_VALUE,info,Valor ausente na extração
1940,1941,EZTC3,2026-09-07,raw_volume,MISSING_VALUE,info,Valor ausente na extração
1951,1952,FASA3,2026-09-07,close,MISSING_VALUE,info,Valor ausente na extração
1951,1952,FASA3,2026-09-07,adjusted_quantity,MISSING_VALUE,info,Valor ausente na extração
1951,1952,FASA3,2026-09-07,open,MISSING_VALUE,info,Valor ausente na extração
1951,1952,FASA3,2026-09-07,high,MISSING_VALUE,info,Valor ausente na extração
1951,1952,FASA3,2026-09-07,low,MISSING_VALUE,info,Valor ausente na extração
1951,1952,FASA3,2026-09-07,average,MISSING_VALUE,info,Valor ausente na extração
1951,1952,FASA3,2026-09-07,raw_volume,MISSING_VALUE,info,Valor ausente na extração
1962,1963,FHER3,2026-09-07,close,MISSING_VALUE,info,Valor ausente na extração
1962,1963,FHER3,2026-09-07,adjusted_quantity,MISSING_VALUE,info,Valor ausente na extração
1962,1963,FHER3,2026-09-07,open,MISSING_VALUE,info,Valor ausente na extração
1962,1963,FHER3,2026-09-07,high,MISSING_VALUE,info,Valor ausente na extração
1962,1963,FHER3,2026-09-07,low,MISSING_VALUE,info,Valor ausente na extração
1962,1963,FHER3,2026-09-07,average,MISSING_VALUE,info,Valor ausente na extração
1962,1963,FHER3,2026-09-07,raw_volume,MISSING_VALUE,info,Valor ausente na extração
1973,1974,FESA3,2026-09-07,close,MISSING_VALUE,info,Valor ausente na extração
1973,1974,FESA3,2026-09-07,adjusted_quantity,MISSING_VALUE,info,Valor ausente na extração
1973,1974,FESA3,2026-09-07,open,MISSING_VALUE,info,Valor ausente na extração
1973,1974,FESA3,2026-09-07,high,MISSING_VALUE,info,Valor ausente na extração
1973,1974,FESA3,2026-09-07,low,MISSING_VALUE,info,Valor ausente na extração
1973,1974,FESA3,2026-09-07,average,MISSING_VALUE,info,Valor ausente na extração
1973,1974,FESA3,2026-09-07,raw_volume,MISSING_VALUE,info,Valor ausente na extração
1979,1980,FESA3,2026-09-15,close,MISSING_VALUE,info,Valor ausente na extração
1979,1980,FESA3,2026-09-15,adjusted_quantity,MISSING_VALUE,info,Valor ausente na extração
1979,1980,FESA3,2026-09-15,open,MISSING_VALUE,info,Valor ausente na extração
1979,1980,FESA3,2026-09-15,high,MISSING_VALUE,info,Valor ausente na extração
1979,1980,FESA3,2026-09-15,low,MISSING_VALUE,info,Valor ausente na extração
1979,1980,FESA3,2026-09-15,average,MISSING_VALUE,info,Valor ausente na extração
1979,1980,FESA3,2026-09-15,raw_volume,MISSING_VALUE,info,Valor ausente na extração
1984,1985,FESA4,2026-09-07,close,MISSING_VALUE,info,Valor ausente na extração
1984,1985,FESA4,2026-09-07,adjusted_quantity,MISSING_VALUE,info,Valor ausente na extração
1984,1985,FESA4,2026-09-07,open,MISSING_VALUE,info,Valor ausente na extração
1984,1985,FESA4,2026-09-07,high,MISSING_VALUE,info,Valor ausente na extração
1984,1985,FESA4,2026-09-07,low,MISSING_VALUE,info,Valor ausente na extração
1984,1985,FESA4,2026-09-07,average,MISSING_VALUE,info,Valor ausente na extração
1984,1985,FESA4,2026-09-07,raw_volume,MISSING_VALUE,info,Valor ausente na extração
1995,1996,FIEI3,2026-09-03,close,MISSING_VALUE,info,Valor ausente na extração
1995,1996,FIEI3,2026-09-03,adjusted_quantity,MISSING_VALUE,info,Valor ausente na extração
1995,1996,FIEI3,2026-09-03,open,MISSING_VALUE,info,Valor ausente na extração
1995,1996,FIEI3,2026-09-03,high,MISSING_VALUE,info,Valor ausente na extração
1995,1996,FIEI3,2026-09-03,low,MISSING_VALUE,info,Valor ausente na extração
1995,1996,FIEI3,2026-09-03,average,MISSING_VALUE,info,Valor ausente na extração
1995,1996,FIEI3,2026-09-03,raw_volume,MISSING_VALUE,info,Valor ausente na extração
1997,1998,FIEI3,2026-09-07,close,MISSING_VALUE,info,Valor ausente na extração
1997,1998,FIEI3,2026-09-07,adjusted_quantity,MISSING_VALUE,info,Valor ausente na extração
1997,1998,FIEI3,2026-09-07,open,MISSING_VALUE,info,Valor ausente na extração
1997,1998,FIEI3,2026-09-07,high,MISSING_VALUE,info,Valor ausente na extração
1997,1998,FIEI3,2026-09-07,low,MISSING_VALUE,info,Valor ausente na extração
1997,1998,FIEI3,2026-09-07,average,MISSING_VALUE,info,Valor ausente na extração
1997,1998,FIEI3,2026-09-07,raw_volume,MISSING_VALUE,info,Valor ausente na extração
1999,2000,FIEI3,2026-09-09,close,MISSING_VALUE,info,Valor ausente na extração
1999,2000,FIEI3,2026-09-09,adjusted_quantity,MISSING_VALUE,info,Valor ausente na extração
1999,2000,FIEI3,2026-09-09,open,MISSING_VALUE,info,Valor ausente na extração
1999,2000,FIEI3,2026-09-09,high,MISSING_VALUE,info,Valor ausente na extração
1999,2000,FIEI3,2026-09-09,low,MISSING_VALUE,info,Valor ausente na extração
1999,2000,FIEI3,2026-09-09,average,MISSING_VALUE,info,Valor ausente na extração
1999,2000,FIEI3,2026-09-09,raw_volume,MISSING_VALUE,info,Valor ausente na extração
2000,2001,FIEI3,2026-09-10,close,MISSING_VALUE,info,Valor ausente na extração
2000,2001,FIEI3,2026-09-10,adjusted_quantity,MISSING_VALUE,info,Valor ausente na extração
2000,2001,FIEI3,2026-09-10,open,MISSING_VALUE,info,Valor ausente na extração
2000,2001,FIEI3,2026-09-10,high,MISSING_VALUE,info,Valor ausente na extração
2000,2001,FIEI3,2026-09-10,low,MISSING_VALUE,info,Valor ausente na extração
2000,2001,FIEI3,2026-09-10,average,MISSING_VALUE,info,Valor ausente na extração
2000,2001,FIEI3,2026-09-10,raw_volume,MISSING_VALUE,info,Valor ausente na extração
2002,2003,FIEI3,2026-09-14,close,MISSING_VALUE,info,Valor ausente na extração
2002,2003,FIEI3,2026-09-14,adjusted_quantity,MISSING_VALUE,info,Valor ausente na extração
2002,2003,FIEI3,2026-09-14,open,MISSING_VALUE,info,Valor ausente na extração
2002,2003,FIEI3,2026-09-14,high,MISSING_VALUE,info,Valor ausente na extração
2002,2003,FIEI3,2026-09-14,low,MISSING_VALUE,info,Valor ausente na extração
2002,2003,FIEI3,2026-09-14,average,MISSING_VALUE,info,Valor ausente na extração
2002,2003,FIEI3,2026-09-14,raw_volume,MISSING_VALUE,info,Valor ausente na extração
2003,2004,FIEI3,2026-09-15,close,MISSING_VALUE,info,Valor ausente na extração
2003,2004,FIEI3,2026-09-15,adjusted_quantity,MISSING_VALUE,info,Valor ausente na extração
2003,2004,FIEI3,2026-09-15,open,MISSING_VALUE,info,Valor ausente na extração
2003,2004,FIEI3,2026-09-15,high,MISSING_VALUE,info,Valor ausente na extração
2003,2004,FIEI3,2026-09-15,low,MISSING_VALUE,info,Valor ausente na extração
2003,2004,FIEI3,2026-09-15,average,MISSING_VALUE,info,Valor ausente na extração
2003,2004,FIEI3,2026-09-15,raw_volume,MISSING_VALUE,info,Valor ausente na extração
2004,2005,FIEI3,2026-09-16,close,MISSING_VALUE,info,Valor ausente na extração
2004,2005,FIEI3,2026-09-16,adjusted_quantity,MISSING_VALUE,info,Valor ausente na extração
2004,2005,FIEI3,2026-09-16,open,MISSING_VALUE,info,Valor ausente na extração
2004,2005,FIEI3,2026-09-16,high,MISSING_VALUE,info,Valor ausente na extração
2004,2005,FIEI3,2026-09-16,low,MISSING_VALUE,info,Valor ausente na extração
2004,2005,FIEI3,2026-09-16,average,MISSING_VALUE,info,Valor ausente na extração
2004,2005,FIEI3,2026-09-16,raw_volume,MISSING_VALUE,info,Valor ausente na extração
2006,2007,FLRY3,2026-09-07,close,MISSING_VALUE,info,Valor ausente na extração
2006,2007,FLRY3,2026-09-07,adjusted_quantity,MISSING_VALUE,info,Valor ausente na extração
2006,2007,FLRY3,2026-09-07,open,MISSING_VALUE,info,Valor ausente na extração
2006,2007,FLRY3,2026-09-07,high,MISSING_VALUE,info,Valor ausente na extração
2006,2007,FLRY3,2026-09-07,low,MISSING_VALUE,info,Valor ausente na extração
2006,2007,FLRY3,2026-09-07,average,MISSING_VALUE,info,Valor ausente na extração
2006,2007,FLRY3,2026-09-07,raw_volume,MISSING_VALUE,info,Valor ausente na extração
2017,2018,FRAS3,2026-09-07,close,MISSING_VALUE,info,Valor ausente na extração
2017,2018,FRAS3,2026-09-07,adjusted_quantity,MISSING_VALUE,info,Valor ausente na extração
2017,2018,FRAS3,2026-09-07,open,MISSING_VALUE,info,Valor ausente na extração
2017,2018,FRAS3,2026-09-07,high,MISSING_VALUE,info,Valor ausente na extração
2017,2018,FRAS3,2026-09-07,low,MISSING_VALUE,info,Valor ausente na extração
2017,2018,FRAS3,2026-09-07,average,MISSING_VALUE,info,Valor ausente na extração
2017,2018,FRAS3,2026-09-07,raw_volume,MISSING_VALUE,info,Valor ausente na extração
2028,2029,G2DI33,2026-09-07,close,MISSING_VALUE,info,Valor ausente na extração
2028,2029,G2DI33,2026-09-07,adjusted_quantity,MISSING_VALUE,info,Valor ausente na extração
2028,2029,G2DI33,2026-09-07,open,MISSING_VALUE,info,Valor ausente na extração
2028,2029,G2DI33,2026-09-07,high,MISSING_VALUE,info,Valor ausente na extração
2028,2029,G2DI33,2026-09-07,low,MISSING_VALUE,info,Valor ausente na extração
2028,2029,G2DI33,2026-09-07,average,MISSING_VALUE,info,Valor ausente na extração
2028,2029,G2DI33,2026-09-07,raw_volume,MISSING_VALUE,info,Valor ausente na extração
2028,2029,G2DI33,2026-09-07,Ativo,INSTRUMENT_AMBIGUOUS,warning,Padrão do código insuficiente
2029,2030,G2DI33,2026-09-08,Ativo,INSTRUMENT_AMBIGUOUS,warning,Padrão do código insuficiente
2030,2031,G2DI33,2026-09-09,Ativo,INSTRUMENT_AMBIGUOUS,warning,Padrão do código insuficiente
2031,2032,G2DI33,2026-09-10,Ativo,INSTRUMENT_AMBIGUOUS,warning,Padrão do código insuficiente
2032,2033,G2DI33,2026-09-11,Ativo,INSTRUMENT_AMBIGUOUS,warning,Padrão do código insuficiente
2033,2034,G2DI33,2026-09-14,Ativo,INSTRUMENT_AMBIGUOUS,warning,Padrão do código insuficiente
2034,2035,G2DI33,2026-09-15,Ativo,INSTRUMENT_AMBIGUOUS,warning,Padrão do código insuficiente
2035,2036,G2DI33,2026-09-16,Ativo,INSTRUMENT_AMBIGUOUS,warning,Padrão do código insuficiente
2036,2037,G2DI33,2026-09-17,Ativo,INSTRUMENT_AMBIGUOUS,warning,Padrão do código insuficiente
2037,2038,G2DI33,2026-09-18,Ativo,INSTRUMENT_AMBIGUOUS,warning,Padrão do código insuficiente
2038,2039,G2DI33,2026-09-21,Ativo,INSTRUMENT_AMBIGUOUS,warning,Padrão do código insuficiente
2039,2040,GFSA3,2026-09-07,close,MISSING_VALUE,info,Valor ausente na extração
2039,2040,GFSA3,2026-09-07,adjusted_quantity,MISSING_VALUE,info,Valor ausente na extração
2039,2040,GFSA3,2026-09-07,open,MISSING_VALUE,info,Valor ausente na extração
2039,2040,GFSA3,2026-09-07,high,MISSING_VALUE,info,Valor ausente na extração
2039,2040,GFSA3,2026-09-07,low,MISSING_VALUE,info,Valor ausente na extração
2039,2040,GFSA3,2026-09-07,average,MISSING_VALUE,info,Valor ausente na extração
2039,2040,GFSA3,2026-09-07,raw_volume,MISSING_VALUE,info,Valor ausente na extração
2050,2051,OPGM3,1920-01-02,close,MISSING_VALUE,info,Valor ausente na extração
2050,2051,OPGM3,1920-01-02,adjusted_quantity,MISSING_VALUE,info,Valor ausente na extração
2050,2051,OPGM3,1920-01-02,open,MISSING_VALUE,info,Valor ausente na extração
2050,2051,OPGM3,1920-01-02,high,MISSING_VALUE,info,Valor ausente na extração
2050,2051,OPGM3,1920-01-02,low,MISSING_VALUE,info,Valor ausente na extração
2050,2051,OPGM3,1920-01-02,average,MISSING_VALUE,info,Valor ausente na extração
2050,2051,OPGM3,1920-01-02,raw_volume,MISSING_VALUE,info,Valor ausente na extração
2051,2052,GSHP3,2026-09-07,close,MISSING_VALUE,info,Valor ausente na extração
2051,2052,GSHP3,2026-09-07,adjusted_quantity,MISSING_VALUE,info,Valor ausente na extração
2051,2052,GSHP3,2026-09-07,open,MISSING_VALUE,info,Valor ausente na extração
2051,2052,GSHP3,2026-09-07,high,MISSING_VALUE,info,Valor ausente na extração
2051,2052,GSHP3,2026-09-07,low,MISSING_VALUE,info,Valor ausente na extração
2051,2052,GSHP3,2026-09-07,average,MISSING_VALUE,info,Valor ausente na extração
2051,2052,GSHP3,2026-09-07,raw_volume,MISSING_VALUE,info,Valor ausente na extração
2052,2053,GSHP3,2026-09-08,close,MISSING_VALUE,info,Valor ausente na extração
2052,2053,GSHP3,2026-09-08,adjusted_quantity,MISSING_VALUE,info,Valor ausente na extração
2052,2053,GSHP3,2026-09-08,open,MISSING_VALUE,info,Valor ausente na extração
2052,2053,GSHP3,2026-09-08,high,MISSING_VALUE,info,Valor ausente na extração
2052,2053,GSHP3,2026-09-08,low,MISSING_VALUE,info,Valor ausente na extração
2052,2053,GSHP3,2026-09-08,average,MISSING_VALUE,info,Valor ausente na extração
2052,2053,GSHP3,2026-09-08,raw_volume,MISSING_VALUE,info,Valor ausente na extração
2053,2054,GSHP3,2026-09-09,close,MISSING_VALUE,info,Valor ausente na extração
2053,2054,GSHP3,2026-09-09,adjusted_quantity,MISSING_VALUE,info,Valor ausente na extração
2053,2054,GSHP3,2026-09-09,open,MISSING_VALUE,info,Valor ausente na extração
2053,2054,GSHP3,2026-09-09,high,MISSING_VALUE,info,Valor ausente na extração
2053,2054,GSHP3,2026-09-09,low,MISSING_VALUE,info,Valor ausente na extração
2053,2054,GSHP3,2026-09-09,average,MISSING_VALUE,info,Valor ausente na extração
2053,2054,GSHP3,2026-09-09,raw_volume,MISSING_VALUE,info,Valor ausente na extração
2054,2055,GSHP3,2026-09-10,close,MISSING_VALUE,info,Valor ausente na extração
2054,2055,GSHP3,2026-09-10,adjusted_quantity,MISSING_VALUE,info,Valor ausente na extração
2054,2055,GSHP3,2026-09-10,open,MISSING_VALUE,info,Valor ausente na extração
2054,2055,GSHP3,2026-09-10,high,MISSING_VALUE,info,Valor ausente na extração
2054,2055,GSHP3,2026-09-10,low,MISSING_VALUE,info,Valor ausente na extração
2054,2055,GSHP3,2026-09-10,average,MISSING_VALUE,info,Valor ausente na extração
2054,2055,GSHP3,2026-09-10,raw_volume,MISSING_VALUE,info,Valor ausente na extração
2055,2056,GSHP3,2026-09-11,close,MISSING_VALUE,info,Valor ausente na extração
2055,2056,GSHP3,2026-09-11,adjusted_quantity,MISSING_VALUE,info,Valor ausente na extração
2055,2056,GSHP3,2026-09-11,open,MISSING_VALUE,info,Valor ausente na extração
2055,2056,GSHP3,2026-09-11,high,MISSING_VALUE,info,Valor ausente na extração
2055,2056,GSHP3,2026-09-11,low,MISSING_VALUE,info,Valor ausente na extração
2055,2056,GSHP3,2026-09-11,average,MISSING_VALUE,info,Valor ausente na extração
2055,2056,GSHP3,2026-09-11,raw_volume,MISSING_VALUE,info,Valor ausente na extração
2057,2058,GSHP3,2026-09-15,close,MISSING_VALUE,info,Valor ausente na extração
2057,2058,GSHP3,2026-09-15,adjusted_quantity,MISSING_VALUE,info,Valor ausente na extração
2057,2058,GSHP3,2026-09-15,open,MISSING_VALUE,info,Valor ausente na extração
2057,2058,GSHP3,2026-09-15,high,MISSING_VALUE,info,Valor ausente na extração
2057,2058,GSHP3,2026-09-15,low,MISSING_VALUE,info,Valor ausente na extração
2057,2058,GSHP3,2026-09-15,average,MISSING_VALUE,info,Valor ausente na extração
2057,2058,GSHP3,2026-09-15,raw_volume,MISSING_VALUE,info,Valor ausente na extração
2058,2059,GSHP3,2026-09-16,close,MISSING_VALUE,info,Valor ausente na extração
2058,2059,GSHP3,2026-09-16,adjusted_quantity,MISSING_VALUE,info,Valor ausente na extração
2058,2059,GSHP3,2026-09-16,open,MISSING_VALUE,info,Valor ausente na extração
2058,2059,GSHP3,2026-09-16,high,MISSING_VALUE,info,Valor ausente na extração
2058,2059,GSHP3,2026-09-16,low,MISSING_VALUE,info,Valor ausente na extração
2058,2059,GSHP3,2026-09-16,average,MISSING_VALUE,info,Valor ausente na extração
2058,2059,GSHP3,2026-09-16,raw_volume,MISSING_VALUE,info,Valor ausente na extração
2059,2060,GSHP3,2026-09-17,close,MISSING_VALUE,info,Valor ausente na extração
2059,2060,GSHP3,2026-09-17,adjusted_quantity,MISSING_VALUE,info,Valor ausente na extração
2059,2060,GSHP3,2026-09-17,open,MISSING_VALUE,info,Valor ausente na extração
2059,2060,GSHP3,2026-09-17,high,MISSING_VALUE,info,Valor ausente na extração
2059,2060,GSHP3,2026-09-17,low,MISSING_VALUE,info,Valor ausente na extração
2059,2060,GSHP3,2026-09-17,average,MISSING_VALUE,info,Valor ausente na extração
2059,2060,GSHP3,2026-09-17,raw_volume,MISSING_VALUE,info,Valor ausente na extração
2060,2061,GSHP3,2026-09-18,close,MISSING_VALUE,info,Valor ausente na extração
2060,2061,GSHP3,2026-09-18,adjusted_quantity,MISSING_VALUE,info,Valor ausente na extração
2060,2061,GSHP3,2026-09-18,open,MISSING_VALUE,info,Valor ausente na extração
2060,2061,GSHP3,2026-09-18,high,MISSING_VALUE,info,Valor ausente na extração
2060,2061,GSHP3,2026-09-18,low,MISSING_VALUE,info,Valor ausente na extração
2060,2061,GSHP3,2026-09-18,average,MISSING_VALUE,info,Valor ausente na extração
2060,2061,GSHP3,2026-09-18,raw_volume,MISSING_VALUE,info,Valor ausente na extração
2062,2063,GEPA3,2026-09-02,close,MISSING_VALUE,info,Valor ausente na extração
2062,2063,GEPA3,2026-09-02,adjusted_quantity,MISSING_VALUE,info,Valor ausente na extração
2062,2063,GEPA3,2026-09-02,open,MISSING_VALUE,info,Valor ausente na extração
2062,2063,GEPA3,2026-09-02,high,MISSING_VALUE,info,Valor ausente na extração
2062,2063,GEPA3,2026-09-02,low,MISSING_VALUE,info,Valor ausente na extração
2062,2063,GEPA3,2026-09-02,average,MISSING_VALUE,info,Valor ausente na extração
2062,2063,GEPA3,2026-09-02,raw_volume,MISSING_VALUE,info,Valor ausente na extração
2063,2064,GEPA3,2026-09-03,close,MISSING_VALUE,info,Valor ausente na extração
2063,2064,GEPA3,2026-09-03,adjusted_quantity,MISSING_VALUE,info,Valor ausente na extração
2063,2064,GEPA3,2026-09-03,open,MISSING_VALUE,info,Valor ausente na extração
2063,2064,GEPA3,2026-09-03,high,MISSING_VALUE,info,Valor ausente na extração
2063,2064,GEPA3,2026-09-03,low,MISSING_VALUE,info,Valor ausente na extração
2063,2064,GEPA3,2026-09-03,average,MISSING_VALUE,info,Valor ausente na extração
2063,2064,GEPA3,2026-09-03,raw_volume,MISSING_VALUE,info,Valor ausente na extração
2064,2065,GEPA3,2026-09-04,close,MISSING_VALUE,info,Valor ausente na extração
2064,2065,GEPA3,2026-09-04,adjusted_quantity,MISSING_VALUE,info,Valor ausente na extração
2064,2065,GEPA3,2026-09-04,open,MISSING_VALUE,info,Valor ausente na extração
2064,2065,GEPA3,2026-09-04,high,MISSING_VALUE,info,Valor ausente na extração
2064,2065,GEPA3,2026-09-04,low,MISSING_VALUE,info,Valor ausente na extração
2064,2065,GEPA3,2026-09-04,average,MISSING_VALUE,info,Valor ausente na extração
2064,2065,GEPA3,2026-09-04,raw_volume,MISSING_VALUE,info,Valor ausente na extração
2065,2066,GEPA3,2026-09-07,close,MISSING_VALUE,info,Valor ausente na extração
2065,2066,GEPA3,2026-09-07,adjusted_quantity,MISSING_VALUE,info,Valor ausente na extração
2065,2066,GEPA3,2026-09-07,open,MISSING_VALUE,info,Valor ausente na extração
2065,2066,GEPA3,2026-09-07,high,MISSING_VALUE,info,Valor ausente na extração
2065,2066,GEPA3,2026-09-07,low,MISSING_VALUE,info,Valor ausente na extração
2065,2066,GEPA3,2026-09-07,average,MISSING_VALUE,info,Valor ausente na extração
2065,2066,GEPA3,2026-09-07,raw_volume,MISSING_VALUE,info,Valor ausente na extração
2067,2068,GEPA3,2026-09-09,close,MISSING_VALUE,info,Valor ausente na extração
2067,2068,GEPA3,2026-09-09,adjusted_quantity,MISSING_VALUE,info,Valor ausente na extração
2067,2068,GEPA3,2026-09-09,open,MISSING_VALUE,info,Valor ausente na extração
2067,2068,GEPA3,2026-09-09,high,MISSING_VALUE,info,Valor ausente na extração
2067,2068,GEPA3,2026-09-09,low,MISSING_VALUE,info,Valor ausente na extração
2067,2068,GEPA3,2026-09-09,average,MISSING_VALUE,info,Valor ausente na extração
2067,2068,GEPA3,2026-09-09,raw_volume,MISSING_VALUE,info,Valor ausente na extração
2068,2069,GEPA3,2026-09-10,close,MISSING_VALUE,info,Valor ausente na extração
2068,2069,GEPA3,2026-09-10,adjusted_quantity,MISSING_VALUE,info,Valor ausente na extração
2068,2069,GEPA3,2026-09-10,open,MISSING_VALUE,info,Valor ausente na extração
2068,2069,GEPA3,2026-09-10,high,MISSING_VALUE,info,Valor ausente na extração
2068,2069,GEPA3,2026-09-10,low,MISSING_VALUE,info,Valor ausente na extração
2068,2069,GEPA3,2026-09-10,average,MISSING_VALUE,info,Valor ausente na extração
2068,2069,GEPA3,2026-09-10,raw_volume,MISSING_VALUE,info,Valor ausente na extração
2069,2070,GEPA3,2026-09-11,close,MISSING_VALUE,info,Valor ausente na extração
2069,2070,GEPA3,2026-09-11,adjusted_quantity,MISSING_VALUE,info,Valor ausente na extração
2069,2070,GEPA3,2026-09-11,open,MISSING_VALUE,info,Valor ausente na extração
2069,2070,GEPA3,2026-09-11,high,MISSING_VALUE,info,Valor ausente na extração
2069,2070,GEPA3,2026-09-11,low,MISSING_VALUE,info,Valor ausente na extração
2069,2070,GEPA3,2026-09-11,average,MISSING_VALUE,info,Valor ausente na extração
2069,2070,GEPA3,2026-09-11,raw_volume,MISSING_VALUE,info,Valor ausente na extração
2070,2071,GEPA3,2026-09-14,close,MISSING_VALUE,info,Valor ausente na extração
2070,2071,GEPA3,2026-09-14,adjusted_quantity,MISSING_VALUE,info,Valor ausente na extração
2070,2071,GEPA3,2026-09-14,open,MISSING_VALUE,info,Valor ausente na extração
2070,2071,GEPA3,2026-09-14,high,MISSING_VALUE,info,Valor ausente na extração
2070,2071,GEPA3,2026-09-14,low,MISSING_VALUE,info,Valor ausente na extração
2070,2071,GEPA3,2026-09-14,average,MISSING_VALUE,info,Valor ausente na extração
2070,2071,GEPA3,2026-09-14,raw_volume,MISSING_VALUE,info,Valor ausente na extração
2073,2074,GEPA4,2026-09-07,close,MISSING_VALUE,info,Valor ausente na extração
2073,2074,GEPA4,2026-09-07,adjusted_quantity,MISSING_VALUE,info,Valor ausente na extração
2073,2074,GEPA4,2026-09-07,open,MISSING_VALUE,info,Valor ausente na extração
2073,2074,GEPA4,2026-09-07,high,MISSING_VALUE,info,Valor ausente na extração
2073,2074,GEPA4,2026-09-07,low,MISSING_VALUE,info,Valor ausente na extração
2073,2074,GEPA4,2026-09-07,average,MISSING_VALUE,info,Valor ausente na extração
2073,2074,GEPA4,2026-09-07,raw_volume,MISSING_VALUE,info,Valor ausente na extração
2075,2076,GEPA4,2026-09-09,close,MISSING_VALUE,info,Valor ausente na extração
2075,2076,GEPA4,2026-09-09,adjusted_quantity,MISSING_VALUE,info,Valor ausente na extração
2075,2076,GEPA4,2026-09-09,open,MISSING_VALUE,info,Valor ausente na extração
2075,2076,GEPA4,2026-09-09,high,MISSING_VALUE,info,Valor ausente na extração
2075,2076,GEPA4,2026-09-09,low,MISSING_VALUE,info,Valor ausente na extração
2075,2076,GEPA4,2026-09-09,average,MISSING_VALUE,info,Valor ausente na extração
2075,2076,GEPA4,2026-09-09,raw_volume,MISSING_VALUE,info,Valor ausente na extração
2076,2077,GEPA4,2026-09-10,close,MISSING_VALUE,info,Valor ausente na extração
2076,2077,GEPA4,2026-09-10,adjusted_quantity,MISSING_VALUE,info,Valor ausente na extração
2076,2077,GEPA4,2026-09-10,open,MISSING_VALUE,info,Valor ausente na extração
2076,2077,GEPA4,2026-09-10,high,MISSING_VALUE,info,Valor ausente na extração
2076,2077,GEPA4,2026-09-10,low,MISSING_VALUE,info,Valor ausente na extração
2076,2077,GEPA4,2026-09-10,average,MISSING_VALUE,info,Valor ausente na extração
2076,2077,GEPA4,2026-09-10,raw_volume,MISSING_VALUE,info,Valor ausente na extração
2078,2079,GEPA4,2026-09-14,close,MISSING_VALUE,info,Valor ausente na extração
2078,2079,GEPA4,2026-09-14,adjusted_quantity,MISSING_VALUE,info,Valor ausente na extração
2078,2079,GEPA4,2026-09-14,open,MISSING_VALUE,info,Valor ausente na extração
2078,2079,GEPA4,2026-09-14,high,MISSING_VALUE,info,Valor ausente na extração
2078,2079,GEPA4,2026-09-14,low,MISSING_VALUE,info,Valor ausente na extração
2078,2079,GEPA4,2026-09-14,average,MISSING_VALUE,info,Valor ausente na extração
2078,2079,GEPA4,2026-09-14,raw_volume,MISSING_VALUE,info,Valor ausente na extração
2080,2081,GEPA4,2026-09-16,close,MISSING_VALUE,info,Valor ausente na extração
2080,2081,GEPA4,2026-09-16,adjusted_quantity,MISSING_VALUE,info,Valor ausente na extração
2080,2081,GEPA4,2026-09-16,open,MISSING_VALUE,info,Valor ausente na extração
2080,2081,GEPA4,2026-09-16,high,MISSING_VALUE,info,Valor ausente na extração
2080,2081,GEPA4,2026-09-16,low,MISSING_VALUE,info,Valor ausente na extração
2080,2081,GEPA4,2026-09-16,average,MISSING_VALUE,info,Valor ausente na extração
2080,2081,GEPA4,2026-09-16,raw_volume,MISSING_VALUE,info,Valor ausente na extração
2082,2083,GEPA4,2026-09-18,close,MISSING_VALUE,info,Valor ausente na extração
2082,2083,GEPA4,2026-09-18,adjusted_quantity,MISSING_VALUE,info,Valor ausente na extração
2082,2083,GEPA4,2026-09-18,open,MISSING_VALUE,info,Valor ausente na extração
2082,2083,GEPA4,2026-09-18,high,MISSING_VALUE,info,Valor ausente na extração
2082,2083,GEPA4,2026-09-18,low,MISSING_VALUE,info,Valor ausente na extração
2082,2083,GEPA4,2026-09-18,average,MISSING_VALUE,info,Valor ausente na extração
2082,2083,GEPA4,2026-09-18,raw_volume,MISSING_VALUE,info,Valor ausente na extração
2084,2085,GGBR3,2026-09-07,close,MISSING_VALUE,info,Valor ausente na extração
2084,2085,GGBR3,2026-09-07,adjusted_quantity,MISSING_VALUE,info,Valor ausente na extração
2084,2085,GGBR3,2026-09-07,open,MISSING_VALUE,info,Valor ausente na extração
2084,2085,GGBR3,2026-09-07,high,MISSING_VALUE,info,Valor ausente na extração
2084,2085,GGBR3,2026-09-07,low,MISSING_VALUE,info,Valor ausente na extração
2084,2085,GGBR3,2026-09-07,average,MISSING_VALUE,info,Valor ausente na extração
2084,2085,GGBR3,2026-09-07,raw_volume,MISSING_VALUE,info,Valor ausente na extração
2095,2096,GGBR4,2026-09-07,close,MISSING_VALUE,info,Valor ausente na extração
2095,2096,GGBR4,2026-09-07,adjusted_quantity,MISSING_VALUE,info,Valor ausente na extração
2095,2096,GGBR4,2026-09-07,open,MISSING_VALUE,info,Valor ausente na extração
2095,2096,GGBR4,2026-09-07,high,MISSING_VALUE,info,Valor ausente na extração
2095,2096,GGBR4,2026-09-07,low,MISSING_VALUE,info,Valor ausente na extração
2095,2096,GGBR4,2026-09-07,average,MISSING_VALUE,info,Valor ausente na extração
2095,2096,GGBR4,2026-09-07,raw_volume,MISSING_VALUE,info,Valor ausente na extração
2106,2107,GOAU3,2026-09-07,close,MISSING_VALUE,info,Valor ausente na extração
2106,2107,GOAU3,2026-09-07,adjusted_quantity,MISSING_VALUE,info,Valor ausente na extração
2106,2107,GOAU3,2026-09-07,open,MISSING_VALUE,info,Valor ausente na extração
2106,2107,GOAU3,2026-09-07,high,MISSING_VALUE,info,Valor ausente na extração
2106,2107,GOAU3,2026-09-07,low,MISSING_VALUE,info,Valor ausente na extração
2106,2107,GOAU3,2026-09-07,average,MISSING_VALUE,info,Valor ausente na extração
2106,2107,GOAU3,2026-09-07,raw_volume,MISSING_VALUE,info,Valor ausente na extração
2117,2118,GOAU4,2026-09-07,close,MISSING_VALUE,info,Valor ausente na extração
2117,2118,GOAU4,2026-09-07,adjusted_quantity,MISSING_VALUE,info,Valor ausente na extração
2117,2118,GOAU4,2026-09-07,open,MISSING_VALUE,info,Valor ausente na extração
2117,2118,GOAU4,2026-09-07,high,MISSING_VALUE,info,Valor ausente na extração
2117,2118,GOAU4,2026-09-07,low,MISSING_VALUE,info,Valor ausente na extração
2117,2118,GOAU4,2026-09-07,average,MISSING_VALUE,info,Valor ausente na extração
2117,2118,GOAU4,2026-09-07,raw_volume,MISSING_VALUE,info,Valor ausente na extração
2128,2129,GGPS3,2026-09-07,close,MISSING_VALUE,info,Valor ausente na extração
2128,2129,GGPS3,2026-09-07,adjusted_quantity,MISSING_VALUE,info,Valor ausente na extração
2128,2129,GGPS3,2026-09-07,open,MISSING_VALUE,info,Valor ausente na extração
2128,2129,GGPS3,2026-09-07,high,MISSING_VALUE,info,Valor ausente na extração
2128,2129,GGPS3,2026-09-07,low,MISSING_VALUE,info,Valor ausente na extração
2128,2129,GGPS3,2026-09-07,average,MISSING_VALUE,info,Valor ausente na extração
2128,2129,GGPS3,2026-09-07,raw_volume,MISSING_VALUE,info,Valor ausente na extração
2139,2140,EGGY3,2026-03-25,close,MISSING_VALUE,info,Valor ausente na extração
2139,2140,EGGY3,2026-03-25,adjusted_quantity,MISSING_VALUE,info,Valor ausente na extração
2139,2140,EGGY3,2026-03-25,open,MISSING_VALUE,info,Valor ausente na extração
2139,2140,EGGY3,2026-03-25,high,MISSING_VALUE,info,Valor ausente na extração
2139,2140,EGGY3,2026-03-25,low,MISSING_VALUE,info,Valor ausente na extração
2139,2140,EGGY3,2026-03-25,average,MISSING_VALUE,info,Valor ausente na extração
2139,2140,EGGY3,2026-03-25,raw_volume,MISSING_VALUE,info,Valor ausente na extração
2140,2141,EGGY3,2026-03-26,close,MISSING_VALUE,info,Valor ausente na extração
2140,2141,EGGY3,2026-03-26,adjusted_quantity,MISSING_VALUE,info,Valor ausente na extração
2140,2141,EGGY3,2026-03-26,open,MISSING_VALUE,info,Valor ausente na extração
2140,2141,EGGY3,2026-03-26,high,MISSING_VALUE,info,Valor ausente na extração
2140,2141,EGGY3,2026-03-26,low,MISSING_VALUE,info,Valor ausente na extração
2140,2141,EGGY3,2026-03-26,average,MISSING_VALUE,info,Valor ausente na extração
2140,2141,EGGY3,2026-03-26,raw_volume,MISSING_VALUE,info,Valor ausente na extração
2141,2142,EGGY3,2026-03-27,close,MISSING_VALUE,info,Valor ausente na extração
2141,2142,EGGY3,2026-03-27,adjusted_quantity,MISSING_VALUE,info,Valor ausente na extração
2141,2142,EGGY3,2026-03-27,open,MISSING_VALUE,info,Valor ausente na extração
2141,2142,EGGY3,2026-03-27,high,MISSING_VALUE,info,Valor ausente na extração
2141,2142,EGGY3,2026-03-27,low,MISSING_VALUE,info,Valor ausente na extração
2141,2142,EGGY3,2026-03-27,average,MISSING_VALUE,info,Valor ausente na extração
2141,2142,EGGY3,2026-03-27,raw_volume,MISSING_VALUE,info,Valor ausente na extração
2142,2143,EGGY3,2026-03-30,close,MISSING_VALUE,info,Valor ausente na extração
2142,2143,EGGY3,2026-03-30,adjusted_quantity,MISSING_VALUE,info,Valor ausente na extração
2142,2143,EGGY3,2026-03-30,open,MISSING_VALUE,info,Valor ausente na extração
2142,2143,EGGY3,2026-03-30,high,MISSING_VALUE,info,Valor ausente na extração
2142,2143,EGGY3,2026-03-30,low,MISSING_VALUE,info,Valor ausente na extração
2142,2143,EGGY3,2026-03-30,average,MISSING_VALUE,info,Valor ausente na extração
2142,2143,EGGY3,2026-03-30,raw_volume,MISSING_VALUE,info,Valor ausente na extração
2143,2144,EGGY3,2026-03-31,close,MISSING_VALUE,info,Valor ausente na extração
2143,2144,EGGY3,2026-03-31,adjusted_quantity,MISSING_VALUE,info,Valor ausente na extração
2143,2144,EGGY3,2026-03-31,open,MISSING_VALUE,info,Valor ausente na extração
2143,2144,EGGY3,2026-03-31,high,MISSING_VALUE,info,Valor ausente na extração
2143,2144,EGGY3,2026-03-31,low,MISSING_VALUE,info,Valor ausente na extração
2143,2144,EGGY3,2026-03-31,average,MISSING_VALUE,info,Valor ausente na extração
2143,2144,EGGY3,2026-03-31,raw_volume,MISSING_VALUE,info,Valor ausente na extração
2144,2145,EGGY3,2026-04-01,close,MISSING_VALUE,info,Valor ausente na extração
2144,2145,EGGY3,2026-04-01,adjusted_quantity,MISSING_VALUE,info,Valor ausente na extração
2144,2145,EGGY3,2026-04-01,open,MISSING_VALUE,info,Valor ausente na extração
2144,2145,EGGY3,2026-04-01,high,MISSING_VALUE,info,Valor ausente na extração
2144,2145,EGGY3,2026-04-01,low,MISSING_VALUE,info,Valor ausente na extração
2144,2145,EGGY3,2026-04-01,average,MISSING_VALUE,info,Valor ausente na extração
2144,2145,EGGY3,2026-04-01,raw_volume,MISSING_VALUE,info,Valor ausente na extração
2145,2146,EGGY3,2026-04-02,close,MISSING_VALUE,info,Valor ausente na extração
2145,2146,EGGY3,2026-04-02,adjusted_quantity,MISSING_VALUE,info,Valor ausente na extração
2145,2146,EGGY3,2026-04-02,open,MISSING_VALUE,info,Valor ausente na extração
2145,2146,EGGY3,2026-04-02,high,MISSING_VALUE,info,Valor ausente na extração
2145,2146,EGGY3,2026-04-02,low,MISSING_VALUE,info,Valor ausente na extração
2145,2146,EGGY3,2026-04-02,average,MISSING_VALUE,info,Valor ausente na extração
2145,2146,EGGY3,2026-04-02,raw_volume,MISSING_VALUE,info,Valor ausente na extração
2146,2147,EGGY3,2026-04-03,close,MISSING_VALUE,info,Valor ausente na extração
2146,2147,EGGY3,2026-04-03,adjusted_quantity,MISSING_VALUE,info,Valor ausente na extração
2146,2147,EGGY3,2026-04-03,open,MISSING_VALUE,info,Valor ausente na extração
2146,2147,EGGY3,2026-04-03,high,MISSING_VALUE,info,Valor ausente na extração
2146,2147,EGGY3,2026-04-03,low,MISSING_VALUE,info,Valor ausente na extração
2146,2147,EGGY3,2026-04-03,average,MISSING_VALUE,info,Valor ausente na extração
2146,2147,EGGY3,2026-04-03,raw_volume,MISSING_VALUE,info,Valor ausente na extração
2147,2148,EGGY3,2026-04-06,close,MISSING_VALUE,info,Valor ausente na extração
2147,2148,EGGY3,2026-04-06,adjusted_quantity,MISSING_VALUE,info,Valor ausente na extração
2147,2148,EGGY3,2026-04-06,open,MISSING_VALUE,info,Valor ausente na extração
2147,2148,EGGY3,2026-04-06,high,MISSING_VALUE,info,Valor ausente na extração
2147,2148,EGGY3,2026-04-06,low,MISSING_VALUE,info,Valor ausente na extração
2147,2148,EGGY3,2026-04-06,average,MISSING_VALUE,info,Valor ausente na extração
2147,2148,EGGY3,2026-04-06,raw_volume,MISSING_VALUE,info,Valor ausente na extração
2148,2149,EGGY3,2026-04-07,close,MISSING_VALUE,info,Valor ausente na extração
2148,2149,EGGY3,2026-04-07,adjusted_quantity,MISSING_VALUE,info,Valor ausente na extração
2148,2149,EGGY3,2026-04-07,open,MISSING_VALUE,info,Valor ausente na extração
2148,2149,EGGY3,2026-04-07,high,MISSING_VALUE,info,Valor ausente na extração
2148,2149,EGGY3,2026-04-07,low,MISSING_VALUE,info,Valor ausente na extração
2148,2149,EGGY3,2026-04-07,average,MISSING_VALUE,info,Valor ausente na extração
2148,2149,EGGY3,2026-04-07,raw_volume,MISSING_VALUE,info,Valor ausente na extração
2150,2151,CGRA3,2026-09-07,close,MISSING_VALUE,info,Valor ausente na extração
2150,2151,CGRA3,2026-09-07,adjusted_quantity,MISSING_VALUE,info,Valor ausente na extração
2150,2151,CGRA3,2026-09-07,open,MISSING_VALUE,info,Valor ausente na extração
2150,2151,CGRA3,2026-09-07,high,MISSING_VALUE,info,Valor ausente na extração
2150,2151,CGRA3,2026-09-07,low,MISSING_VALUE,info,Valor ausente na extração
2150,2151,CGRA3,2026-09-07,average,MISSING_VALUE,info,Valor ausente na extração
2150,2151,CGRA3,2026-09-07,raw_volume,MISSING_VALUE,info,Valor ausente na extração
2161,2162,CGRA4,2026-09-07,close,MISSING_VALUE,info,Valor ausente na extração
2161,2162,CGRA4,2026-09-07,adjusted_quantity,MISSING_VALUE,info,Valor ausente na extração
2161,2162,CGRA4,2026-09-07,open,MISSING_VALUE,info,Valor ausente na extração
2161,2162,CGRA4,2026-09-07,high,MISSING_VALUE,info,Valor ausente na extração
2161,2162,CGRA4,2026-09-07,low,MISSING_VALUE,info,Valor ausente na extração
2161,2162,CGRA4,2026-09-07,average,MISSING_VALUE,info,Valor ausente na extração
2161,2162,CGRA4,2026-09-07,raw_volume,MISSING_VALUE,info,Valor ausente na extração
2172,2173,GRND3,2026-09-07,close,MISSING_VALUE,info,Valor ausente na extração
2172,2173,GRND3,2026-09-07,adjusted_quantity,MISSING_VALUE,info,Valor ausente na extração
2172,2173,GRND3,2026-09-07,open,MISSING_VALUE,info,Valor ausente na extração
2172,2173,GRND3,2026-09-07,high,MISSING_VALUE,info,Valor ausente na extração
2172,2173,GRND3,2026-09-07,low,MISSING_VALUE,info,Valor ausente na extração
2172,2173,GRND3,2026-09-07,average,MISSING_VALUE,info,Valor ausente na extração
2172,2173,GRND3,2026-09-07,raw_volume,MISSING_VALUE,info,Valor ausente na extração
2183,2184,GMAT3,2026-09-07,close,MISSING_VALUE,info,Valor ausente na extração
2183,2184,GMAT3,2026-09-07,adjusted_quantity,MISSING_VALUE,info,Valor ausente na extração
2183,2184,GMAT3,2026-09-07,open,MISSING_VALUE,info,Valor ausente na extração
2183,2184,GMAT3,2026-09-07,high,MISSING_VALUE,info,Valor ausente na extração
2183,2184,GMAT3,2026-09-07,low,MISSING_VALUE,info,Valor ausente na extração
2183,2184,GMAT3,2026-09-07,average,MISSING_VALUE,info,Valor ausente na extração
2183,2184,GMAT3,2026-09-07,raw_volume,MISSING_VALUE,info,Valor ausente na extração
2194,2195,SALT3,1920-01-02,close,MISSING_VALUE,info,Valor ausente na extração
2194,2195,SALT3,1920-01-02,adjusted_quantity,MISSING_VALUE,info,Valor ausente na extração
2194,2195,SALT3,1920-01-02,open,MISSING_VALUE,info,Valor ausente na extração
2194,2195,SALT3,1920-01-02,high,MISSING_VALUE,info,Valor ausente na extração
2194,2195,SALT3,1920-01-02,low,MISSING_VALUE,info,Valor ausente na extração
2194,2195,SALT3,1920-01-02,average,MISSING_VALUE,info,Valor ausente na extração
2194,2195,SALT3,1920-01-02,raw_volume,MISSING_VALUE,info,Valor ausente na extração
2195,2196,SALT5,1920-01-02,close,MISSING_VALUE,info,Valor ausente na extração
2195,2196,SALT5,1920-01-02,adjusted_quantity,MISSING_VALUE,info,Valor ausente na extração
2195,2196,SALT5,1920-01-02,open,MISSING_VALUE,info,Valor ausente na extração
2195,2196,SALT5,1920-01-02,high,MISSING_VALUE,info,Valor ausente na extração
2195,2196,SALT5,1920-01-02,low,MISSING_VALUE,info,Valor ausente na extração
2195,2196,SALT5,1920-01-02,average,MISSING_VALUE,info,Valor ausente na extração
2195,2196,SALT5,1920-01-02,raw_volume,MISSING_VALUE,info,Valor ausente na extração
2196,2197,SALT6,1920-01-02,close,MISSING_VALUE,info,Valor ausente na extração
2196,2197,SALT6,1920-01-02,adjusted_quantity,MISSING_VALUE,info,Valor ausente na extração
2196,2197,SALT6,1920-01-02,open,MISSING_VALUE,info,Valor ausente na extração
2196,2197,SALT6,1920-01-02,high,MISSING_VALUE,info,Valor ausente na extração
2196,2197,SALT6,1920-01-02,low,MISSING_VALUE,info,Valor ausente na extração
2196,2197,SALT6,1920-01-02,average,MISSING_VALUE,info,Valor ausente na extração
2196,2197,SALT6,1920-01-02,raw_volume,MISSING_VALUE,info,Valor ausente na extração
2197,2198,SBFG3,2026-09-07,close,MISSING_VALUE,info,Valor ausente na extração
2197,2198,SBFG3,2026-09-07,adjusted_quantity,MISSING_VALUE,info,Valor ausente na extração
2197,2198,SBFG3,2026-09-07,open,MISSING_VALUE,info,Valor ausente na extração
2197,2198,SBFG3,2026-09-07,high,MISSING_VALUE,info,Valor ausente na extração
2197,2198,SBFG3,2026-09-07,low,MISSING_VALUE,info,Valor ausente na extração
2197,2198,SBFG3,2026-09-07,average,MISSING_VALUE,info,Valor ausente na extração
2197,2198,SBFG3,2026-09-07,raw_volume,MISSING_VALUE,info,Valor ausente na extração
2208,2209,TOKY3,2026-09-07,close,MISSING_VALUE,info,Valor ausente na extração
2208,2209,TOKY3,2026-09-07,adjusted_quantity,MISSING_VALUE,info,Valor ausente na extração
2208,2209,TOKY3,2026-09-07,open,MISSING_VALUE,info,Valor ausente na extração
2208,2209,TOKY3,2026-09-07,high,MISSING_VALUE,info,Valor ausente na extração
2208,2209,TOKY3,2026-09-07,low,MISSING_VALUE,info,Valor ausente na extração
2208,2209,TOKY3,2026-09-07,average,MISSING_VALUE,info,Valor ausente na extração
2208,2209,TOKY3,2026-09-07,raw_volume,MISSING_VALUE,info,Valor ausente na extração
2219,2220,HBTS3,1920-01-02,close,MISSING_VALUE,info,Valor ausente na extração
2219,2220,HBTS3,1920-01-02,adjusted_quantity,MISSING_VALUE,info,Valor ausente na extração
2219,2220,HBTS3,1920-01-02,open,MISSING_VALUE,info,Valor ausente na extração
2219,2220,HBTS3,1920-01-02,high,MISSING_VALUE,info,Valor ausente na extração
2219,2220,HBTS3,1920-01-02,low,MISSING_VALUE,info,Valor ausente na extração
2219,2220,HBTS3,1920-01-02,average,MISSING_VALUE,info,Valor ausente na extração
2219,2220,HBTS3,1920-01-02,raw_volume,MISSING_VALUE,info,Valor ausente na extração
2220,2221,HBTS5,2026-08-31,close,MISSING_VALUE,info,Valor ausente na extração
2220,2221,HBTS5,2026-08-31,adjusted_quantity,MISSING_VALUE,info,Valor ausente na extração
2220,2221,HBTS5,2026-08-31,open,MISSING_VALUE,info,Valor ausente na extração
2220,2221,HBTS5,2026-08-31,high,MISSING_VALUE,info,Valor ausente na extração
2220,2221,HBTS5,2026-08-31,low,MISSING_VALUE,info,Valor ausente na extração
2220,2221,HBTS5,2026-08-31,average,MISSING_VALUE,info,Valor ausente na extração
2220,2221,HBTS5,2026-08-31,raw_volume,MISSING_VALUE,info,Valor ausente na extração
2221,2222,HBTS5,2026-09-01,close,MISSING_VALUE,info,Valor ausente na extração
2221,2222,HBTS5,2026-09-01,adjusted_quantity,MISSING_VALUE,info,Valor ausente na extração
2221,2222,HBTS5,2026-09-01,open,MISSING_VALUE,info,Valor ausente na extração
2221,2222,HBTS5,2026-09-01,high,MISSING_VALUE,info,Valor ausente na extração
2221,2222,HBTS5,2026-09-01,low,MISSING_VALUE,info,Valor ausente na extração
2221,2222,HBTS5,2026-09-01,average,MISSING_VALUE,info,Valor ausente na extração
2221,2222,HBTS5,2026-09-01,raw_volume,MISSING_VALUE,info,Valor ausente na extração
2222,2223,HBTS5,2026-09-02,close,MISSING_VALUE,info,Valor ausente na extração
2222,2223,HBTS5,2026-09-02,adjusted_quantity,MISSING_VALUE,info,Valor ausente na extração
2222,2223,HBTS5,2026-09-02,open,MISSING_VALUE,info,Valor ausente na extração
2222,2223,HBTS5,2026-09-02,high,MISSING_VALUE,info,Valor ausente na extração
2222,2223,HBTS5,2026-09-02,low,MISSING_VALUE,info,Valor ausente na extração
2222,2223,HBTS5,2026-09-02,average,MISSING_VALUE,info,Valor ausente na extração
2222,2223,HBTS5,2026-09-02,raw_volume,MISSING_VALUE,info,Valor ausente na extração
2223,2224,HBTS5,2026-09-03,close,MISSING_VALUE,info,Valor ausente na extração
2223,2224,HBTS5,2026-09-03,adjusted_quantity,MISSING_VALUE,info,Valor ausente na extração
2223,2224,HBTS5,2026-09-03,open,MISSING_VALUE,info,Valor ausente na extração
2223,2224,HBTS5,2026-09-03,high,MISSING_VALUE,info,Valor ausente na extração
2223,2224,HBTS5,2026-09-03,low,MISSING_VALUE,info,Valor ausente na extração
2223,2224,HBTS5,2026-09-03,average,MISSING_VALUE,info,Valor ausente na extração
2223,2224,HBTS5,2026-09-03,raw_volume,MISSING_VALUE,info,Valor ausente na extração
2224,2225,HBTS5,2026-09-04,close,MISSING_VALUE,info,Valor ausente na extração
2224,2225,HBTS5,2026-09-04,adjusted_quantity,MISSING_VALUE,info,Valor ausente na extração
2224,2225,HBTS5,2026-09-04,open,MISSING_VALUE,info,Valor ausente na extração
2224,2225,HBTS5,2026-09-04,high,MISSING_VALUE,info,Valor ausente na extração
2224,2225,HBTS5,2026-09-04,low,MISSING_VALUE,info,Valor ausente na extração
2224,2225,HBTS5,2026-09-04,average,MISSING_VALUE,info,Valor ausente na extração
2224,2225,HBTS5,2026-09-04,raw_volume,MISSING_VALUE,info,Valor ausente na extração
2225,2226,HBTS5,2026-09-07,close,MISSING_VALUE,info,Valor ausente na extração
2225,2226,HBTS5,2026-09-07,adjusted_quantity,MISSING_VALUE,info,Valor ausente na extração
2225,2226,HBTS5,2026-09-07,open,MISSING_VALUE,info,Valor ausente na extração
2225,2226,HBTS5,2026-09-07,high,MISSING_VALUE,info,Valor ausente na extração
2225,2226,HBTS5,2026-09-07,low,MISSING_VALUE,info,Valor ausente na extração
2225,2226,HBTS5,2026-09-07,average,MISSING_VALUE,info,Valor ausente na extração
2225,2226,HBTS5,2026-09-07,raw_volume,MISSING_VALUE,info,Valor ausente na extração
2226,2227,HBTS5,2026-09-08,close,MISSING_VALUE,info,Valor ausente na extração
2226,2227,HBTS5,2026-09-08,adjusted_quantity,MISSING_VALUE,info,Valor ausente na extração
2226,2227,HBTS5,2026-09-08,open,MISSING_VALUE,info,Valor ausente na extração
2226,2227,HBTS5,2026-09-08,high,MISSING_VALUE,info,Valor ausente na extração
2226,2227,HBTS5,2026-09-08,low,MISSING_VALUE,info,Valor ausente na extração
2226,2227,HBTS5,2026-09-08,average,MISSING_VALUE,info,Valor ausente na extração
2226,2227,HBTS5,2026-09-08,raw_volume,MISSING_VALUE,info,Valor ausente na extração
2227,2228,HBTS5,2026-09-09,close,MISSING_VALUE,info,Valor ausente na extração
2227,2228,HBTS5,2026-09-09,adjusted_quantity,MISSING_VALUE,info,Valor ausente na extração
2227,2228,HBTS5,2026-09-09,open,MISSING_VALUE,info,Valor ausente na extração
2227,2228,HBTS5,2026-09-09,high,MISSING_VALUE,info,Valor ausente na extração
2227,2228,HBTS5,2026-09-09,low,MISSING_VALUE,info,Valor ausente na extração
2227,2228,HBTS5,2026-09-09,average,MISSING_VALUE,info,Valor ausente na extração
2227,2228,HBTS5,2026-09-09,raw_volume,MISSING_VALUE,info,Valor ausente na extração
2228,2229,HBTS5,2026-09-10,close,MISSING_VALUE,info,Valor ausente na extração
2228,2229,HBTS5,2026-09-10,adjusted_quantity,MISSING_VALUE,info,Valor ausente na extração
2228,2229,HBTS5,2026-09-10,open,MISSING_VALUE,info,Valor ausente na extração
2228,2229,HBTS5,2026-09-10,high,MISSING_VALUE,info,Valor ausente na extração
2228,2229,HBTS5,2026-09-10,low,MISSING_VALUE,info,Valor ausente na extração
2228,2229,HBTS5,2026-09-10,average,MISSING_VALUE,info,Valor ausente na extração
2228,2229,HBTS5,2026-09-10,raw_volume,MISSING_VALUE,info,Valor ausente na extração
2229,2230,HBTS5,2026-09-11,close,MISSING_VALUE,info,Valor ausente na extração
2229,2230,HBTS5,2026-09-11,adjusted_quantity,MISSING_VALUE,info,Valor ausente na extração
2229,2230,HBTS5,2026-09-11,open,MISSING_VALUE,info,Valor ausente na extração
2229,2230,HBTS5,2026-09-11,high,MISSING_VALUE,info,Valor ausente na extração
2229,2230,HBTS5,2026-09-11,low,MISSING_VALUE,info,Valor ausente na extração
2229,2230,HBTS5,2026-09-11,average,MISSING_VALUE,info,Valor ausente na extração
2229,2230,HBTS5,2026-09-11,raw_volume,MISSING_VALUE,info,Valor ausente na extração
2231,2232,HBTS6,1920-01-02,close,MISSING_VALUE,info,Valor ausente na extração
2231,2232,HBTS6,1920-01-02,adjusted_quantity,MISSING_VALUE,info,Valor ausente na extração
2231,2232,HBTS6,1920-01-02,open,MISSING_VALUE,info,Valor ausente na extração
2231,2232,HBTS6,1920-01-02,high,MISSING_VALUE,info,Valor ausente na extração
2231,2232,HBTS6,1920-01-02,low,MISSING_VALUE,info,Valor ausente na extração
2231,2232,HBTS6,1920-01-02,average,MISSING_VALUE,info,Valor ausente na extração
2231,2232,HBTS6,1920-01-02,raw_volume,MISSING_VALUE,info,Valor ausente na extração
2232,2233,HAGA3,2026-09-07,close,MISSING_VALUE,info,Valor ausente na extração
2232,2233,HAGA3,2026-09-07,adjusted_quantity,MISSING_VALUE,info,Valor ausente na extração
2232,2233,HAGA3,2026-09-07,open,MISSING_VALUE,info,Valor ausente na extração
2232,2233,HAGA3,2026-09-07,high,MISSING_VALUE,info,Valor ausente na extração
2232,2233,HAGA3,2026-09-07,low,MISSING_VALUE,info,Valor ausente na extração
2232,2233,HAGA3,2026-09-07,average,MISSING_VALUE,info,Valor ausente na extração
2232,2233,HAGA3,2026-09-07,raw_volume,MISSING_VALUE,info,Valor ausente na extração
2236,2237,HAGA3,2026-09-11,close,MISSING_VALUE,info,Valor ausente na extração
2236,2237,HAGA3,2026-09-11,adjusted_quantity,MISSING_VALUE,info,Valor ausente na extração
2236,2237,HAGA3,2026-09-11,open,MISSING_VALUE,info,Valor ausente na extração
2236,2237,HAGA3,2026-09-11,high,MISSING_VALUE,info,Valor ausente na extração
2236,2237,HAGA3,2026-09-11,low,MISSING_VALUE,info,Valor ausente na extração
2236,2237,HAGA3,2026-09-11,average,MISSING_VALUE,info,Valor ausente na extração
2236,2237,HAGA3,2026-09-11,raw_volume,MISSING_VALUE,info,Valor ausente na extração
2239,2240,HAGA3,2026-09-16,close,MISSING_VALUE,info,Valor ausente na extração
2239,2240,HAGA3,2026-09-16,adjusted_quantity,MISSING_VALUE,info,Valor ausente na extração
2239,2240,HAGA3,2026-09-16,open,MISSING_VALUE,info,Valor ausente na extração
2239,2240,HAGA3,2026-09-16,high,MISSING_VALUE,info,Valor ausente na extração
2239,2240,HAGA3,2026-09-16,low,MISSING_VALUE,info,Valor ausente na extração
2239,2240,HAGA3,2026-09-16,average,MISSING_VALUE,info,Valor ausente na extração
2239,2240,HAGA3,2026-09-16,raw_volume,MISSING_VALUE,info,Valor ausente na extração
2243,2244,HAGA4,2026-09-07,close,MISSING_VALUE,info,Valor ausente na extração
2243,2244,HAGA4,2026-09-07,adjusted_quantity,MISSING_VALUE,info,Valor ausente na extração
2243,2244,HAGA4,2026-09-07,open,MISSING_VALUE,info,Valor ausente na extração
2243,2244,HAGA4,2026-09-07,high,MISSING_VALUE,info,Valor ausente na extração
2243,2244,HAGA4,2026-09-07,low,MISSING_VALUE,info,Valor ausente na extração
2243,2244,HAGA4,2026-09-07,average,MISSING_VALUE,info,Valor ausente na extração
2243,2244,HAGA4,2026-09-07,raw_volume,MISSING_VALUE,info,Valor ausente na extração
2254,2255,HAPV3,2026-09-07,close,MISSING_VALUE,info,Valor ausente na extração
2254,2255,HAPV3,2026-09-07,adjusted_quantity,MISSING_VALUE,info,Valor ausente na extração
2254,2255,HAPV3,2026-09-07,open,MISSING_VALUE,info,Valor ausente na extração
2254,2255,HAPV3,2026-09-07,high,MISSING_VALUE,info,Valor ausente na extração
2254,2255,HAPV3,2026-09-07,low,MISSING_VALUE,info,Valor ausente na extração
2254,2255,HAPV3,2026-09-07,average,MISSING_VALUE,info,Valor ausente na extração
2254,2255,HAPV3,2026-09-07,raw_volume,MISSING_VALUE,info,Valor ausente na extração
2265,2266,HBRE3,2026-09-07,close,MISSING_VALUE,info,Valor ausente na extração
2265,2266,HBRE3,2026-09-07,adjusted_quantity,MISSING_VALUE,info,Valor ausente na extração
2265,2266,HBRE3,2026-09-07,open,MISSING_VALUE,info,Valor ausente na extração
2265,2266,HBRE3,2026-09-07,high,MISSING_VALUE,info,Valor ausente na extração
2265,2266,HBRE3,2026-09-07,low,MISSING_VALUE,info,Valor ausente na extração
2265,2266,HBRE3,2026-09-07,average,MISSING_VALUE,info,Valor ausente na extração
2265,2266,HBRE3,2026-09-07,raw_volume,MISSING_VALUE,info,Valor ausente na extração
2276,2277,HBOR3,2026-09-07,close,MISSING_VALUE,info,Valor ausente na extração
2276,2277,HBOR3,2026-09-07,adjusted_quantity,MISSING_VALUE,info,Valor ausente na extração
2276,2277,HBOR3,2026-09-07,open,MISSING_VALUE,info,Valor ausente na extração
2276,2277,HBOR3,2026-09-07,high,MISSING_VALUE,info,Valor ausente na extração
2276,2277,HBOR3,2026-09-07,low,MISSING_VALUE,info,Valor ausente na extração
2276,2277,HBOR3,2026-09-07,average,MISSING_VALUE,info,Valor ausente na extração
2276,2277,HBOR3,2026-09-07,raw_volume,MISSING_VALUE,info,Valor ausente na extração
2287,2288,HETA3,2022-07-29,close,MISSING_VALUE,info,Valor ausente na extração
2287,2288,HETA3,2022-07-29,adjusted_quantity,MISSING_VALUE,info,Valor ausente na extração
2287,2288,HETA3,2022-07-29,open,MISSING_VALUE,info,Valor ausente na extração
2287,2288,HETA3,2022-07-29,high,MISSING_VALUE,info,Valor ausente na extração
2287,2288,HETA3,2022-07-29,low,MISSING_VALUE,info,Valor ausente na extração
2287,2288,HETA3,2022-07-29,average,MISSING_VALUE,info,Valor ausente na extração
2287,2288,HETA3,2022-07-29,raw_volume,MISSING_VALUE,info,Valor ausente na extração
2288,2289,HETA3,2022-08-01,close,MISSING_VALUE,info,Valor ausente na extração
2288,2289,HETA3,2022-08-01,adjusted_quantity,MISSING_VALUE,info,Valor ausente na extração
2288,2289,HETA3,2022-08-01,open,MISSING_VALUE,info,Valor ausente na extração
2288,2289,HETA3,2022-08-01,high,MISSING_VALUE,info,Valor ausente na extração
2288,2289,HETA3,2022-08-01,low,MISSING_VALUE,info,Valor ausente na extração
2288,2289,HETA3,2022-08-01,average,MISSING_VALUE,info,Valor ausente na extração
2288,2289,HETA3,2022-08-01,raw_volume,MISSING_VALUE,info,Valor ausente na extração
2289,2290,HETA3,2022-08-02,close,MISSING_VALUE,info,Valor ausente na extração
2289,2290,HETA3,2022-08-02,adjusted_quantity,MISSING_VALUE,info,Valor ausente na extração
2289,2290,HETA3,2022-08-02,open,MISSING_VALUE,info,Valor ausente na extração
2289,2290,HETA3,2022-08-02,high,MISSING_VALUE,info,Valor ausente na extração
2289,2290,HETA3,2022-08-02,low,MISSING_VALUE,info,Valor ausente na extração
2289,2290,HETA3,2022-08-02,average,MISSING_VALUE,info,Valor ausente na extração
2289,2290,HETA3,2022-08-02,raw_volume,MISSING_VALUE,info,Valor ausente na extração
2290,2291,HETA3,2022-08-03,close,MISSING_VALUE,info,Valor ausente na extração
2290,2291,HETA3,2022-08-03,adjusted_quantity,MISSING_VALUE,info,Valor ausente na extração
2290,2291,HETA3,2022-08-03,open,MISSING_VALUE,info,Valor ausente na extração
2290,2291,HETA3,2022-08-03,high,MISSING_VALUE,info,Valor ausente na extração
2290,2291,HETA3,2022-08-03,low,MISSING_VALUE,info,Valor ausente na extração
2290,2291,HETA3,2022-08-03,average,MISSING_VALUE,info,Valor ausente na extração
2290,2291,HETA3,2022-08-03,raw_volume,MISSING_VALUE,info,Valor ausente na extração
2291,2292,HETA3,2022-08-04,close,MISSING_VALUE,info,Valor ausente na extração
2291,2292,HETA3,2022-08-04,adjusted_quantity,MISSING_VALUE,info,Valor ausente na extração
2291,2292,HETA3,2022-08-04,open,MISSING_VALUE,info,Valor ausente na extração
2291,2292,HETA3,2022-08-04,high,MISSING_VALUE,info,Valor ausente na extração
2291,2292,HETA3,2022-08-04,low,MISSING_VALUE,info,Valor ausente na extração
2291,2292,HETA3,2022-08-04,average,MISSING_VALUE,info,Valor ausente na extração
2291,2292,HETA3,2022-08-04,raw_volume,MISSING_VALUE,info,Valor ausente na extração
2292,2293,HETA3,2022-08-05,close,MISSING_VALUE,info,Valor ausente na extração
2292,2293,HETA3,2022-08-05,adjusted_quantity,MISSING_VALUE,info,Valor ausente na extração
2292,2293,HETA3,2022-08-05,open,MISSING_VALUE,info,Valor ausente na extração
2292,2293,HETA3,2022-08-05,high,MISSING_VALUE,info,Valor ausente na extração
2292,2293,HETA3,2022-08-05,low,MISSING_VALUE,info,Valor ausente na extração
2292,2293,HETA3,2022-08-05,average,MISSING_VALUE,info,Valor ausente na extração
2292,2293,HETA3,2022-08-05,raw_volume,MISSING_VALUE,info,Valor ausente na extração
2293,2294,HETA3,2022-08-08,close,MISSING_VALUE,info,Valor ausente na extração
2293,2294,HETA3,2022-08-08,adjusted_quantity,MISSING_VALUE,info,Valor ausente na extração
2293,2294,HETA3,2022-08-08,open,MISSING_VALUE,info,Valor ausente na extração
2293,2294,HETA3,2022-08-08,high,MISSING_VALUE,info,Valor ausente na extração
2293,2294,HETA3,2022-08-08,low,MISSING_VALUE,info,Valor ausente na extração
2293,2294,HETA3,2022-08-08,average,MISSING_VALUE,info,Valor ausente na extração
2293,2294,HETA3,2022-08-08,raw_volume,MISSING_VALUE,info,Valor ausente na extração
2294,2295,HETA3,2022-08-09,close,MISSING_VALUE,info,Valor ausente na extração
2294,2295,HETA3,2022-08-09,adjusted_quantity,MISSING_VALUE,info,Valor ausente na extração
2294,2295,HETA3,2022-08-09,open,MISSING_VALUE,info,Valor ausente na extração
2294,2295,HETA3,2022-08-09,high,MISSING_VALUE,info,Valor ausente na extração
2294,2295,HETA3,2022-08-09,low,MISSING_VALUE,info,Valor ausente na extração
2294,2295,HETA3,2022-08-09,average,MISSING_VALUE,info,Valor ausente na extração
2294,2295,HETA3,2022-08-09,raw_volume,MISSING_VALUE,info,Valor ausente na extração
2295,2296,HETA3,2022-08-10,close,MISSING_VALUE,info,Valor ausente na extração
2295,2296,HETA3,2022-08-10,adjusted_quantity,MISSING_VALUE,info,Valor ausente na extração
2295,2296,HETA3,2022-08-10,open,MISSING_VALUE,info,Valor ausente na extração
2295,2296,HETA3,2022-08-10,high,MISSING_VALUE,info,Valor ausente na extração
2295,2296,HETA3,2022-08-10,low,MISSING_VALUE,info,Valor ausente na extração
2295,2296,HETA3,2022-08-10,average,MISSING_VALUE,info,Valor ausente na extração
2295,2296,HETA3,2022-08-10,raw_volume,MISSING_VALUE,info,Valor ausente na extração
2298,2299,HETA4,2026-09-02,close,MISSING_VALUE,info,Valor ausente na extração
2298,2299,HETA4,2026-09-02,adjusted_quantity,MISSING_VALUE,info,Valor ausente na extração
2298,2299,HETA4,2026-09-02,open,MISSING_VALUE,info,Valor ausente na extração
2298,2299,HETA4,2026-09-02,high,MISSING_VALUE,info,Valor ausente na extração
2298,2299,HETA4,2026-09-02,low,MISSING_VALUE,info,Valor ausente na extração
2298,2299,HETA4,2026-09-02,average,MISSING_VALUE,info,Valor ausente na extração
2298,2299,HETA4,2026-09-02,raw_volume,MISSING_VALUE,info,Valor ausente na extração
2299,2300,HETA4,2026-09-03,close,MISSING_VALUE,info,Valor ausente na extração
2299,2300,HETA4,2026-09-03,adjusted_quantity,MISSING_VALUE,info,Valor ausente na extração
2299,2300,HETA4,2026-09-03,open,MISSING_VALUE,info,Valor ausente na extração
2299,2300,HETA4,2026-09-03,high,MISSING_VALUE,info,Valor ausente na extração
2299,2300,HETA4,2026-09-03,low,MISSING_VALUE,info,Valor ausente na extração
2299,2300,HETA4,2026-09-03,average,MISSING_VALUE,info,Valor ausente na extração
2299,2300,HETA4,2026-09-03,raw_volume,MISSING_VALUE,info,Valor ausente na extração
2300,2301,HETA4,2026-09-04,close,MISSING_VALUE,info,Valor ausente na extração
2300,2301,HETA4,2026-09-04,adjusted_quantity,MISSING_VALUE,info,Valor ausente na extração
2300,2301,HETA4,2026-09-04,open,MISSING_VALUE,info,Valor ausente na extração
2300,2301,HETA4,2026-09-04,high,MISSING_VALUE,info,Valor ausente na extração
2300,2301,HETA4,2026-09-04,low,MISSING_VALUE,info,Valor ausente na extração
2300,2301,HETA4,2026-09-04,average,MISSING_VALUE,info,Valor ausente na extração
2300,2301,HETA4,2026-09-04,raw_volume,MISSING_VALUE,info,Valor ausente na extração
2301,2302,HETA4,2026-09-07,close,MISSING_VALUE,info,Valor ausente na extração
2301,2302,HETA4,2026-09-07,adjusted_quantity,MISSING_VALUE,info,Valor ausente na extração
2301,2302,HETA4,2026-09-07,open,MISSING_VALUE,info,Valor ausente na extração
2301,2302,HETA4,2026-09-07,high,MISSING_VALUE,info,Valor ausente na extração
2301,2302,HETA4,2026-09-07,low,MISSING_VALUE,info,Valor ausente na extração
2301,2302,HETA4,2026-09-07,average,MISSING_VALUE,info,Valor ausente na extração
2301,2302,HETA4,2026-09-07,raw_volume,MISSING_VALUE,info,Valor ausente na extração
2303,2304,HETA4,2026-09-09,close,MISSING_VALUE,info,Valor ausente na extração
2303,2304,HETA4,2026-09-09,adjusted_quantity,MISSING_VALUE,info,Valor ausente na extração
2303,2304,HETA4,2026-09-09,open,MISSING_VALUE,info,Valor ausente na extração
2303,2304,HETA4,2026-09-09,high,MISSING_VALUE,info,Valor ausente na extração
2303,2304,HETA4,2026-09-09,low,MISSING_VALUE,info,Valor ausente na extração
2303,2304,HETA4,2026-09-09,average,MISSING_VALUE,info,Valor ausente na extração
2303,2304,HETA4,2026-09-09,raw_volume,MISSING_VALUE,info,Valor ausente na extração
2304,2305,HETA4,2026-09-10,close,MISSING_VALUE,info,Valor ausente na extração
2304,2305,HETA4,2026-09-10,adjusted_quantity,MISSING_VALUE,info,Valor ausente na extração
2304,2305,HETA4,2026-09-10,open,MISSING_VALUE,info,Valor ausente na extração
2304,2305,HETA4,2026-09-10,high,MISSING_VALUE,info,Valor ausente na extração
2304,2305,HETA4,2026-09-10,low,MISSING_VALUE,info,Valor ausente na extração
2304,2305,HETA4,2026-09-10,average,MISSING_VALUE,info,Valor ausente na extração
2304,2305,HETA4,2026-09-10,raw_volume,MISSING_VALUE,info,Valor ausente na extração
2305,2306,HETA4,2026-09-11,close,MISSING_VALUE,info,Valor ausente na extração
2305,2306,HETA4,2026-09-11,adjusted_quantity,MISSING_VALUE,info,Valor ausente na extração
2305,2306,HETA4,2026-09-11,open,MISSING_VALUE,info,Valor ausente na extração
2305,2306,HETA4,2026-09-11,high,MISSING_VALUE,info,Valor ausente na extração
2305,2306,HETA4,2026-09-11,low,MISSING_VALUE,info,Valor ausente na extração
2305,2306,HETA4,2026-09-11,average,MISSING_VALUE,info,Valor ausente na extração
2305,2306,HETA4,2026-09-11,raw_volume,MISSING_VALUE,info,Valor ausente na extração
2306,2307,HETA4,2026-09-14,close,MISSING_VALUE,info,Valor ausente na extração
2306,2307,HETA4,2026-09-14,adjusted_quantity,MISSING_VALUE,info,Valor ausente na extração
2306,2307,HETA4,2026-09-14,open,MISSING_VALUE,info,Valor ausente na extração
2306,2307,HETA4,2026-09-14,high,MISSING_VALUE,info,Valor ausente na extração
2306,2307,HETA4,2026-09-14,low,MISSING_VALUE,info,Valor ausente na extração
2306,2307,HETA4,2026-09-14,average,MISSING_VALUE,info,Valor ausente na extração
2306,2307,HETA4,2026-09-14,raw_volume,MISSING_VALUE,info,Valor ausente na extração
2307,2308,HETA4,2026-09-15,close,MISSING_VALUE,info,Valor ausente na extração
2307,2308,HETA4,2026-09-15,adjusted_quantity,MISSING_VALUE,info,Valor ausente na extração
2307,2308,HETA4,2026-09-15,open,MISSING_VALUE,info,Valor ausente na extração
2307,2308,HETA4,2026-09-15,high,MISSING_VALUE,info,Valor ausente na extração
2307,2308,HETA4,2026-09-15,low,MISSING_VALUE,info,Valor ausente na extração
2307,2308,HETA4,2026-09-15,average,MISSING_VALUE,info,Valor ausente na extração
2307,2308,HETA4,2026-09-15,raw_volume,MISSING_VALUE,info,Valor ausente na extração
2309,2310,HBSA3,2026-09-07,close,MISSING_VALUE,info,Valor ausente na extração
2309,2310,HBSA3,2026-09-07,adjusted_quantity,MISSING_VALUE,info,Valor ausente na extração
2309,2310,HBSA3,2026-09-07,open,MISSING_VALUE,info,Valor ausente na extração
2309,2310,HBSA3,2026-09-07,high,MISSING_VALUE,info,Valor ausente na extração
2309,2310,HBSA3,2026-09-07,low,MISSING_VALUE,info,Valor ausente na extração
2309,2310,HBSA3,2026-09-07,average,MISSING_VALUE,info,Valor ausente na extração
2309,2310,HBSA3,2026-09-07,raw_volume,MISSING_VALUE,info,Valor ausente na extração
2320,2321,HMOB3,1920-01-02,close,MISSING_VALUE,info,Valor ausente na extração
2320,2321,HMOB3,1920-01-02,adjusted_quantity,MISSING_VALUE,info,Valor ausente na extração
2320,2321,HMOB3,1920-01-02,open,MISSING_VALUE,info,Valor ausente na extração
2320,2321,HMOB3,1920-01-02,high,MISSING_VALUE,info,Valor ausente na extração
2320,2321,HMOB3,1920-01-02,low,MISSING_VALUE,info,Valor ausente na extração
2320,2321,HMOB3,1920-01-02,average,MISSING_VALUE,info,Valor ausente na extração
2320,2321,HMOB3,1920-01-02,raw_volume,MISSING_VALUE,info,Valor ausente na extração
2321,2322,HOOT3,1920-01-02,close,MISSING_VALUE,info,Valor ausente na extração
2321,2322,HOOT3,1920-01-02,adjusted_quantity,MISSING_VALUE,info,Valor ausente na extração
2321,2322,HOOT3,1920-01-02,open,MISSING_VALUE,info,Valor ausente na extração
2321,2322,HOOT3,1920-01-02,high,MISSING_VALUE,info,Valor ausente na extração
2321,2322,HOOT3,1920-01-02,low,MISSING_VALUE,info,Valor ausente na extração
2321,2322,HOOT3,1920-01-02,average,MISSING_VALUE,info,Valor ausente na extração
2321,2322,HOOT3,1920-01-02,raw_volume,MISSING_VALUE,info,Valor ausente na extração
2322,2323,HOOT4,2026-09-07,close,MISSING_VALUE,info,Valor ausente na extração
2322,2323,HOOT4,2026-09-07,adjusted_quantity,MISSING_VALUE,info,Valor ausente na extração
2322,2323,HOOT4,2026-09-07,open,MISSING_VALUE,info,Valor ausente na extração
2322,2323,HOOT4,2026-09-07,high,MISSING_VALUE,info,Valor ausente na extração
2322,2323,HOOT4,2026-09-07,low,MISSING_VALUE,info,Valor ausente na extração
2322,2323,HOOT4,2026-09-07,average,MISSING_VALUE,info,Valor ausente na extração
2322,2323,HOOT4,2026-09-07,raw_volume,MISSING_VALUE,info,Valor ausente na extração
2333,2334,HYPE3,2026-09-07,close,MISSING_VALUE,info,Valor ausente na extração
2333,2334,HYPE3,2026-09-07,adjusted_quantity,MISSING_VALUE,info,Valor ausente na extração
2333,2334,HYPE3,2026-09-07,open,MISSING_VALUE,info,Valor ausente na extração
2333,2334,HYPE3,2026-09-07,high,MISSING_VALUE,info,Valor ausente na extração
2333,2334,HYPE3,2026-09-07,low,MISSING_VALUE,info,Valor ausente na extração
2333,2334,HYPE3,2026-09-07,average,MISSING_VALUE,info,Valor ausente na extração
2333,2334,HYPE3,2026-09-07,raw_volume,MISSING_VALUE,info,Valor ausente na extração
2344,2345,IGSN3,1920-01-02,close,MISSING_VALUE,info,Valor ausente na extração
2344,2345,IGSN3,1920-01-02,adjusted_quantity,MISSING_VALUE,info,Valor ausente na extração
2344,2345,IGSN3,1920-01-02,open,MISSING_VALUE,info,Valor ausente na extração
2344,2345,IGSN3,1920-01-02,high,MISSING_VALUE,info,Valor ausente na extração
2344,2345,IGSN3,1920-01-02,low,MISSING_VALUE,info,Valor ausente na extração
2344,2345,IGSN3,1920-01-02,average,MISSING_VALUE,info,Valor ausente na extração
2344,2345,IGSN3,1920-01-02,raw_volume,MISSING_VALUE,info,Valor ausente na extração
2345,2346,IGTI3,2026-09-07,close,MISSING_VALUE,info,Valor ausente na extração
2345,2346,IGTI3,2026-09-07,adjusted_quantity,MISSING_VALUE,info,Valor ausente na extração
2345,2346,IGTI3,2026-09-07,open,MISSING_VALUE,info,Valor ausente na extração
2345,2346,IGTI3,2026-09-07,high,MISSING_VALUE,info,Valor ausente na extração
2345,2346,IGTI3,2026-09-07,low,MISSING_VALUE,info,Valor ausente na extração
2345,2346,IGTI3,2026-09-07,average,MISSING_VALUE,info,Valor ausente na extração
2345,2346,IGTI3,2026-09-07,raw_volume,MISSING_VALUE,info,Valor ausente na extração
2356,2357,IGTI4,2026-09-07,close,MISSING_VALUE,info,Valor ausente na extração
2356,2357,IGTI4,2026-09-07,adjusted_quantity,MISSING_VALUE,info,Valor ausente na extração
2356,2357,IGTI4,2026-09-07,open,MISSING_VALUE,info,Valor ausente na extração
2356,2357,IGTI4,2026-09-07,high,MISSING_VALUE,info,Valor ausente na extração
2356,2357,IGTI4,2026-09-07,low,MISSING_VALUE,info,Valor ausente na extração
2356,2357,IGTI4,2026-09-07,average,MISSING_VALUE,info,Valor ausente na extração
2356,2357,IGTI4,2026-09-07,raw_volume,MISSING_VALUE,info,Valor ausente na extração
2361,2362,IGTI4,2026-09-14,close,MISSING_VALUE,info,Valor ausente na extração
2361,2362,IGTI4,2026-09-14,adjusted_quantity,MISSING_VALUE,info,Valor ausente na extração
2361,2362,IGTI4,2026-09-14,open,MISSING_VALUE,info,Valor ausente na extração
2361,2362,IGTI4,2026-09-14,high,MISSING_VALUE,info,Valor ausente na extração
2361,2362,IGTI4,2026-09-14,low,MISSING_VALUE,info,Valor ausente na extração
2361,2362,IGTI4,2026-09-14,average,MISSING_VALUE,info,Valor ausente na extração
2361,2362,IGTI4,2026-09-14,raw_volume,MISSING_VALUE,info,Valor ausente na extração
2362,2363,IGTI4,2026-09-15,close,MISSING_VALUE,info,Valor ausente na extração
2362,2363,IGTI4,2026-09-15,adjusted_quantity,MISSING_VALUE,info,Valor ausente na extração
2362,2363,IGTI4,2026-09-15,open,MISSING_VALUE,info,Valor ausente na extração
2362,2363,IGTI4,2026-09-15,high,MISSING_VALUE,info,Valor ausente na extração
2362,2363,IGTI4,2026-09-15,low,MISSING_VALUE,info,Valor ausente na extração
2362,2363,IGTI4,2026-09-15,average,MISSING_VALUE,info,Valor ausente na extração
2362,2363,IGTI4,2026-09-15,raw_volume,MISSING_VALUE,info,Valor ausente na extração
2367,2368,IGTI11,2026-09-07,close,MISSING_VALUE,info,Valor ausente na extração
2367,2368,IGTI11,2026-09-07,adjusted_quantity,MISSING_VALUE,info,Valor ausente na extração
2367,2368,IGTI11,2026-09-07,open,MISSING_VALUE,info,Valor ausente na extração
2367,2368,IGTI11,2026-09-07,high,MISSING_VALUE,info,Valor ausente na extração
2367,2368,IGTI11,2026-09-07,low,MISSING_VALUE,info,Valor ausente na extração
2367,2368,IGTI11,2026-09-07,average,MISSING_VALUE,info,Valor ausente na extração
2367,2368,IGTI11,2026-09-07,raw_volume,MISSING_VALUE,info,Valor ausente na extração
2367,2368,IGTI11,2026-09-07,Ativo,INSTRUMENT_AMBIGUOUS,warning,Final 11 pode representar instrumentos distintos
2368,2369,IGTI11,2026-09-08,Ativo,INSTRUMENT_AMBIGUOUS,warning,Final 11 pode representar instrumentos distintos
2369,2370,IGTI11,2026-09-09,Ativo,INSTRUMENT_AMBIGUOUS,warning,Final 11 pode representar instrumentos distintos
2370,2371,IGTI11,2026-09-10,Ativo,INSTRUMENT_AMBIGUOUS,warning,Final 11 pode representar instrumentos distintos
2371,2372,IGTI11,2026-09-11,Ativo,INSTRUMENT_AMBIGUOUS,warning,Final 11 pode representar instrumentos distintos
2372,2373,IGTI11,2026-09-14,Ativo,INSTRUMENT_AMBIGUOUS,warning,Final 11 pode representar instrumentos distintos
2373,2374,IGTI11,2026-09-15,Ativo,INSTRUMENT_AMBIGUOUS,warning,Final 11 pode representar instrumentos distintos
2374,2375,IGTI11,2026-09-16,Ativo,INSTRUMENT_AMBIGUOUS,warning,Final 11 pode representar instrumentos distintos
2375,2376,IGTI11,2026-09-17,Ativo,INSTRUMENT_AMBIGUOUS,warning,Final 11 pode representar instrumentos distintos
2376,2377,IGTI11,2026-09-18,Ativo,INSTRUMENT_AMBIGUOUS,warning,Final 11 pode representar instrumentos distintos
2377,2378,IGTI11,2026-09-21,Ativo,INSTRUMENT_AMBIGUOUS,warning,Final 11 pode representar instrumentos distintos
2378,2379,MEAL3,2026-09-07,close,MISSING_VALUE,info,Valor ausente na extração
2378,2379,MEAL3,2026-09-07,adjusted_quantity,MISSING_VALUE,info,Valor ausente na extração
2378,2379,MEAL3,2026-09-07,open,MISSING_VALUE,info,Valor ausente na extração
2378,2379,MEAL3,2026-09-07,high,MISSING_VALUE,info,Valor ausente na extração
2378,2379,MEAL3,2026-09-07,low,MISSING_VALUE,info,Valor ausente na extração
2378,2379,MEAL3,2026-09-07,average,MISSING_VALUE,info,Valor ausente na extração
2378,2379,MEAL3,2026-09-07,raw_volume,MISSING_VALUE,info,Valor ausente na extração
2389,2390,INNC3,1920-01-02,close,MISSING_VALUE,info,Valor ausente na extração
2389,2390,INNC3,1920-01-02,adjusted_quantity,MISSING_VALUE,info,Valor ausente na extração
2389,2390,INNC3,1920-01-02,open,MISSING_VALUE,info,Valor ausente na extração
2389,2390,INNC3,1920-01-02,high,MISSING_VALUE,info,Valor ausente na extração
2389,2390,INNC3,1920-01-02,low,MISSING_VALUE,info,Valor ausente na extração
2389,2390,INNC3,1920-01-02,average,MISSING_VALUE,info,Valor ausente na extração
2389,2390,INNC3,1920-01-02,raw_volume,MISSING_VALUE,info,Valor ausente na extração
2390,2391,CATA3,1920-01-02,close,MISSING_VALUE,info,Valor ausente na extração
2390,2391,CATA3,1920-01-02,adjusted_quantity,MISSING_VALUE,info,Valor ausente na extração
2390,2391,CATA3,1920-01-02,open,MISSING_VALUE,info,Valor ausente na extração
2390,2391,CATA3,1920-01-02,high,MISSING_VALUE,info,Valor ausente na extração
2390,2391,CATA3,1920-01-02,low,MISSING_VALUE,info,Valor ausente na extração
2390,2391,CATA3,1920-01-02,average,MISSING_VALUE,info,Valor ausente na extração
2390,2391,CATA3,1920-01-02,raw_volume,MISSING_VALUE,info,Valor ausente na extração
2391,2392,CATA4,1920-01-02,close,MISSING_VALUE,info,Valor ausente na extração
2391,2392,CATA4,1920-01-02,adjusted_quantity,MISSING_VALUE,info,Valor ausente na extração
2391,2392,CATA4,1920-01-02,open,MISSING_VALUE,info,Valor ausente na extração
2391,2392,CATA4,1920-01-02,high,MISSING_VALUE,info,Valor ausente na extração
2391,2392,CATA4,1920-01-02,low,MISSING_VALUE,info,Valor ausente na extração
2391,2392,CATA4,1920-01-02,average,MISSING_VALUE,info,Valor ausente na extração
2391,2392,CATA4,1920-01-02,raw_volume,MISSING_VALUE,info,Valor ausente na extração
2392,2393,INEP3,2026-09-07,close,MISSING_VALUE,info,Valor ausente na extração
2392,2393,INEP3,2026-09-07,adjusted_quantity,MISSING_VALUE,info,Valor ausente na extração
2392,2393,INEP3,2026-09-07,open,MISSING_VALUE,info,Valor ausente na extração
2392,2393,INEP3,2026-09-07,high,MISSING_VALUE,info,Valor ausente na extração
2392,2393,INEP3,2026-09-07,low,MISSING_VALUE,info,Valor ausente na extração
2392,2393,INEP3,2026-09-07,average,MISSING_VALUE,info,Valor ausente na extração
2392,2393,INEP3,2026-09-07,raw_volume,MISSING_VALUE,info,Valor ausente na extração
2403,2404,INEP4,2026-09-07,close,MISSING_VALUE,info,Valor ausente na extração
2403,2404,INEP4,2026-09-07,adjusted_quantity,MISSING_VALUE,info,Valor ausente na extração
2403,2404,INEP4,2026-09-07,open,MISSING_VALUE,info,Valor ausente na extração
2403,2404,INEP4,2026-09-07,high,MISSING_VALUE,info,Valor ausente na extração
2403,2404,INEP4,2026-09-07,low,MISSING_VALUE,info,Valor ausente na extração
2403,2404,INEP4,2026-09-07,average,MISSING_VALUE,info,Valor ausente na extração
2403,2404,INEP4,2026-09-07,raw_volume,MISSING_VALUE,info,Valor ausente na extração
2414,2415,IFCM3,2026-09-07,close,MISSING_VALUE,info,Valor ausente na extração
2414,2415,IFCM3,2026-09-07,adjusted_quantity,MISSING_VALUE,info,Valor ausente na extração
2414,2415,IFCM3,2026-09-07,open,MISSING_VALUE,info,Valor ausente na extração
2414,2415,IFCM3,2026-09-07,high,MISSING_VALUE,info,Valor ausente na extração
2414,2415,IFCM3,2026-09-07,low,MISSING_VALUE,info,Valor ausente na extração
2414,2415,IFCM3,2026-09-07,average,MISSING_VALUE,info,Valor ausente na extração
2414,2415,IFCM3,2026-09-07,raw_volume,MISSING_VALUE,info,Valor ausente na extração
2425,2426,INTB3,2026-09-07,close,MISSING_VALUE,info,Valor ausente na extração
2425,2426,INTB3,2026-09-07,adjusted_quantity,MISSING_VALUE,info,Valor ausente na extração
2425,2426,INTB3,2026-09-07,open,MISSING_VALUE,info,Valor ausente na extração
2425,2426,INTB3,2026-09-07,high,MISSING_VALUE,info,Valor ausente na extração
2425,2426,INTB3,2026-09-07,low,MISSING_VALUE,info,Valor ausente na extração
2425,2426,INTB3,2026-09-07,average,MISSING_VALUE,info,Valor ausente na extração
2425,2426,INTB3,2026-09-07,raw_volume,MISSING_VALUE,info,Valor ausente na extração
2436,2437,IVPR3B,1920-01-02,close,MISSING_VALUE,info,Valor ausente na extração
2436,2437,IVPR3B,1920-01-02,adjusted_quantity,MISSING_VALUE,info,Valor ausente na extração
2436,2437,IVPR3B,1920-01-02,open,MISSING_VALUE,info,Valor ausente na extração
2436,2437,IVPR3B,1920-01-02,high,MISSING_VALUE,info,Valor ausente na extração
2436,2437,IVPR3B,1920-01-02,low,MISSING_VALUE,info,Valor ausente na extração
2436,2437,IVPR3B,1920-01-02,average,MISSING_VALUE,info,Valor ausente na extração
2436,2437,IVPR3B,1920-01-02,raw_volume,MISSING_VALUE,info,Valor ausente na extração
2436,2437,IVPR3B,1920-01-02,Ativo,INSTRUMENT_AMBIGUOUS,warning,Padrão do código insuficiente
2437,2438,IVPR4B,1920-01-02,close,MISSING_VALUE,info,Valor ausente na extração
2437,2438,IVPR4B,1920-01-02,adjusted_quantity,MISSING_VALUE,info,Valor ausente na extração
2437,2438,IVPR4B,1920-01-02,open,MISSING_VALUE,info,Valor ausente na extração
2437,2438,IVPR4B,1920-01-02,high,MISSING_VALUE,info,Valor ausente na extração
2437,2438,IVPR4B,1920-01-02,low,MISSING_VALUE,info,Valor ausente na extração
2437,2438,IVPR4B,1920-01-02,average,MISSING_VALUE,info,Valor ausente na extração
2437,2438,IVPR4B,1920-01-02,raw_volume,MISSING_VALUE,info,Valor ausente na extração
2437,2438,IVPR4B,1920-01-02,Ativo,INSTRUMENT_AMBIGUOUS,warning,Padrão do código insuficiente
2438,2439,FIGE3,2026-03-05,close,MISSING_VALUE,info,Valor ausente na extração
2438,2439,FIGE3,2026-03-05,adjusted_quantity,MISSING_VALUE,info,Valor ausente na extração
2438,2439,FIGE3,2026-03-05,open,MISSING_VALUE,info,Valor ausente na extração
2438,2439,FIGE3,2026-03-05,high,MISSING_VALUE,info,Valor ausente na extração
2438,2439,FIGE3,2026-03-05,low,MISSING_VALUE,info,Valor ausente na extração
2438,2439,FIGE3,2026-03-05,average,MISSING_VALUE,info,Valor ausente na extração
2438,2439,FIGE3,2026-03-05,raw_volume,MISSING_VALUE,info,Valor ausente na extração
2439,2440,FIGE3,2026-03-06,close,MISSING_VALUE,info,Valor ausente na extração
2439,2440,FIGE3,2026-03-06,adjusted_quantity,MISSING_VALUE,info,Valor ausente na extração
2439,2440,FIGE3,2026-03-06,open,MISSING_VALUE,info,Valor ausente na extração
2439,2440,FIGE3,2026-03-06,high,MISSING_VALUE,info,Valor ausente na extração
2439,2440,FIGE3,2026-03-06,low,MISSING_VALUE,info,Valor ausente na extração
2439,2440,FIGE3,2026-03-06,average,MISSING_VALUE,info,Valor ausente na extração
2439,2440,FIGE3,2026-03-06,raw_volume,MISSING_VALUE,info,Valor ausente na extração
2440,2441,FIGE3,2026-03-09,close,MISSING_VALUE,info,Valor ausente na extração
2440,2441,FIGE3,2026-03-09,adjusted_quantity,MISSING_VALUE,info,Valor ausente na extração
2440,2441,FIGE3,2026-03-09,open,MISSING_VALUE,info,Valor ausente na extração
2440,2441,FIGE3,2026-03-09,high,MISSING_VALUE,info,Valor ausente na extração
2440,2441,FIGE3,2026-03-09,low,MISSING_VALUE,info,Valor ausente na extração
2440,2441,FIGE3,2026-03-09,average,MISSING_VALUE,info,Valor ausente na extração
2440,2441,FIGE3,2026-03-09,raw_volume,MISSING_VALUE,info,Valor ausente na extração
2441,2442,FIGE3,2026-03-10,close,MISSING_VALUE,info,Valor ausente na extração
2441,2442,FIGE3,2026-03-10,adjusted_quantity,MISSING_VALUE,info,Valor ausente na extração
2441,2442,FIGE3,2026-03-10,open,MISSING_VALUE,info,Valor ausente na extração
2441,2442,FIGE3,2026-03-10,high,MISSING_VALUE,info,Valor ausente na extração
2441,2442,FIGE3,2026-03-10,low,MISSING_VALUE,info,Valor ausente na extração
2441,2442,FIGE3,2026-03-10,average,MISSING_VALUE,info,Valor ausente na extração
2441,2442,FIGE3,2026-03-10,raw_volume,MISSING_VALUE,info,Valor ausente na extração
2442,2443,FIGE3,2026-03-11,close,MISSING_VALUE,info,Valor ausente na extração
2442,2443,FIGE3,2026-03-11,adjusted_quantity,MISSING_VALUE,info,Valor ausente na extração
2442,2443,FIGE3,2026-03-11,open,MISSING_VALUE,info,Valor ausente na extração
2442,2443,FIGE3,2026-03-11,high,MISSING_VALUE,info,Valor ausente na extração
2442,2443,FIGE3,2026-03-11,low,MISSING_VALUE,info,Valor ausente na extração
2442,2443,FIGE3,2026-03-11,average,MISSING_VALUE,info,Valor ausente na extração
2442,2443,FIGE3,2026-03-11,raw_volume,MISSING_VALUE,info,Valor ausente na extração
2443,2444,FIGE3,2026-03-12,close,MISSING_VALUE,info,Valor ausente na extração
2443,2444,FIGE3,2026-03-12,adjusted_quantity,MISSING_VALUE,info,Valor ausente na extração
2443,2444,FIGE3,2026-03-12,open,MISSING_VALUE,info,Valor ausente na extração
2443,2444,FIGE3,2026-03-12,high,MISSING_VALUE,info,Valor ausente na extração
2443,2444,FIGE3,2026-03-12,low,MISSING_VALUE,info,Valor ausente na extração
2443,2444,FIGE3,2026-03-12,average,MISSING_VALUE,info,Valor ausente na extração
2443,2444,FIGE3,2026-03-12,raw_volume,MISSING_VALUE,info,Valor ausente na extração
2444,2445,FIGE3,2026-03-13,close,MISSING_VALUE,info,Valor ausente na extração
2444,2445,FIGE3,2026-03-13,adjusted_quantity,MISSING_VALUE,info,Valor ausente na extração
2444,2445,FIGE3,2026-03-13,open,MISSING_VALUE,info,Valor ausente na extração
2444,2445,FIGE3,2026-03-13,high,MISSING_VALUE,info,Valor ausente na extração
2444,2445,FIGE3,2026-03-13,low,MISSING_VALUE,info,Valor ausente na extração
2444,2445,FIGE3,2026-03-13,average,MISSING_VALUE,info,Valor ausente na extração
2444,2445,FIGE3,2026-03-13,raw_volume,MISSING_VALUE,info,Valor ausente na extração
2445,2446,FIGE3,2026-03-16,close,MISSING_VALUE,info,Valor ausente na extração
2445,2446,FIGE3,2026-03-16,adjusted_quantity,MISSING_VALUE,info,Valor ausente na extração
2445,2446,FIGE3,2026-03-16,open,MISSING_VALUE,info,Valor ausente na extração
2445,2446,FIGE3,2026-03-16,high,MISSING_VALUE,info,Valor ausente na extração
2445,2446,FIGE3,2026-03-16,low,MISSING_VALUE,info,Valor ausente na extração
2445,2446,FIGE3,2026-03-16,average,MISSING_VALUE,info,Valor ausente na extração
2445,2446,FIGE3,2026-03-16,raw_volume,MISSING_VALUE,info,Valor ausente na extração
2446,2447,FIGE3,2026-03-17,close,MISSING_VALUE,info,Valor ausente na extração
2446,2447,FIGE3,2026-03-17,adjusted_quantity,MISSING_VALUE,info,Valor ausente na extração
2446,2447,FIGE3,2026-03-17,open,MISSING_VALUE,info,Valor ausente na extração
2446,2447,FIGE3,2026-03-17,high,MISSING_VALUE,info,Valor ausente na extração
2446,2447,FIGE3,2026-03-17,low,MISSING_VALUE,info,Valor ausente na extração
2446,2447,FIGE3,2026-03-17,average,MISSING_VALUE,info,Valor ausente na extração
2446,2447,FIGE3,2026-03-17,raw_volume,MISSING_VALUE,info,Valor ausente na extração
2447,2448,FIGE3,2026-03-18,close,MISSING_VALUE,info,Valor ausente na extração
2447,2448,FIGE3,2026-03-18,adjusted_quantity,MISSING_VALUE,info,Valor ausente na extração
2447,2448,FIGE3,2026-03-18,open,MISSING_VALUE,info,Valor ausente na extração
2447,2448,FIGE3,2026-03-18,high,MISSING_VALUE,info,Valor ausente na extração
2447,2448,FIGE3,2026-03-18,low,MISSING_VALUE,info,Valor ausente na extração
2447,2448,FIGE3,2026-03-18,average,MISSING_VALUE,info,Valor ausente na extração
2447,2448,FIGE3,2026-03-18,raw_volume,MISSING_VALUE,info,Valor ausente na extração
2449,2450,FIGE4,2016-02-16,close,MISSING_VALUE,info,Valor ausente na extração
2449,2450,FIGE4,2016-02-16,adjusted_quantity,MISSING_VALUE,info,Valor ausente na extração
2449,2450,FIGE4,2016-02-16,open,MISSING_VALUE,info,Valor ausente na extração
2449,2450,FIGE4,2016-02-16,high,MISSING_VALUE,info,Valor ausente na extração
2449,2450,FIGE4,2016-02-16,low,MISSING_VALUE,info,Valor ausente na extração
2449,2450,FIGE4,2016-02-16,average,MISSING_VALUE,info,Valor ausente na extração
2449,2450,FIGE4,2016-02-16,raw_volume,MISSING_VALUE,info,Valor ausente na extração
2450,2451,FIGE4,2016-02-17,close,MISSING_VALUE,info,Valor ausente na extração
2450,2451,FIGE4,2016-02-17,adjusted_quantity,MISSING_VALUE,info,Valor ausente na extração
2450,2451,FIGE4,2016-02-17,open,MISSING_VALUE,info,Valor ausente na extração
2450,2451,FIGE4,2016-02-17,high,MISSING_VALUE,info,Valor ausente na extração
2450,2451,FIGE4,2016-02-17,low,MISSING_VALUE,info,Valor ausente na extração
2450,2451,FIGE4,2016-02-17,average,MISSING_VALUE,info,Valor ausente na extração
2450,2451,FIGE4,2016-02-17,raw_volume,MISSING_VALUE,info,Valor ausente na extração
2451,2452,FIGE4,2016-02-18,close,MISSING_VALUE,info,Valor ausente na extração
2451,2452,FIGE4,2016-02-18,adjusted_quantity,MISSING_VALUE,info,Valor ausente na extração
2451,2452,FIGE4,2016-02-18,open,MISSING_VALUE,info,Valor ausente na extração
2451,2452,FIGE4,2016-02-18,high,MISSING_VALUE,info,Valor ausente na extração
2451,2452,FIGE4,2016-02-18,low,MISSING_VALUE,info,Valor ausente na extração
2451,2452,FIGE4,2016-02-18,average,MISSING_VALUE,info,Valor ausente na extração
2451,2452,FIGE4,2016-02-18,raw_volume,MISSING_VALUE,info,Valor ausente na extração
2452,2453,FIGE4,2016-02-19,close,MISSING_VALUE,info,Valor ausente na extração
2452,2453,FIGE4,2016-02-19,adjusted_quantity,MISSING_VALUE,info,Valor ausente na extração
2452,2453,FIGE4,2016-02-19,open,MISSING_VALUE,info,Valor ausente na extração
2452,2453,FIGE4,2016-02-19,high,MISSING_VALUE,info,Valor ausente na extração
2452,2453,FIGE4,2016-02-19,low,MISSING_VALUE,info,Valor ausente na extração
2452,2453,FIGE4,2016-02-19,average,MISSING_VALUE,info,Valor ausente na extração
2452,2453,FIGE4,2016-02-19,raw_volume,MISSING_VALUE,info,Valor ausente na extração
2453,2454,FIGE4,2016-02-22,close,MISSING_VALUE,info,Valor ausente na extração
2453,2454,FIGE4,2016-02-22,adjusted_quantity,MISSING_VALUE,info,Valor ausente na extração
2453,2454,FIGE4,2016-02-22,open,MISSING_VALUE,info,Valor ausente na extração
2453,2454,FIGE4,2016-02-22,high,MISSING_VALUE,info,Valor ausente na extração
2453,2454,FIGE4,2016-02-22,low,MISSING_VALUE,info,Valor ausente na extração
2453,2454,FIGE4,2016-02-22,average,MISSING_VALUE,info,Valor ausente na extração
2453,2454,FIGE4,2016-02-22,raw_volume,MISSING_VALUE,info,Valor ausente na extração
2454,2455,FIGE4,2016-02-23,close,MISSING_VALUE,info,Valor ausente na extração
2454,2455,FIGE4,2016-02-23,adjusted_quantity,MISSING_VALUE,info,Valor ausente na extração
2454,2455,FIGE4,2016-02-23,open,MISSING_VALUE,info,Valor ausente na extração
2454,2455,FIGE4,2016-02-23,high,MISSING_VALUE,info,Valor ausente na extração
2454,2455,FIGE4,2016-02-23,low,MISSING_VALUE,info,Valor ausente na extração
2454,2455,FIGE4,2016-02-23,average,MISSING_VALUE,info,Valor ausente na extração
2454,2455,FIGE4,2016-02-23,raw_volume,MISSING_VALUE,info,Valor ausente na extração
2455,2456,FIGE4,2016-02-24,close,MISSING_VALUE,info,Valor ausente na extração
2455,2456,FIGE4,2016-02-24,adjusted_quantity,MISSING_VALUE,info,Valor ausente na extração
2455,2456,FIGE4,2016-02-24,open,MISSING_VALUE,info,Valor ausente na extração
2455,2456,FIGE4,2016-02-24,high,MISSING_VALUE,info,Valor ausente na extração
2455,2456,FIGE4,2016-02-24,low,MISSING_VALUE,info,Valor ausente na extração
2455,2456,FIGE4,2016-02-24,average,MISSING_VALUE,info,Valor ausente na extração
2455,2456,FIGE4,2016-02-24,raw_volume,MISSING_VALUE,info,Valor ausente na extração
2456,2457,FIGE4,2016-02-25,close,MISSING_VALUE,info,Valor ausente na extração
2456,2457,FIGE4,2016-02-25,adjusted_quantity,MISSING_VALUE,info,Valor ausente na extração
2456,2457,FIGE4,2016-02-25,open,MISSING_VALUE,info,Valor ausente na extração
2456,2457,FIGE4,2016-02-25,high,MISSING_VALUE,info,Valor ausente na extração
2456,2457,FIGE4,2016-02-25,low,MISSING_VALUE,info,Valor ausente na extração
2456,2457,FIGE4,2016-02-25,average,MISSING_VALUE,info,Valor ausente na extração
2456,2457,FIGE4,2016-02-25,raw_volume,MISSING_VALUE,info,Valor ausente na extração
2457,2458,FIGE4,2016-02-26,close,MISSING_VALUE,info,Valor ausente na extração
2457,2458,FIGE4,2016-02-26,adjusted_quantity,MISSING_VALUE,info,Valor ausente na extração
2457,2458,FIGE4,2016-02-26,open,MISSING_VALUE,info,Valor ausente na extração
2457,2458,FIGE4,2016-02-26,high,MISSING_VALUE,info,Valor ausente na extração
2457,2458,FIGE4,2016-02-26,low,MISSING_VALUE,info,Valor ausente na extração
2457,2458,FIGE4,2016-02-26,average,MISSING_VALUE,info,Valor ausente na extração
2457,2458,FIGE4,2016-02-26,raw_volume,MISSING_VALUE,info,Valor ausente na extração
2458,2459,FIGE4,2016-02-29,close,MISSING_VALUE,info,Valor ausente na extração
2458,2459,FIGE4,2016-02-29,adjusted_quantity,MISSING_VALUE,info,Valor ausente na extração
2458,2459,FIGE4,2016-02-29,open,MISSING_VALUE,info,Valor ausente na extração
2458,2459,FIGE4,2016-02-29,high,MISSING_VALUE,info,Valor ausente na extração
2458,2459,FIGE4,2016-02-29,low,MISSING_VALUE,info,Valor ausente na extração
2458,2459,FIGE4,2016-02-29,average,MISSING_VALUE,info,Valor ausente na extração
2458,2459,FIGE4,2016-02-29,raw_volume,MISSING_VALUE,info,Valor ausente na extração
2459,2460,FIGE4,2016-03-01,close,MISSING_VALUE,info,Valor ausente na extração
2459,2460,FIGE4,2016-03-01,open,MISSING_VALUE,info,Valor ausente na extração
2459,2460,FIGE4,2016-03-01,high,MISSING_VALUE,info,Valor ausente na extração
2459,2460,FIGE4,2016-03-01,low,MISSING_VALUE,info,Valor ausente na extração
2459,2460,FIGE4,2016-03-01,average,MISSING_VALUE,info,Valor ausente na extração
2460,2461,MYPK3,2026-09-07,close,MISSING_VALUE,info,Valor ausente na extração
2460,2461,MYPK3,2026-09-07,adjusted_quantity,MISSING_VALUE,info,Valor ausente na extração
2460,2461,MYPK3,2026-09-07,open,MISSING_VALUE,info,Valor ausente na extração
2460,2461,MYPK3,2026-09-07,high,MISSING_VALUE,info,Valor ausente na extração
2460,2461,MYPK3,2026-09-07,low,MISSING_VALUE,info,Valor ausente na extração
2460,2461,MYPK3,2026-09-07,average,MISSING_VALUE,info,Valor ausente na extração
2460,2461,MYPK3,2026-09-07,raw_volume,MISSING_VALUE,info,Valor ausente na extração
2471,2472,RANI3,2026-09-07,close,MISSING_VALUE,info,Valor ausente na extração
2471,2472,RANI3,2026-09-07,adjusted_quantity,MISSING_VALUE,info,Valor ausente na extração
2471,2472,RANI3,2026-09-07,open,MISSING_VALUE,info,Valor ausente na extração
2471,2472,RANI3,2026-09-07,high,MISSING_VALUE,info,Valor ausente na extração
2471,2472,RANI3,2026-09-07,low,MISSING_VALUE,info,Valor ausente na extração
2471,2472,RANI3,2026-09-07,average,MISSING_VALUE,info,Valor ausente na extração
2471,2472,RANI3,2026-09-07,raw_volume,MISSING_VALUE,info,Valor ausente na extração
2482,2483,IRBR3,2026-09-07,close,MISSING_VALUE,info,Valor ausente na extração
2482,2483,IRBR3,2026-09-07,adjusted_quantity,MISSING_VALUE,info,Valor ausente na extração
2482,2483,IRBR3,2026-09-07,open,MISSING_VALUE,info,Valor ausente na extração
2482,2483,IRBR3,2026-09-07,high,MISSING_VALUE,info,Valor ausente na extração
2482,2483,IRBR3,2026-09-07,low,MISSING_VALUE,info,Valor ausente na extração
2482,2483,IRBR3,2026-09-07,average,MISSING_VALUE,info,Valor ausente na extração
2482,2483,IRBR3,2026-09-07,raw_volume,MISSING_VALUE,info,Valor ausente na extração
2493,2494,ISAE3,2026-09-07,close,MISSING_VALUE,info,Valor ausente na extração
2493,2494,ISAE3,2026-09-07,adjusted_quantity,MISSING_VALUE,info,Valor ausente na extração
2493,2494,ISAE3,2026-09-07,open,MISSING_VALUE,info,Valor ausente na extração
2493,2494,ISAE3,2026-09-07,high,MISSING_VALUE,info,Valor ausente na extração
2493,2494,ISAE3,2026-09-07,low,MISSING_VALUE,info,Valor ausente na extração
2493,2494,ISAE3,2026-09-07,average,MISSING_VALUE,info,Valor ausente na extração
2493,2494,ISAE3,2026-09-07,raw_volume,MISSING_VALUE,info,Valor ausente na extração
2504,2505,ISAE4,2026-09-07,close,MISSING_VALUE,info,Valor ausente na extração
2504,2505,ISAE4,2026-09-07,adjusted_quantity,MISSING_VALUE,info,Valor ausente na extração
2504,2505,ISAE4,2026-09-07,open,MISSING_VALUE,info,Valor ausente na extração
2504,2505,ISAE4,2026-09-07,high,MISSING_VALUE,info,Valor ausente na extração
2504,2505,ISAE4,2026-09-07,low,MISSING_VALUE,info,Valor ausente na extração
2504,2505,ISAE4,2026-09-07,average,MISSING_VALUE,info,Valor ausente na extração
2504,2505,ISAE4,2026-09-07,raw_volume,MISSING_VALUE,info,Valor ausente na extração
2515,2516,ITSA3,2026-09-07,close,MISSING_VALUE,info,Valor ausente na extração
2515,2516,ITSA3,2026-09-07,adjusted_quantity,MISSING_VALUE,info,Valor ausente na extração
2515,2516,ITSA3,2026-09-07,open,MISSING_VALUE,info,Valor ausente na extração
2515,2516,ITSA3,2026-09-07,high,MISSING_VALUE,info,Valor ausente na extração
2515,2516,ITSA3,2026-09-07,low,MISSING_VALUE,info,Valor ausente na extração
2515,2516,ITSA3,2026-09-07,average,MISSING_VALUE,info,Valor ausente na extração
2515,2516,ITSA3,2026-09-07,raw_volume,MISSING_VALUE,info,Valor ausente na extração
2526,2527,ITSA4,2026-09-07,close,MISSING_VALUE,info,Valor ausente na extração
2526,2527,ITSA4,2026-09-07,adjusted_quantity,MISSING_VALUE,info,Valor ausente na extração
2526,2527,ITSA4,2026-09-07,open,MISSING_VALUE,info,Valor ausente na extração
2526,2527,ITSA4,2026-09-07,high,MISSING_VALUE,info,Valor ausente na extração
2526,2527,ITSA4,2026-09-07,low,MISSING_VALUE,info,Valor ausente na extração
2526,2527,ITSA4,2026-09-07,average,MISSING_VALUE,info,Valor ausente na extração
2526,2527,ITSA4,2026-09-07,raw_volume,MISSING_VALUE,info,Valor ausente na extração
2537,2538,ITUB3,2026-09-07,close,MISSING_VALUE,info,Valor ausente na extração
2537,2538,ITUB3,2026-09-07,adjusted_quantity,MISSING_VALUE,info,Valor ausente na extração
2537,2538,ITUB3,2026-09-07,open,MISSING_VALUE,info,Valor ausente na extração
2537,2538,ITUB3,2026-09-07,high,MISSING_VALUE,info,Valor ausente na extração
2537,2538,ITUB3,2026-09-07,low,MISSING_VALUE,info,Valor ausente na extração
2537,2538,ITUB3,2026-09-07,average,MISSING_VALUE,info,Valor ausente na extração
2537,2538,ITUB3,2026-09-07,raw_volume,MISSING_VALUE,info,Valor ausente na extração
2548,2549,ITUB4,2026-09-07,close,MISSING_VALUE,info,Valor ausente na extração
2548,2549,ITUB4,2026-09-07,adjusted_quantity,MISSING_VALUE,info,Valor ausente na extração
2548,2549,ITUB4,2026-09-07,open,MISSING_VALUE,info,Valor ausente na extração
2548,2549,ITUB4,2026-09-07,high,MISSING_VALUE,info,Valor ausente na extração
2548,2549,ITUB4,2026-09-07,low,MISSING_VALUE,info,Valor ausente na extração
2548,2549,ITUB4,2026-09-07,average,MISSING_VALUE,info,Valor ausente na extração
2548,2549,ITUB4,2026-09-07,raw_volume,MISSING_VALUE,info,Valor ausente na extração
2559,2560,JALL3,2026-09-07,close,MISSING_VALUE,info,Valor ausente na extração
2559,2560,JALL3,2026-09-07,adjusted_quantity,MISSING_VALUE,info,Valor ausente na extração
2559,2560,JALL3,2026-09-07,open,MISSING_VALUE,info,Valor ausente na extração
2559,2560,JALL3,2026-09-07,high,MISSING_VALUE,info,Valor ausente na extração
2559,2560,JALL3,2026-09-07,low,MISSING_VALUE,info,Valor ausente na extração
2559,2560,JALL3,2026-09-07,average,MISSING_VALUE,info,Valor ausente na extração
2559,2560,JALL3,2026-09-07,raw_volume,MISSING_VALUE,info,Valor ausente na extração
2570,2571,JBSS32,2026-09-07,close,MISSING_VALUE,info,Valor ausente na extração
2570,2571,JBSS32,2026-09-07,adjusted_quantity,MISSING_VALUE,info,Valor ausente na extração
2570,2571,JBSS32,2026-09-07,open,MISSING_VALUE,info,Valor ausente na extração
2570,2571,JBSS32,2026-09-07,high,MISSING_VALUE,info,Valor ausente na extração
2570,2571,JBSS32,2026-09-07,low,MISSING_VALUE,info,Valor ausente na extração
2570,2571,JBSS32,2026-09-07,average,MISSING_VALUE,info,Valor ausente na extração
2570,2571,JBSS32,2026-09-07,raw_volume,MISSING_VALUE,info,Valor ausente na extração
2581,2582,JHSF3,2026-09-07,close,MISSING_VALUE,info,Valor ausente na extração
2581,2582,JHSF3,2026-09-07,adjusted_quantity,MISSING_VALUE,info,Valor ausente na extração
2581,2582,JHSF3,2026-09-07,open,MISSING_VALUE,info,Valor ausente na extração
2581,2582,JHSF3,2026-09-07,high,MISSING_VALUE,info,Valor ausente na extração
2581,2582,JHSF3,2026-09-07,low,MISSING_VALUE,info,Valor ausente na extração
2581,2582,JHSF3,2026-09-07,average,MISSING_VALUE,info,Valor ausente na extração
2581,2582,JHSF3,2026-09-07,raw_volume,MISSING_VALUE,info,Valor ausente na extração
2592,2593,JFEN3,2026-09-07,close,MISSING_VALUE,info,Valor ausente na extração
2592,2593,JFEN3,2026-09-07,adjusted_quantity,MISSING_VALUE,info,Valor ausente na extração
2592,2593,JFEN3,2026-09-07,open,MISSING_VALUE,info,Valor ausente na extração
2592,2593,JFEN3,2026-09-07,high,MISSING_VALUE,info,Valor ausente na extração
2592,2593,JFEN3,2026-09-07,low,MISSING_VALUE,info,Valor ausente na extração
2592,2593,JFEN3,2026-09-07,average,MISSING_VALUE,info,Valor ausente na extração
2592,2593,JFEN3,2026-09-07,raw_volume,MISSING_VALUE,info,Valor ausente na extração
2597,2598,JFEN3,2026-09-14,close,MISSING_VALUE,info,Valor ausente na extração
2597,2598,JFEN3,2026-09-14,adjusted_quantity,MISSING_VALUE,info,Valor ausente na extração
2597,2598,JFEN3,2026-09-14,open,MISSING_VALUE,info,Valor ausente na extração
2597,2598,JFEN3,2026-09-14,high,MISSING_VALUE,info,Valor ausente na extração
2597,2598,JFEN3,2026-09-14,low,MISSING_VALUE,info,Valor ausente na extração
2597,2598,JFEN3,2026-09-14,average,MISSING_VALUE,info,Valor ausente na extração
2597,2598,JFEN3,2026-09-14,raw_volume,MISSING_VALUE,info,Valor ausente na extração
2603,2604,JOPA3,2026-08-25,close,MISSING_VALUE,info,Valor ausente na extração
2603,2604,JOPA3,2026-08-25,adjusted_quantity,MISSING_VALUE,info,Valor ausente na extração
2603,2604,JOPA3,2026-08-25,open,MISSING_VALUE,info,Valor ausente na extração
2603,2604,JOPA3,2026-08-25,high,MISSING_VALUE,info,Valor ausente na extração
2603,2604,JOPA3,2026-08-25,low,MISSING_VALUE,info,Valor ausente na extração
2603,2604,JOPA3,2026-08-25,average,MISSING_VALUE,info,Valor ausente na extração
2603,2604,JOPA3,2026-08-25,raw_volume,MISSING_VALUE,info,Valor ausente na extração
2604,2605,JOPA3,2026-08-26,close,MISSING_VALUE,info,Valor ausente na extração
2604,2605,JOPA3,2026-08-26,adjusted_quantity,MISSING_VALUE,info,Valor ausente na extração
2604,2605,JOPA3,2026-08-26,open,MISSING_VALUE,info,Valor ausente na extração
2604,2605,JOPA3,2026-08-26,high,MISSING_VALUE,info,Valor ausente na extração
2604,2605,JOPA3,2026-08-26,low,MISSING_VALUE,info,Valor ausente na extração
2604,2605,JOPA3,2026-08-26,average,MISSING_VALUE,info,Valor ausente na extração
2604,2605,JOPA3,2026-08-26,raw_volume,MISSING_VALUE,info,Valor ausente na extração
2605,2606,JOPA3,2026-08-27,close,MISSING_VALUE,info,Valor ausente na extração
2605,2606,JOPA3,2026-08-27,adjusted_quantity,MISSING_VALUE,info,Valor ausente na extração
2605,2606,JOPA3,2026-08-27,open,MISSING_VALUE,info,Valor ausente na extração
2605,2606,JOPA3,2026-08-27,high,MISSING_VALUE,info,Valor ausente na extração
2605,2606,JOPA3,2026-08-27,low,MISSING_VALUE,info,Valor ausente na extração
2605,2606,JOPA3,2026-08-27,average,MISSING_VALUE,info,Valor ausente na extração
2605,2606,JOPA3,2026-08-27,raw_volume,MISSING_VALUE,info,Valor ausente na extração
2606,2607,JOPA3,2026-08-28,close,MISSING_VALUE,info,Valor ausente na extração
2606,2607,JOPA3,2026-08-28,adjusted_quantity,MISSING_VALUE,info,Valor ausente na extração
2606,2607,JOPA3,2026-08-28,open,MISSING_VALUE,info,Valor ausente na extração
2606,2607,JOPA3,2026-08-28,high,MISSING_VALUE,info,Valor ausente na extração
2606,2607,JOPA3,2026-08-28,low,MISSING_VALUE,info,Valor ausente na extração
2606,2607,JOPA3,2026-08-28,average,MISSING_VALUE,info,Valor ausente na extração
2606,2607,JOPA3,2026-08-28,raw_volume,MISSING_VALUE,info,Valor ausente na extração
2607,2608,JOPA3,2026-08-31,close,MISSING_VALUE,info,Valor ausente na extração
2607,2608,JOPA3,2026-08-31,adjusted_quantity,MISSING_VALUE,info,Valor ausente na extração
2607,2608,JOPA3,2026-08-31,open,MISSING_VALUE,info,Valor ausente na extração
2607,2608,JOPA3,2026-08-31,high,MISSING_VALUE,info,Valor ausente na extração
2607,2608,JOPA3,2026-08-31,low,MISSING_VALUE,info,Valor ausente na extração
2607,2608,JOPA3,2026-08-31,average,MISSING_VALUE,info,Valor ausente na extração
2607,2608,JOPA3,2026-08-31,raw_volume,MISSING_VALUE,info,Valor ausente na extração
2608,2609,JOPA3,2026-09-01,close,MISSING_VALUE,info,Valor ausente na extração
2608,2609,JOPA3,2026-09-01,adjusted_quantity,MISSING_VALUE,info,Valor ausente na extração
2608,2609,JOPA3,2026-09-01,open,MISSING_VALUE,info,Valor ausente na extração
2608,2609,JOPA3,2026-09-01,high,MISSING_VALUE,info,Valor ausente na extração
2608,2609,JOPA3,2026-09-01,low,MISSING_VALUE,info,Valor ausente na extração
2608,2609,JOPA3,2026-09-01,average,MISSING_VALUE,info,Valor ausente na extração
2608,2609,JOPA3,2026-09-01,raw_volume,MISSING_VALUE,info,Valor ausente na extração
2609,2610,JOPA3,2026-09-02,close,MISSING_VALUE,info,Valor ausente na extração
2609,2610,JOPA3,2026-09-02,adjusted_quantity,MISSING_VALUE,info,Valor ausente na extração
2609,2610,JOPA3,2026-09-02,open,MISSING_VALUE,info,Valor ausente na extração
2609,2610,JOPA3,2026-09-02,high,MISSING_VALUE,info,Valor ausente na extração
2609,2610,JOPA3,2026-09-02,low,MISSING_VALUE,info,Valor ausente na extração
2609,2610,JOPA3,2026-09-02,average,MISSING_VALUE,info,Valor ausente na extração
2609,2610,JOPA3,2026-09-02,raw_volume,MISSING_VALUE,info,Valor ausente na extração
2610,2611,JOPA3,2026-09-03,close,MISSING_VALUE,info,Valor ausente na extração
2610,2611,JOPA3,2026-09-03,adjusted_quantity,MISSING_VALUE,info,Valor ausente na extração
2610,2611,JOPA3,2026-09-03,open,MISSING_VALUE,info,Valor ausente na extração
2610,2611,JOPA3,2026-09-03,high,MISSING_VALUE,info,Valor ausente na extração
2610,2611,JOPA3,2026-09-03,low,MISSING_VALUE,info,Valor ausente na extração
2610,2611,JOPA3,2026-09-03,average,MISSING_VALUE,info,Valor ausente na extração
2610,2611,JOPA3,2026-09-03,raw_volume,MISSING_VALUE,info,Valor ausente na extração
2611,2612,JOPA3,2026-09-04,close,MISSING_VALUE,info,Valor ausente na extração
2611,2612,JOPA3,2026-09-04,adjusted_quantity,MISSING_VALUE,info,Valor ausente na extração
2611,2612,JOPA3,2026-09-04,open,MISSING_VALUE,info,Valor ausente na extração
2611,2612,JOPA3,2026-09-04,high,MISSING_VALUE,info,Valor ausente na extração
2611,2612,JOPA3,2026-09-04,low,MISSING_VALUE,info,Valor ausente na extração
2611,2612,JOPA3,2026-09-04,average,MISSING_VALUE,info,Valor ausente na extração
2611,2612,JOPA3,2026-09-04,raw_volume,MISSING_VALUE,info,Valor ausente na extração
2612,2613,JOPA3,2026-09-07,close,MISSING_VALUE,info,Valor ausente na extração
2612,2613,JOPA3,2026-09-07,adjusted_quantity,MISSING_VALUE,info,Valor ausente na extração
2612,2613,JOPA3,2026-09-07,open,MISSING_VALUE,info,Valor ausente na extração
2612,2613,JOPA3,2026-09-07,high,MISSING_VALUE,info,Valor ausente na extração
2612,2613,JOPA3,2026-09-07,low,MISSING_VALUE,info,Valor ausente na extração
2612,2613,JOPA3,2026-09-07,average,MISSING_VALUE,info,Valor ausente na extração
2612,2613,JOPA3,2026-09-07,raw_volume,MISSING_VALUE,info,Valor ausente na extração
2614,2615,JOPA4,2026-08-25,close,MISSING_VALUE,info,Valor ausente na extração
2614,2615,JOPA4,2026-08-25,adjusted_quantity,MISSING_VALUE,info,Valor ausente na extração
2614,2615,JOPA4,2026-08-25,open,MISSING_VALUE,info,Valor ausente na extração
2614,2615,JOPA4,2026-08-25,high,MISSING_VALUE,info,Valor ausente na extração
2614,2615,JOPA4,2026-08-25,low,MISSING_VALUE,info,Valor ausente na extração
2614,2615,JOPA4,2026-08-25,average,MISSING_VALUE,info,Valor ausente na extração
2614,2615,JOPA4,2026-08-25,raw_volume,MISSING_VALUE,info,Valor ausente na extração
2615,2616,JOPA4,2026-08-26,close,MISSING_VALUE,info,Valor ausente na extração
2615,2616,JOPA4,2026-08-26,adjusted_quantity,MISSING_VALUE,info,Valor ausente na extração
2615,2616,JOPA4,2026-08-26,open,MISSING_VALUE,info,Valor ausente na extração
2615,2616,JOPA4,2026-08-26,high,MISSING_VALUE,info,Valor ausente na extração
2615,2616,JOPA4,2026-08-26,low,MISSING_VALUE,info,Valor ausente na extração
2615,2616,JOPA4,2026-08-26,average,MISSING_VALUE,info,Valor ausente na extração
2615,2616,JOPA4,2026-08-26,raw_volume,MISSING_VALUE,info,Valor ausente na extração
2616,2617,JOPA4,2026-08-27,close,MISSING_VALUE,info,Valor ausente na extração
2616,2617,JOPA4,2026-08-27,adjusted_quantity,MISSING_VALUE,info,Valor ausente na extração
2616,2617,JOPA4,2026-08-27,open,MISSING_VALUE,info,Valor ausente na extração
2616,2617,JOPA4,2026-08-27,high,MISSING_VALUE,info,Valor ausente na extração
2616,2617,JOPA4,2026-08-27,low,MISSING_VALUE,info,Valor ausente na extração
2616,2617,JOPA4,2026-08-27,average,MISSING_VALUE,info,Valor ausente na extração
2616,2617,JOPA4,2026-08-27,raw_volume,MISSING_VALUE,info,Valor ausente na extração
2617,2618,JOPA4,2026-08-28,close,MISSING_VALUE,info,Valor ausente na extração
2617,2618,JOPA4,2026-08-28,adjusted_quantity,MISSING_VALUE,info,Valor ausente na extração
2617,2618,JOPA4,2026-08-28,open,MISSING_VALUE,info,Valor ausente na extração
2617,2618,JOPA4,2026-08-28,high,MISSING_VALUE,info,Valor ausente na extração
2617,2618,JOPA4,2026-08-28,low,MISSING_VALUE,info,Valor ausente na extração
2617,2618,JOPA4,2026-08-28,average,MISSING_VALUE,info,Valor ausente na extração
2617,2618,JOPA4,2026-08-28,raw_volume,MISSING_VALUE,info,Valor ausente na extração
2618,2619,JOPA4,2026-08-31,close,MISSING_VALUE,info,Valor ausente na extração
2618,2619,JOPA4,2026-08-31,adjusted_quantity,MISSING_VALUE,info,Valor ausente na extração
2618,2619,JOPA4,2026-08-31,open,MISSING_VALUE,info,Valor ausente na extração
2618,2619,JOPA4,2026-08-31,high,MISSING_VALUE,info,Valor ausente na extração
2618,2619,JOPA4,2026-08-31,low,MISSING_VALUE,info,Valor ausente na extração
2618,2619,JOPA4,2026-08-31,average,MISSING_VALUE,info,Valor ausente na extração
2618,2619,JOPA4,2026-08-31,raw_volume,MISSING_VALUE,info,Valor ausente na extração
2619,2620,JOPA4,2026-09-01,close,MISSING_VALUE,info,Valor ausente na extração
2619,2620,JOPA4,2026-09-01,adjusted_quantity,MISSING_VALUE,info,Valor ausente na extração
2619,2620,JOPA4,2026-09-01,open,MISSING_VALUE,info,Valor ausente na extração
2619,2620,JOPA4,2026-09-01,high,MISSING_VALUE,info,Valor ausente na extração
2619,2620,JOPA4,2026-09-01,low,MISSING_VALUE,info,Valor ausente na extração
2619,2620,JOPA4,2026-09-01,average,MISSING_VALUE,info,Valor ausente na extração
2619,2620,JOPA4,2026-09-01,raw_volume,MISSING_VALUE,info,Valor ausente na extração
2620,2621,JOPA4,2026-09-02,close,MISSING_VALUE,info,Valor ausente na extração
2620,2621,JOPA4,2026-09-02,adjusted_quantity,MISSING_VALUE,info,Valor ausente na extração
2620,2621,JOPA4,2026-09-02,open,MISSING_VALUE,info,Valor ausente na extração
2620,2621,JOPA4,2026-09-02,high,MISSING_VALUE,info,Valor ausente na extração
2620,2621,JOPA4,2026-09-02,low,MISSING_VALUE,info,Valor ausente na extração
2620,2621,JOPA4,2026-09-02,average,MISSING_VALUE,info,Valor ausente na extração
2620,2621,JOPA4,2026-09-02,raw_volume,MISSING_VALUE,info,Valor ausente na extração
2621,2622,JOPA4,2026-09-03,close,MISSING_VALUE,info,Valor ausente na extração
2621,2622,JOPA4,2026-09-03,adjusted_quantity,MISSING_VALUE,info,Valor ausente na extração
2621,2622,JOPA4,2026-09-03,open,MISSING_VALUE,info,Valor ausente na extração
2621,2622,JOPA4,2026-09-03,high,MISSING_VALUE,info,Valor ausente na extração
2621,2622,JOPA4,2026-09-03,low,MISSING_VALUE,info,Valor ausente na extração
2621,2622,JOPA4,2026-09-03,average,MISSING_VALUE,info,Valor ausente na extração
2621,2622,JOPA4,2026-09-03,raw_volume,MISSING_VALUE,info,Valor ausente na extração
2622,2623,JOPA4,2026-09-04,close,MISSING_VALUE,info,Valor ausente na extração
2622,2623,JOPA4,2026-09-04,adjusted_quantity,MISSING_VALUE,info,Valor ausente na extração
2622,2623,JOPA4,2026-09-04,open,MISSING_VALUE,info,Valor ausente na extração
2622,2623,JOPA4,2026-09-04,high,MISSING_VALUE,info,Valor ausente na extração
2622,2623,JOPA4,2026-09-04,low,MISSING_VALUE,info,Valor ausente na extração
2622,2623,JOPA4,2026-09-04,average,MISSING_VALUE,info,Valor ausente na extração
2622,2623,JOPA4,2026-09-04,raw_volume,MISSING_VALUE,info,Valor ausente na extração
2623,2624,JOPA4,2026-09-07,close,MISSING_VALUE,info,Valor ausente na extração
2623,2624,JOPA4,2026-09-07,adjusted_quantity,MISSING_VALUE,info,Valor ausente na extração
2623,2624,JOPA4,2026-09-07,open,MISSING_VALUE,info,Valor ausente na extração
2623,2624,JOPA4,2026-09-07,high,MISSING_VALUE,info,Valor ausente na extração
2623,2624,JOPA4,2026-09-07,low,MISSING_VALUE,info,Valor ausente na extração
2623,2624,JOPA4,2026-09-07,average,MISSING_VALUE,info,Valor ausente na extração
2623,2624,JOPA4,2026-09-07,raw_volume,MISSING_VALUE,info,Valor ausente na extração
2625,2626,JSLG3,2026-09-07,close,MISSING_VALUE,info,Valor ausente na extração
2625,2626,JSLG3,2026-09-07,adjusted_quantity,MISSING_VALUE,info,Valor ausente na extração
2625,2626,JSLG3,2026-09-07,open,MISSING_VALUE,info,Valor ausente na extração
2625,2626,JSLG3,2026-09-07,high,MISSING_VALUE,info,Valor ausente na extração
2625,2626,JSLG3,2026-09-07,low,MISSING_VALUE,info,Valor ausente na extração
2625,2626,JSLG3,2026-09-07,average,MISSING_VALUE,info,Valor ausente na extração
2625,2626,JSLG3,2026-09-07,raw_volume,MISSING_VALUE,info,Valor ausente na extração
2636,2637,KLAS3,1920-01-02,close,MISSING_VALUE,info,Valor ausente na extração
2636,2637,KLAS3,1920-01-02,adjusted_quantity,MISSING_VALUE,info,Valor ausente na extração
2636,2637,KLAS3,1920-01-02,open,MISSING_VALUE,info,Valor ausente na extração
2636,2637,KLAS3,1920-01-02,high,MISSING_VALUE,info,Valor ausente na extração
2636,2637,KLAS3,1920-01-02,low,MISSING_VALUE,info,Valor ausente na extração
2636,2637,KLAS3,1920-01-02,average,MISSING_VALUE,info,Valor ausente na extração
2636,2637,KLAS3,1920-01-02,raw_volume,MISSING_VALUE,info,Valor ausente na extração
2637,2638,CTKA3,2026-09-03,close,MISSING_VALUE,info,Valor ausente na extração
2637,2638,CTKA3,2026-09-03,adjusted_quantity,MISSING_VALUE,info,Valor ausente na extração
2637,2638,CTKA3,2026-09-03,open,MISSING_VALUE,info,Valor ausente na extração
2637,2638,CTKA3,2026-09-03,high,MISSING_VALUE,info,Valor ausente na extração
2637,2638,CTKA3,2026-09-03,low,MISSING_VALUE,info,Valor ausente na extração
2637,2638,CTKA3,2026-09-03,average,MISSING_VALUE,info,Valor ausente na extração
2637,2638,CTKA3,2026-09-03,raw_volume,MISSING_VALUE,info,Valor ausente na extração
2638,2639,CTKA3,2026-09-04,close,MISSING_VALUE,info,Valor ausente na extração
2638,2639,CTKA3,2026-09-04,adjusted_quantity,MISSING_VALUE,info,Valor ausente na extração
2638,2639,CTKA3,2026-09-04,open,MISSING_VALUE,info,Valor ausente na extração
2638,2639,CTKA3,2026-09-04,high,MISSING_VALUE,info,Valor ausente na extração
2638,2639,CTKA3,2026-09-04,low,MISSING_VALUE,info,Valor ausente na extração
2638,2639,CTKA3,2026-09-04,average,MISSING_VALUE,info,Valor ausente na extração
2638,2639,CTKA3,2026-09-04,raw_volume,MISSING_VALUE,info,Valor ausente na extração
2639,2640,CTKA3,2026-09-07,close,MISSING_VALUE,info,Valor ausente na extração
2639,2640,CTKA3,2026-09-07,adjusted_quantity,MISSING_VALUE,info,Valor ausente na extração
2639,2640,CTKA3,2026-09-07,open,MISSING_VALUE,info,Valor ausente na extração
2639,2640,CTKA3,2026-09-07,high,MISSING_VALUE,info,Valor ausente na extração
2639,2640,CTKA3,2026-09-07,low,MISSING_VALUE,info,Valor ausente na extração
2639,2640,CTKA3,2026-09-07,average,MISSING_VALUE,info,Valor ausente na extração
2639,2640,CTKA3,2026-09-07,raw_volume,MISSING_VALUE,info,Valor ausente na extração
2640,2641,CTKA3,2026-09-08,close,MISSING_VALUE,info,Valor ausente na extração
2640,2641,CTKA3,2026-09-08,adjusted_quantity,MISSING_VALUE,info,Valor ausente na extração
2640,2641,CTKA3,2026-09-08,open,MISSING_VALUE,info,Valor ausente na extração
2640,2641,CTKA3,2026-09-08,high,MISSING_VALUE,info,Valor ausente na extração
2640,2641,CTKA3,2026-09-08,low,MISSING_VALUE,info,Valor ausente na extração
2640,2641,CTKA3,2026-09-08,average,MISSING_VALUE,info,Valor ausente na extração
2640,2641,CTKA3,2026-09-08,raw_volume,MISSING_VALUE,info,Valor ausente na extração
2641,2642,CTKA3,2026-09-09,close,MISSING_VALUE,info,Valor ausente na extração
2641,2642,CTKA3,2026-09-09,adjusted_quantity,MISSING_VALUE,info,Valor ausente na extração
2641,2642,CTKA3,2026-09-09,open,MISSING_VALUE,info,Valor ausente na extração
2641,2642,CTKA3,2026-09-09,high,MISSING_VALUE,info,Valor ausente na extração
2641,2642,CTKA3,2026-09-09,low,MISSING_VALUE,info,Valor ausente na extração
2641,2642,CTKA3,2026-09-09,average,MISSING_VALUE,info,Valor ausente na extração
2641,2642,CTKA3,2026-09-09,raw_volume,MISSING_VALUE,info,Valor ausente na extração
2642,2643,CTKA3,2026-09-10,close,MISSING_VALUE,info,Valor ausente na extração
2642,2643,CTKA3,2026-09-10,adjusted_quantity,MISSING_VALUE,info,Valor ausente na extração
2642,2643,CTKA3,2026-09-10,open,MISSING_VALUE,info,Valor ausente na extração
2642,2643,CTKA3,2026-09-10,high,MISSING_VALUE,info,Valor ausente na extração
2642,2643,CTKA3,2026-09-10,low,MISSING_VALUE,info,Valor ausente na extração
2642,2643,CTKA3,2026-09-10,average,MISSING_VALUE,info,Valor ausente na extração
2642,2643,CTKA3,2026-09-10,raw_volume,MISSING_VALUE,info,Valor ausente na extração
2643,2644,CTKA3,2026-09-11,close,MISSING_VALUE,info,Valor ausente na extração
2643,2644,CTKA3,2026-09-11,adjusted_quantity,MISSING_VALUE,info,Valor ausente na extração
2643,2644,CTKA3,2026-09-11,open,MISSING_VALUE,info,Valor ausente na extração
2643,2644,CTKA3,2026-09-11,high,MISSING_VALUE,info,Valor ausente na extração
2643,2644,CTKA3,2026-09-11,low,MISSING_VALUE,info,Valor ausente na extração
2643,2644,CTKA3,2026-09-11,average,MISSING_VALUE,info,Valor ausente na extração
2643,2644,CTKA3,2026-09-11,raw_volume,MISSING_VALUE,info,Valor ausente na extração
2645,2646,CTKA3,2026-09-15,close,MISSING_VALUE,info,Valor ausente na extração
2645,2646,CTKA3,2026-09-15,adjusted_quantity,MISSING_VALUE,info,Valor ausente na extração
2645,2646,CTKA3,2026-09-15,open,MISSING_VALUE,info,Valor ausente na extração
2645,2646,CTKA3,2026-09-15,high,MISSING_VALUE,info,Valor ausente na extração
2645,2646,CTKA3,2026-09-15,low,MISSING_VALUE,info,Valor ausente na extração
2645,2646,CTKA3,2026-09-15,average,MISSING_VALUE,info,Valor ausente na extração
2645,2646,CTKA3,2026-09-15,raw_volume,MISSING_VALUE,info,Valor ausente na extração
2646,2647,CTKA3,2026-09-16,close,MISSING_VALUE,info,Valor ausente na extração
2646,2647,CTKA3,2026-09-16,adjusted_quantity,MISSING_VALUE,info,Valor ausente na extração
2646,2647,CTKA3,2026-09-16,open,MISSING_VALUE,info,Valor ausente na extração
2646,2647,CTKA3,2026-09-16,high,MISSING_VALUE,info,Valor ausente na extração
2646,2647,CTKA3,2026-09-16,low,MISSING_VALUE,info,Valor ausente na extração
2646,2647,CTKA3,2026-09-16,average,MISSING_VALUE,info,Valor ausente na extração
2646,2647,CTKA3,2026-09-16,raw_volume,MISSING_VALUE,info,Valor ausente na extração
2648,2649,CTKA4,2026-09-07,close,MISSING_VALUE,info,Valor ausente na extração
2648,2649,CTKA4,2026-09-07,adjusted_quantity,MISSING_VALUE,info,Valor ausente na extração
2648,2649,CTKA4,2026-09-07,open,MISSING_VALUE,info,Valor ausente na extração
2648,2649,CTKA4,2026-09-07,high,MISSING_VALUE,info,Valor ausente na extração
2648,2649,CTKA4,2026-09-07,low,MISSING_VALUE,info,Valor ausente na extração
2648,2649,CTKA4,2026-09-07,average,MISSING_VALUE,info,Valor ausente na extração
2648,2649,CTKA4,2026-09-07,raw_volume,MISSING_VALUE,info,Valor ausente na extração
2650,2651,CTKA4,2026-09-09,close,MISSING_VALUE,info,Valor ausente na extração
2650,2651,CTKA4,2026-09-09,adjusted_quantity,MISSING_VALUE,info,Valor ausente na extração
2650,2651,CTKA4,2026-09-09,open,MISSING_VALUE,info,Valor ausente na extração
2650,2651,CTKA4,2026-09-09,high,MISSING_VALUE,info,Valor ausente na extração
2650,2651,CTKA4,2026-09-09,low,MISSING_VALUE,info,Valor ausente na extração
2650,2651,CTKA4,2026-09-09,average,MISSING_VALUE,info,Valor ausente na extração
2650,2651,CTKA4,2026-09-09,raw_volume,MISSING_VALUE,info,Valor ausente na extração
2652,2653,CTKA4,2026-09-11,close,MISSING_VALUE,info,Valor ausente na extração
2652,2653,CTKA4,2026-09-11,adjusted_quantity,MISSING_VALUE,info,Valor ausente na extração
2652,2653,CTKA4,2026-09-11,open,MISSING_VALUE,info,Valor ausente na extração
2652,2653,CTKA4,2026-09-11,high,MISSING_VALUE,info,Valor ausente na extração
2652,2653,CTKA4,2026-09-11,low,MISSING_VALUE,info,Valor ausente na extração
2652,2653,CTKA4,2026-09-11,average,MISSING_VALUE,info,Valor ausente na extração
2652,2653,CTKA4,2026-09-11,raw_volume,MISSING_VALUE,info,Valor ausente na extração
2656,2657,CTKA4,2026-09-17,close,MISSING_VALUE,info,Valor ausente na extração
2656,2657,CTKA4,2026-09-17,adjusted_quantity,MISSING_VALUE,info,Valor ausente na extração
2656,2657,CTKA4,2026-09-17,open,MISSING_VALUE,info,Valor ausente na extração
2656,2657,CTKA4,2026-09-17,high,MISSING_VALUE,info,Valor ausente na extração
2656,2657,CTKA4,2026-09-17,low,MISSING_VALUE,info,Valor ausente na extração
2656,2657,CTKA4,2026-09-17,average,MISSING_VALUE,info,Valor ausente na extração
2656,2657,CTKA4,2026-09-17,raw_volume,MISSING_VALUE,info,Valor ausente na extração
2657,2658,CTKA4,2026-09-18,close,MISSING_VALUE,info,Valor ausente na extração
2657,2658,CTKA4,2026-09-18,adjusted_quantity,MISSING_VALUE,info,Valor ausente na extração
2657,2658,CTKA4,2026-09-18,open,MISSING_VALUE,info,Valor ausente na extração
2657,2658,CTKA4,2026-09-18,high,MISSING_VALUE,info,Valor ausente na extração
2657,2658,CTKA4,2026-09-18,low,MISSING_VALUE,info,Valor ausente na extração
2657,2658,CTKA4,2026-09-18,average,MISSING_VALUE,info,Valor ausente na extração
2657,2658,CTKA4,2026-09-18,raw_volume,MISSING_VALUE,info,Valor ausente na extração
2659,2660,KEPL3,2026-09-07,close,MISSING_VALUE,info,Valor ausente na extração
2659,2660,KEPL3,2026-09-07,adjusted_quantity,MISSING_VALUE,info,Valor ausente na extração
2659,2660,KEPL3,2026-09-07,open,MISSING_VALUE,info,Valor ausente na extração
2659,2660,KEPL3,2026-09-07,high,MISSING_VALUE,info,Valor ausente na extração
2659,2660,KEPL3,2026-09-07,low,MISSING_VALUE,info,Valor ausente na extração
2659,2660,KEPL3,2026-09-07,average,MISSING_VALUE,info,Valor ausente na extração
2659,2660,KEPL3,2026-09-07,raw_volume,MISSING_VALUE,info,Valor ausente na extração
2670,2671,KLBN3,2026-09-07,close,MISSING_VALUE,info,Valor ausente na extração
2670,2671,KLBN3,2026-09-07,adjusted_quantity,MISSING_VALUE,info,Valor ausente na extração
2670,2671,KLBN3,2026-09-07,open,MISSING_VALUE,info,Valor ausente na extração
2670,2671,KLBN3,2026-09-07,high,MISSING_VALUE,info,Valor ausente na extração
2670,2671,KLBN3,2026-09-07,low,MISSING_VALUE,info,Valor ausente na extração
2670,2671,KLBN3,2026-09-07,average,MISSING_VALUE,info,Valor ausente na extração
2670,2671,KLBN3,2026-09-07,raw_volume,MISSING_VALUE,info,Valor ausente na extração
2681,2682,KLBN4,2026-09-07,close,MISSING_VALUE,info,Valor ausente na extração
2681,2682,KLBN4,2026-09-07,adjusted_quantity,MISSING_VALUE,info,Valor ausente na extração
2681,2682,KLBN4,2026-09-07,open,MISSING_VALUE,info,Valor ausente na extração
2681,2682,KLBN4,2026-09-07,high,MISSING_VALUE,info,Valor ausente na extração
2681,2682,KLBN4,2026-09-07,low,MISSING_VALUE,info,Valor ausente na extração
2681,2682,KLBN4,2026-09-07,average,MISSING_VALUE,info,Valor ausente na extração
2681,2682,KLBN4,2026-09-07,raw_volume,MISSING_VALUE,info,Valor ausente na extração
2692,2693,KLBN11,2026-09-07,close,MISSING_VALUE,info,Valor ausente na extração
2692,2693,KLBN11,2026-09-07,adjusted_quantity,MISSING_VALUE,info,Valor ausente na extração
2692,2693,KLBN11,2026-09-07,open,MISSING_VALUE,info,Valor ausente na extração
2692,2693,KLBN11,2026-09-07,high,MISSING_VALUE,info,Valor ausente na extração
2692,2693,KLBN11,2026-09-07,low,MISSING_VALUE,info,Valor ausente na extração
2692,2693,KLBN11,2026-09-07,average,MISSING_VALUE,info,Valor ausente na extração
2692,2693,KLBN11,2026-09-07,raw_volume,MISSING_VALUE,info,Valor ausente na extração
2692,2693,KLBN11,2026-09-07,Ativo,INSTRUMENT_AMBIGUOUS,warning,Final 11 pode representar instrumentos distintos
2693,2694,KLBN11,2026-09-08,Ativo,INSTRUMENT_AMBIGUOUS,warning,Final 11 pode representar instrumentos distintos
2694,2695,KLBN11,2026-09-09,Ativo,INSTRUMENT_AMBIGUOUS,warning,Final 11 pode representar instrumentos distintos
2695,2696,KLBN11,2026-09-10,Ativo,INSTRUMENT_AMBIGUOUS,warning,Final 11 pode representar instrumentos distintos
2696,2697,KLBN11,2026-09-11,Ativo,INSTRUMENT_AMBIGUOUS,warning,Final 11 pode representar instrumentos distintos
2697,2698,KLBN11,2026-09-14,Ativo,INSTRUMENT_AMBIGUOUS,warning,Final 11 pode representar instrumentos distintos
2698,2699,KLBN11,2026-09-15,Ativo,INSTRUMENT_AMBIGUOUS,warning,Final 11 pode representar instrumentos distintos
2699,2700,KLBN11,2026-09-16,Ativo,INSTRUMENT_AMBIGUOUS,warning,Final 11 pode representar instrumentos distintos
2700,2701,KLBN11,2026-09-17,Ativo,INSTRUMENT_AMBIGUOUS,warning,Final 11 pode representar instrumentos distintos
2701,2702,KLBN11,2026-09-18,Ativo,INSTRUMENT_AMBIGUOUS,warning,Final 11 pode representar instrumentos distintos
2702,2703,KLBN11,2026-09-21,Ativo,INSTRUMENT_AMBIGUOUS,warning,Final 11 pode representar instrumentos distintos
2703,2704,LAVV3,2026-09-07,close,MISSING_VALUE,info,Valor ausente na extração
2703,2704,LAVV3,2026-09-07,adjusted_quantity,MISSING_VALUE,info,Valor ausente na extração
2703,2704,LAVV3,2026-09-07,open,MISSING_VALUE,info,Valor ausente na extração
2703,2704,LAVV3,2026-09-07,high,MISSING_VALUE,info,Valor ausente na extração
2703,2704,LAVV3,2026-09-07,low,MISSING_VALUE,info,Valor ausente na extração
2703,2704,LAVV3,2026-09-07,average,MISSING_VALUE,info,Valor ausente na extração
2703,2704,LAVV3,2026-09-07,raw_volume,MISSING_VALUE,info,Valor ausente na extração
2714,2715,LLBI3,1920-01-02,close,MISSING_VALUE,info,Valor ausente na extração
2714,2715,LLBI3,1920-01-02,adjusted_quantity,MISSING_VALUE,info,Valor ausente na extração
2714,2715,LLBI3,1920-01-02,open,MISSING_VALUE,info,Valor ausente na extração
2714,2715,LLBI3,1920-01-02,high,MISSING_VALUE,info,Valor ausente na extração
2714,2715,LLBI3,1920-01-02,low,MISSING_VALUE,info,Valor ausente na extração
2714,2715,LLBI3,1920-01-02,average,MISSING_VALUE,info,Valor ausente na extração
2714,2715,LLBI3,1920-01-02,raw_volume,MISSING_VALUE,info,Valor ausente na extração
2715,2716,LMED3,1920-01-02,close,MISSING_VALUE,info,Valor ausente na extração
2715,2716,LMED3,1920-01-02,adjusted_quantity,MISSING_VALUE,info,Valor ausente na extração
2715,2716,LMED3,1920-01-02,open,MISSING_VALUE,info,Valor ausente na extração
2715,2716,LMED3,1920-01-02,high,MISSING_VALUE,info,Valor ausente na extração
2715,2716,LMED3,1920-01-02,low,MISSING_VALUE,info,Valor ausente na extração
2715,2716,LMED3,1920-01-02,average,MISSING_VALUE,info,Valor ausente na extração
2715,2716,LMED3,1920-01-02,raw_volume,MISSING_VALUE,info,Valor ausente na extração
2716,2717,LIGT3,2026-09-07,close,MISSING_VALUE,info,Valor ausente na extração
2716,2717,LIGT3,2026-09-07,adjusted_quantity,MISSING_VALUE,info,Valor ausente na extração
2716,2717,LIGT3,2026-09-07,open,MISSING_VALUE,info,Valor ausente na extração
2716,2717,LIGT3,2026-09-07,high,MISSING_VALUE,info,Valor ausente na extração
2716,2717,LIGT3,2026-09-07,low,MISSING_VALUE,info,Valor ausente na extração
2716,2717,LIGT3,2026-09-07,average,MISSING_VALUE,info,Valor ausente na extração
2716,2717,LIGT3,2026-09-07,raw_volume,MISSING_VALUE,info,Valor ausente na extração
2727,2728,LTEL3B,1920-01-02,close,MISSING_VALUE,info,Valor ausente na extração
2727,2728,LTEL3B,1920-01-02,adjusted_quantity,MISSING_VALUE,info,Valor ausente na extração
2727,2728,LTEL3B,1920-01-02,open,MISSING_VALUE,info,Valor ausente na extração
2727,2728,LTEL3B,1920-01-02,high,MISSING_VALUE,info,Valor ausente na extração
2727,2728,LTEL3B,1920-01-02,low,MISSING_VALUE,info,Valor ausente na extração
2727,2728,LTEL3B,1920-01-02,average,MISSING_VALUE,info,Valor ausente na extração
2727,2728,LTEL3B,1920-01-02,raw_volume,MISSING_VALUE,info,Valor ausente na extração
2727,2728,LTEL3B,1920-01-02,Ativo,INSTRUMENT_AMBIGUOUS,warning,Padrão do código insuficiente
2728,2729,LTLA3B,1920-01-02,close,MISSING_VALUE,info,Valor ausente na extração
2728,2729,LTLA3B,1920-01-02,adjusted_quantity,MISSING_VALUE,info,Valor ausente na extração
2728,2729,LTLA3B,1920-01-02,open,MISSING_VALUE,info,Valor ausente na extração
2728,2729,LTLA3B,1920-01-02,high,MISSING_VALUE,info,Valor ausente na extração
2728,2729,LTLA3B,1920-01-02,low,MISSING_VALUE,info,Valor ausente na extração
2728,2729,LTLA3B,1920-01-02,average,MISSING_VALUE,info,Valor ausente na extração
2728,2729,LTLA3B,1920-01-02,raw_volume,MISSING_VALUE,info,Valor ausente na extração
2728,2729,LTLA3B,1920-01-02,Ativo,INSTRUMENT_AMBIGUOUS,warning,Padrão do código insuficiente
2729,2730,RENT3,2026-09-07,close,MISSING_VALUE,info,Valor ausente na extração
2729,2730,RENT3,2026-09-07,adjusted_quantity,MISSING_VALUE,info,Valor ausente na extração
2729,2730,RENT3,2026-09-07,open,MISSING_VALUE,info,Valor ausente na extração
2729,2730,RENT3,2026-09-07,high,MISSING_VALUE,info,Valor ausente na extração
2729,2730,RENT3,2026-09-07,low,MISSING_VALUE,info,Valor ausente na extração
2729,2730,RENT3,2026-09-07,average,MISSING_VALUE,info,Valor ausente na extração
2729,2730,RENT3,2026-09-07,raw_volume,MISSING_VALUE,info,Valor ausente na extração
2740,2741,RENT4,2026-09-07,close,MISSING_VALUE,info,Valor ausente na extração
2740,2741,RENT4,2026-09-07,adjusted_quantity,MISSING_VALUE,info,Valor ausente na extração
2740,2741,RENT4,2026-09-07,open,MISSING_VALUE,info,Valor ausente na extração
2740,2741,RENT4,2026-09-07,high,MISSING_VALUE,info,Valor ausente na extração
2740,2741,RENT4,2026-09-07,low,MISSING_VALUE,info,Valor ausente na extração
2740,2741,RENT4,2026-09-07,average,MISSING_VALUE,info,Valor ausente na extração
2740,2741,RENT4,2026-09-07,raw_volume,MISSING_VALUE,info,Valor ausente na extração
2751,2752,LOGG3,2026-09-07,close,MISSING_VALUE,info,Valor ausente na extração
2751,2752,LOGG3,2026-09-07,adjusted_quantity,MISSING_VALUE,info,Valor ausente na extração
2751,2752,LOGG3,2026-09-07,open,MISSING_VALUE,info,Valor ausente na extração
2751,2752,LOGG3,2026-09-07,high,MISSING_VALUE,info,Valor ausente na extração
2751,2752,LOGG3,2026-09-07,low,MISSING_VALUE,info,Valor ausente na extração
2751,2752,LOGG3,2026-09-07,average,MISSING_VALUE,info,Valor ausente na extração
2751,2752,LOGG3,2026-09-07,raw_volume,MISSING_VALUE,info,Valor ausente na extração
2762,2763,LOGN3,2026-09-07,close,MISSING_VALUE,info,Valor ausente na extração
2762,2763,LOGN3,2026-09-07,adjusted_quantity,MISSING_VALUE,info,Valor ausente na extração
2762,2763,LOGN3,2026-09-07,open,MISSING_VALUE,info,Valor ausente na extração
2762,2763,LOGN3,2026-09-07,high,MISSING_VALUE,info,Valor ausente na extração
2762,2763,LOGN3,2026-09-07,low,MISSING_VALUE,info,Valor ausente na extração
2762,2763,LOGN3,2026-09-07,average,MISSING_VALUE,info,Valor ausente na extração
2762,2763,LOGN3,2026-09-07,raw_volume,MISSING_VALUE,info,Valor ausente na extração
2773,2774,AMAR3,2026-09-07,close,MISSING_VALUE,info,Valor ausente na extração
2773,2774,AMAR3,2026-09-07,adjusted_quantity,MISSING_VALUE,info,Valor ausente na extração
2773,2774,AMAR3,2026-09-07,open,MISSING_VALUE,info,Valor ausente na extração
2773,2774,AMAR3,2026-09-07,high,MISSING_VALUE,info,Valor ausente na extração
2773,2774,AMAR3,2026-09-07,low,MISSING_VALUE,info,Valor ausente na extração
2773,2774,AMAR3,2026-09-07,average,MISSING_VALUE,info,Valor ausente na extração
2773,2774,AMAR3,2026-09-07,raw_volume,MISSING_VALUE,info,Valor ausente na extração
2784,2785,LREN3,2026-09-07,close,MISSING_VALUE,info,Valor ausente na extração
2784,2785,LREN3,2026-09-07,adjusted_quantity,MISSING_VALUE,info,Valor ausente na extração
2784,2785,LREN3,2026-09-07,open,MISSING_VALUE,info,Valor ausente na extração
2784,2785,LREN3,2026-09-07,high,MISSING_VALUE,info,Valor ausente na extração
2784,2785,LREN3,2026-09-07,low,MISSING_VALUE,info,Valor ausente na extração
2784,2785,LREN3,2026-09-07,average,MISSING_VALUE,info,Valor ausente na extração
2784,2785,LREN3,2026-09-07,raw_volume,MISSING_VALUE,info,Valor ausente na extração
2795,2796,LPSB3,2026-09-07,close,MISSING_VALUE,info,Valor ausente na extração
2795,2796,LPSB3,2026-09-07,adjusted_quantity,MISSING_VALUE,info,Valor ausente na extração
2795,2796,LPSB3,2026-09-07,open,MISSING_VALUE,info,Valor ausente na extração
2795,2796,LPSB3,2026-09-07,high,MISSING_VALUE,info,Valor ausente na extração
2795,2796,LPSB3,2026-09-07,low,MISSING_VALUE,info,Valor ausente na extração
2795,2796,LPSB3,2026-09-07,average,MISSING_VALUE,info,Valor ausente na extração
2795,2796,LPSB3,2026-09-07,raw_volume,MISSING_VALUE,info,Valor ausente na extração
2806,2807,LUPA3,2026-09-07,close,MISSING_VALUE,info,Valor ausente na extração
2806,2807,LUPA3,2026-09-07,adjusted_quantity,MISSING_VALUE,info,Valor ausente na extração
2806,2807,LUPA3,2026-09-07,open,MISSING_VALUE,info,Valor ausente na extração
2806,2807,LUPA3,2026-09-07,high,MISSING_VALUE,info,Valor ausente na extração
2806,2807,LUPA3,2026-09-07,low,MISSING_VALUE,info,Valor ausente na extração
2806,2807,LUPA3,2026-09-07,average,MISSING_VALUE,info,Valor ausente na extração
2806,2807,LUPA3,2026-09-07,raw_volume,MISSING_VALUE,info,Valor ausente na extração
2817,2818,LWSA3,2026-09-07,close,MISSING_VALUE,info,Valor ausente na extração
2817,2818,LWSA3,2026-09-07,adjusted_quantity,MISSING_VALUE,info,Valor ausente na extração
2817,2818,LWSA3,2026-09-07,open,MISSING_VALUE,info,Valor ausente na extração
2817,2818,LWSA3,2026-09-07,high,MISSING_VALUE,info,Valor ausente na extração
2817,2818,LWSA3,2026-09-07,low,MISSING_VALUE,info,Valor ausente na extração
2817,2818,LWSA3,2026-09-07,average,MISSING_VALUE,info,Valor ausente na extração
2817,2818,LWSA3,2026-09-07,raw_volume,MISSING_VALUE,info,Valor ausente na extração
2828,2829,MDIA3,2026-09-07,close,MISSING_VALUE,info,Valor ausente na extração
2828,2829,MDIA3,2026-09-07,adjusted_quantity,MISSING_VALUE,info,Valor ausente na extração
2828,2829,MDIA3,2026-09-07,open,MISSING_VALUE,info,Valor ausente na extração
2828,2829,MDIA3,2026-09-07,high,MISSING_VALUE,info,Valor ausente na extração
2828,2829,MDIA3,2026-09-07,low,MISSING_VALUE,info,Valor ausente na extração
2828,2829,MDIA3,2026-09-07,average,MISSING_VALUE,info,Valor ausente na extração
2828,2829,MDIA3,2026-09-07,raw_volume,MISSING_VALUE,info,Valor ausente na extração
2839,2840,MGLU3,2026-09-07,close,MISSING_VALUE,info,Valor ausente na extração
2839,2840,MGLU3,2026-09-07,adjusted_quantity,MISSING_VALUE,info,Valor ausente na extração
2839,2840,MGLU3,2026-09-07,open,MISSING_VALUE,info,Valor ausente na extração
2839,2840,MGLU3,2026-09-07,high,MISSING_VALUE,info,Valor ausente na extração
2839,2840,MGLU3,2026-09-07,low,MISSING_VALUE,info,Valor ausente na extração
2839,2840,MGLU3,2026-09-07,average,MISSING_VALUE,info,Valor ausente na extração
2839,2840,MGLU3,2026-09-07,raw_volume,MISSING_VALUE,info,Valor ausente na extração
2850,2851,MGEL3,2011-02-25,close,MISSING_VALUE,info,Valor ausente na extração
2850,2851,MGEL3,2011-02-25,adjusted_quantity,MISSING_VALUE,info,Valor ausente na extração
2850,2851,MGEL3,2011-02-25,open,MISSING_VALUE,info,Valor ausente na extração
2850,2851,MGEL3,2011-02-25,high,MISSING_VALUE,info,Valor ausente na extração
2850,2851,MGEL3,2011-02-25,low,MISSING_VALUE,info,Valor ausente na extração
2850,2851,MGEL3,2011-02-25,average,MISSING_VALUE,info,Valor ausente na extração
2850,2851,MGEL3,2011-02-25,raw_volume,MISSING_VALUE,info,Valor ausente na extração
2851,2852,MGEL3,2011-02-28,close,MISSING_VALUE,info,Valor ausente na extração
2851,2852,MGEL3,2011-02-28,adjusted_quantity,MISSING_VALUE,info,Valor ausente na extração
2851,2852,MGEL3,2011-02-28,open,MISSING_VALUE,info,Valor ausente na extração
2851,2852,MGEL3,2011-02-28,high,MISSING_VALUE,info,Valor ausente na extração
2851,2852,MGEL3,2011-02-28,low,MISSING_VALUE,info,Valor ausente na extração
2851,2852,MGEL3,2011-02-28,average,MISSING_VALUE,info,Valor ausente na extração
2851,2852,MGEL3,2011-02-28,raw_volume,MISSING_VALUE,info,Valor ausente na extração
2852,2853,MGEL3,2011-03-01,close,MISSING_VALUE,info,Valor ausente na extração
2852,2853,MGEL3,2011-03-01,adjusted_quantity,MISSING_VALUE,info,Valor ausente na extração
2852,2853,MGEL3,2011-03-01,open,MISSING_VALUE,info,Valor ausente na extração
2852,2853,MGEL3,2011-03-01,high,MISSING_VALUE,info,Valor ausente na extração
2852,2853,MGEL3,2011-03-01,low,MISSING_VALUE,info,Valor ausente na extração
2852,2853,MGEL3,2011-03-01,average,MISSING_VALUE,info,Valor ausente na extração
2852,2853,MGEL3,2011-03-01,raw_volume,MISSING_VALUE,info,Valor ausente na extração
2853,2854,MGEL3,2011-03-02,close,MISSING_VALUE,info,Valor ausente na extração
2853,2854,MGEL3,2011-03-02,adjusted_quantity,MISSING_VALUE,info,Valor ausente na extração
2853,2854,MGEL3,2011-03-02,open,MISSING_VALUE,info,Valor ausente na extração
2853,2854,MGEL3,2011-03-02,high,MISSING_VALUE,info,Valor ausente na extração
2853,2854,MGEL3,2011-03-02,low,MISSING_VALUE,info,Valor ausente na extração
2853,2854,MGEL3,2011-03-02,average,MISSING_VALUE,info,Valor ausente na extração
2853,2854,MGEL3,2011-03-02,raw_volume,MISSING_VALUE,info,Valor ausente na extração
2854,2855,MGEL3,2011-03-03,close,MISSING_VALUE,info,Valor ausente na extração
2854,2855,MGEL3,2011-03-03,adjusted_quantity,MISSING_VALUE,info,Valor ausente na extração
2854,2855,MGEL3,2011-03-03,open,MISSING_VALUE,info,Valor ausente na extração
2854,2855,MGEL3,2011-03-03,high,MISSING_VALUE,info,Valor ausente na extração
2854,2855,MGEL3,2011-03-03,low,MISSING_VALUE,info,Valor ausente na extração
2854,2855,MGEL3,2011-03-03,average,MISSING_VALUE,info,Valor ausente na extração
2854,2855,MGEL3,2011-03-03,raw_volume,MISSING_VALUE,info,Valor ausente na extração
2855,2856,MGEL3,2011-03-04,close,MISSING_VALUE,info,Valor ausente na extração
2855,2856,MGEL3,2011-03-04,adjusted_quantity,MISSING_VALUE,info,Valor ausente na extração
2855,2856,MGEL3,2011-03-04,open,MISSING_VALUE,info,Valor ausente na extração
2855,2856,MGEL3,2011-03-04,high,MISSING_VALUE,info,Valor ausente na extração
2855,2856,MGEL3,2011-03-04,low,MISSING_VALUE,info,Valor ausente na extração
2855,2856,MGEL3,2011-03-04,average,MISSING_VALUE,info,Valor ausente na extração
2855,2856,MGEL3,2011-03-04,raw_volume,MISSING_VALUE,info,Valor ausente na extração
2856,2857,MGEL3,2011-03-07,close,MISSING_VALUE,info,Valor ausente na extração
2856,2857,MGEL3,2011-03-07,adjusted_quantity,MISSING_VALUE,info,Valor ausente na extração
2856,2857,MGEL3,2011-03-07,open,MISSING_VALUE,info,Valor ausente na extração
2856,2857,MGEL3,2011-03-07,high,MISSING_VALUE,info,Valor ausente na extração
2856,2857,MGEL3,2011-03-07,low,MISSING_VALUE,info,Valor ausente na extração
2856,2857,MGEL3,2011-03-07,average,MISSING_VALUE,info,Valor ausente na extração
2856,2857,MGEL3,2011-03-07,raw_volume,MISSING_VALUE,info,Valor ausente na extração
2857,2858,MGEL3,2011-03-08,close,MISSING_VALUE,info,Valor ausente na extração
2857,2858,MGEL3,2011-03-08,adjusted_quantity,MISSING_VALUE,info,Valor ausente na extração
2857,2858,MGEL3,2011-03-08,open,MISSING_VALUE,info,Valor ausente na extração
2857,2858,MGEL3,2011-03-08,high,MISSING_VALUE,info,Valor ausente na extração
2857,2858,MGEL3,2011-03-08,low,MISSING_VALUE,info,Valor ausente na extração
2857,2858,MGEL3,2011-03-08,average,MISSING_VALUE,info,Valor ausente na extração
2857,2858,MGEL3,2011-03-08,raw_volume,MISSING_VALUE,info,Valor ausente na extração
2858,2859,MGEL3,2011-03-09,close,MISSING_VALUE,info,Valor ausente na extração
2858,2859,MGEL3,2011-03-09,adjusted_quantity,MISSING_VALUE,info,Valor ausente na extração
2858,2859,MGEL3,2011-03-09,open,MISSING_VALUE,info,Valor ausente na extração
2858,2859,MGEL3,2011-03-09,high,MISSING_VALUE,info,Valor ausente na extração
2858,2859,MGEL3,2011-03-09,low,MISSING_VALUE,info,Valor ausente na extração
2858,2859,MGEL3,2011-03-09,average,MISSING_VALUE,info,Valor ausente na extração
2858,2859,MGEL3,2011-03-09,raw_volume,MISSING_VALUE,info,Valor ausente na extração
2859,2860,MGEL3,2011-03-10,close,MISSING_VALUE,info,Valor ausente na extração
2859,2860,MGEL3,2011-03-10,adjusted_quantity,MISSING_VALUE,info,Valor ausente na extração
2859,2860,MGEL3,2011-03-10,open,MISSING_VALUE,info,Valor ausente na extração
2859,2860,MGEL3,2011-03-10,high,MISSING_VALUE,info,Valor ausente na extração
2859,2860,MGEL3,2011-03-10,low,MISSING_VALUE,info,Valor ausente na extração
2859,2860,MGEL3,2011-03-10,average,MISSING_VALUE,info,Valor ausente na extração
2859,2860,MGEL3,2011-03-10,raw_volume,MISSING_VALUE,info,Valor ausente na extração
2861,2862,MGEL4,2026-09-07,close,MISSING_VALUE,info,Valor ausente na extração
2861,2862,MGEL4,2026-09-07,adjusted_quantity,MISSING_VALUE,info,Valor ausente na extração
2861,2862,MGEL4,2026-09-07,open,MISSING_VALUE,info,Valor ausente na extração
2861,2862,MGEL4,2026-09-07,high,MISSING_VALUE,info,Valor ausente na extração
2861,2862,MGEL4,2026-09-07,low,MISSING_VALUE,info,Valor ausente na extração
2861,2862,MGEL4,2026-09-07,average,MISSING_VALUE,info,Valor ausente na extração
2861,2862,MGEL4,2026-09-07,raw_volume,MISSING_VALUE,info,Valor ausente na extração
2866,2867,MGEL4,2026-09-14,close,MISSING_VALUE,info,Valor ausente na extração
2866,2867,MGEL4,2026-09-14,adjusted_quantity,MISSING_VALUE,info,Valor ausente na extração
2866,2867,MGEL4,2026-09-14,open,MISSING_VALUE,info,Valor ausente na extração
2866,2867,MGEL4,2026-09-14,high,MISSING_VALUE,info,Valor ausente na extração
2866,2867,MGEL4,2026-09-14,low,MISSING_VALUE,info,Valor ausente na extração
2866,2867,MGEL4,2026-09-14,average,MISSING_VALUE,info,Valor ausente na extração
2866,2867,MGEL4,2026-09-14,raw_volume,MISSING_VALUE,info,Valor ausente na extração
2872,2873,POMO3,2026-09-07,close,MISSING_VALUE,info,Valor ausente na extração
2872,2873,POMO3,2026-09-07,adjusted_quantity,MISSING_VALUE,info,Valor ausente na extração
2872,2873,POMO3,2026-09-07,open,MISSING_VALUE,info,Valor ausente na extração
2872,2873,POMO3,2026-09-07,high,MISSING_VALUE,info,Valor ausente na extração
2872,2873,POMO3,2026-09-07,low,MISSING_VALUE,info,Valor ausente na extração
2872,2873,POMO3,2026-09-07,average,MISSING_VALUE,info,Valor ausente na extração
2872,2873,POMO3,2026-09-07,raw_volume,MISSING_VALUE,info,Valor ausente na extração
2883,2884,POMO4,2026-09-07,close,MISSING_VALUE,info,Valor ausente na extração
2883,2884,POMO4,2026-09-07,adjusted_quantity,MISSING_VALUE,info,Valor ausente na extração
2883,2884,POMO4,2026-09-07,open,MISSING_VALUE,info,Valor ausente na extração
2883,2884,POMO4,2026-09-07,high,MISSING_VALUE,info,Valor ausente na extração
2883,2884,POMO4,2026-09-07,low,MISSING_VALUE,info,Valor ausente na extração
2883,2884,POMO4,2026-09-07,average,MISSING_VALUE,info,Valor ausente na extração
2883,2884,POMO4,2026-09-07,raw_volume,MISSING_VALUE,info,Valor ausente na extração
2894,2895,MBRF3,2026-09-07,close,MISSING_VALUE,info,Valor ausente na extração
2894,2895,MBRF3,2026-09-07,adjusted_quantity,MISSING_VALUE,info,Valor ausente na extração
2894,2895,MBRF3,2026-09-07,open,MISSING_VALUE,info,Valor ausente na extração
2894,2895,MBRF3,2026-09-07,high,MISSING_VALUE,info,Valor ausente na extração
2894,2895,MBRF3,2026-09-07,low,MISSING_VALUE,info,Valor ausente na extração
2894,2895,MBRF3,2026-09-07,average,MISSING_VALUE,info,Valor ausente na extração
2894,2895,MBRF3,2026-09-07,raw_volume,MISSING_VALUE,info,Valor ausente na extração
2905,2906,MATD3,2026-09-07,close,MISSING_VALUE,info,Valor ausente na extração
2905,2906,MATD3,2026-09-07,adjusted_quantity,MISSING_VALUE,info,Valor ausente na extração
2905,2906,MATD3,2026-09-07,open,MISSING_VALUE,info,Valor ausente na extração
2905,2906,MATD3,2026-09-07,high,MISSING_VALUE,info,Valor ausente na extração
2905,2906,MATD3,2026-09-07,low,MISSING_VALUE,info,Valor ausente na extração
2905,2906,MATD3,2026-09-07,average,MISSING_VALUE,info,Valor ausente na extração
2905,2906,MATD3,2026-09-07,raw_volume,MISSING_VALUE,info,Valor ausente na extração
2916,2917,MSPA3,2026-07-29,close,MISSING_VALUE,info,Valor ausente na extração
2916,2917,MSPA3,2026-07-29,adjusted_quantity,MISSING_VALUE,info,Valor ausente na extração
2916,2917,MSPA3,2026-07-29,open,MISSING_VALUE,info,Valor ausente na extração
2916,2917,MSPA3,2026-07-29,high,MISSING_VALUE,info,Valor ausente na extração
2916,2917,MSPA3,2026-07-29,low,MISSING_VALUE,info,Valor ausente na extração
2916,2917,MSPA3,2026-07-29,average,MISSING_VALUE,info,Valor ausente na extração
2916,2917,MSPA3,2026-07-29,raw_volume,MISSING_VALUE,info,Valor ausente na extração
2917,2918,MSPA3,2026-07-30,close,MISSING_VALUE,info,Valor ausente na extração
2917,2918,MSPA3,2026-07-30,adjusted_quantity,MISSING_VALUE,info,Valor ausente na extração
2917,2918,MSPA3,2026-07-30,open,MISSING_VALUE,info,Valor ausente na extração
2917,2918,MSPA3,2026-07-30,high,MISSING_VALUE,info,Valor ausente na extração
2917,2918,MSPA3,2026-07-30,low,MISSING_VALUE,info,Valor ausente na extração
2917,2918,MSPA3,2026-07-30,average,MISSING_VALUE,info,Valor ausente na extração
2917,2918,MSPA3,2026-07-30,raw_volume,MISSING_VALUE,info,Valor ausente na extração
2918,2919,MSPA3,2026-07-31,close,MISSING_VALUE,info,Valor ausente na extração
2918,2919,MSPA3,2026-07-31,adjusted_quantity,MISSING_VALUE,info,Valor ausente na extração
2918,2919,MSPA3,2026-07-31,open,MISSING_VALUE,info,Valor ausente na extração
2918,2919,MSPA3,2026-07-31,high,MISSING_VALUE,info,Valor ausente na extração
2918,2919,MSPA3,2026-07-31,low,MISSING_VALUE,info,Valor ausente na extração
2918,2919,MSPA3,2026-07-31,average,MISSING_VALUE,info,Valor ausente na extração
2918,2919,MSPA3,2026-07-31,raw_volume,MISSING_VALUE,info,Valor ausente na extração
2919,2920,MSPA3,2026-08-03,close,MISSING_VALUE,info,Valor ausente na extração
2919,2920,MSPA3,2026-08-03,adjusted_quantity,MISSING_VALUE,info,Valor ausente na extração
2919,2920,MSPA3,2026-08-03,open,MISSING_VALUE,info,Valor ausente na extração
2919,2920,MSPA3,2026-08-03,high,MISSING_VALUE,info,Valor ausente na extração
2919,2920,MSPA3,2026-08-03,low,MISSING_VALUE,info,Valor ausente na extração
2919,2920,MSPA3,2026-08-03,average,MISSING_VALUE,info,Valor ausente na extração
2919,2920,MSPA3,2026-08-03,raw_volume,MISSING_VALUE,info,Valor ausente na extração
2921,2922,MSPA3,2026-08-05,close,MISSING_VALUE,info,Valor ausente na extração
2921,2922,MSPA3,2026-08-05,adjusted_quantity,MISSING_VALUE,info,Valor ausente na extração
2921,2922,MSPA3,2026-08-05,open,MISSING_VALUE,info,Valor ausente na extração
2921,2922,MSPA3,2026-08-05,high,MISSING_VALUE,info,Valor ausente na extração
2921,2922,MSPA3,2026-08-05,low,MISSING_VALUE,info,Valor ausente na extração
2921,2922,MSPA3,2026-08-05,average,MISSING_VALUE,info,Valor ausente na extração
2921,2922,MSPA3,2026-08-05,raw_volume,MISSING_VALUE,info,Valor ausente na extração
2922,2923,MSPA3,2026-08-06,close,MISSING_VALUE,info,Valor ausente na extração
2922,2923,MSPA3,2026-08-06,adjusted_quantity,MISSING_VALUE,info,Valor ausente na extração
2922,2923,MSPA3,2026-08-06,open,MISSING_VALUE,info,Valor ausente na extração
2922,2923,MSPA3,2026-08-06,high,MISSING_VALUE,info,Valor ausente na extração
2922,2923,MSPA3,2026-08-06,low,MISSING_VALUE,info,Valor ausente na extração
2922,2923,MSPA3,2026-08-06,average,MISSING_VALUE,info,Valor ausente na extração
2922,2923,MSPA3,2026-08-06,raw_volume,MISSING_VALUE,info,Valor ausente na extração
2923,2924,MSPA3,2026-08-07,close,MISSING_VALUE,info,Valor ausente na extração
2923,2924,MSPA3,2026-08-07,adjusted_quantity,MISSING_VALUE,info,Valor ausente na extração
2923,2924,MSPA3,2026-08-07,open,MISSING_VALUE,info,Valor ausente na extração
2923,2924,MSPA3,2026-08-07,high,MISSING_VALUE,info,Valor ausente na extração
2923,2924,MSPA3,2026-08-07,low,MISSING_VALUE,info,Valor ausente na extração
2923,2924,MSPA3,2026-08-07,average,MISSING_VALUE,info,Valor ausente na extração
2923,2924,MSPA3,2026-08-07,raw_volume,MISSING_VALUE,info,Valor ausente na extração
2924,2925,MSPA3,2026-08-10,close,MISSING_VALUE,info,Valor ausente na extração
2924,2925,MSPA3,2026-08-10,adjusted_quantity,MISSING_VALUE,info,Valor ausente na extração
2924,2925,MSPA3,2026-08-10,open,MISSING_VALUE,info,Valor ausente na extração
2924,2925,MSPA3,2026-08-10,high,MISSING_VALUE,info,Valor ausente na extração
2924,2925,MSPA3,2026-08-10,low,MISSING_VALUE,info,Valor ausente na extração
2924,2925,MSPA3,2026-08-10,average,MISSING_VALUE,info,Valor ausente na extração
2924,2925,MSPA3,2026-08-10,raw_volume,MISSING_VALUE,info,Valor ausente na extração
2925,2926,MSPA3,2026-08-11,close,MISSING_VALUE,info,Valor ausente na extração
2925,2926,MSPA3,2026-08-11,adjusted_quantity,MISSING_VALUE,info,Valor ausente na extração
2925,2926,MSPA3,2026-08-11,open,MISSING_VALUE,info,Valor ausente na extração
2925,2926,MSPA3,2026-08-11,high,MISSING_VALUE,info,Valor ausente na extração
2925,2926,MSPA3,2026-08-11,low,MISSING_VALUE,info,Valor ausente na extração
2925,2926,MSPA3,2026-08-11,average,MISSING_VALUE,info,Valor ausente na extração
2925,2926,MSPA3,2026-08-11,raw_volume,MISSING_VALUE,info,Valor ausente na extração
2927,2928,MSPA4,2026-08-25,close,MISSING_VALUE,info,Valor ausente na extração
2927,2928,MSPA4,2026-08-25,adjusted_quantity,MISSING_VALUE,info,Valor ausente na extração
2927,2928,MSPA4,2026-08-25,open,MISSING_VALUE,info,Valor ausente na extração
2927,2928,MSPA4,2026-08-25,high,MISSING_VALUE,info,Valor ausente na extração
2927,2928,MSPA4,2026-08-25,low,MISSING_VALUE,info,Valor ausente na extração
2927,2928,MSPA4,2026-08-25,average,MISSING_VALUE,info,Valor ausente na extração
2927,2928,MSPA4,2026-08-25,raw_volume,MISSING_VALUE,info,Valor ausente na extração
2928,2929,MSPA4,2026-08-26,close,MISSING_VALUE,info,Valor ausente na extração
2928,2929,MSPA4,2026-08-26,adjusted_quantity,MISSING_VALUE,info,Valor ausente na extração
2928,2929,MSPA4,2026-08-26,open,MISSING_VALUE,info,Valor ausente na extração
2928,2929,MSPA4,2026-08-26,high,MISSING_VALUE,info,Valor ausente na extração
2928,2929,MSPA4,2026-08-26,low,MISSING_VALUE,info,Valor ausente na extração
2928,2929,MSPA4,2026-08-26,average,MISSING_VALUE,info,Valor ausente na extração
2928,2929,MSPA4,2026-08-26,raw_volume,MISSING_VALUE,info,Valor ausente na extração
2929,2930,MSPA4,2026-08-27,close,MISSING_VALUE,info,Valor ausente na extração
2929,2930,MSPA4,2026-08-27,adjusted_quantity,MISSING_VALUE,info,Valor ausente na extração
2929,2930,MSPA4,2026-08-27,open,MISSING_VALUE,info,Valor ausente na extração
2929,2930,MSPA4,2026-08-27,high,MISSING_VALUE,info,Valor ausente na extração
2929,2930,MSPA4,2026-08-27,low,MISSING_VALUE,info,Valor ausente na extração
2929,2930,MSPA4,2026-08-27,average,MISSING_VALUE,info,Valor ausente na extração
2929,2930,MSPA4,2026-08-27,raw_volume,MISSING_VALUE,info,Valor ausente na extração
2930,2931,MSPA4,2026-08-28,close,MISSING_VALUE,info,Valor ausente na extração
2930,2931,MSPA4,2026-08-28,adjusted_quantity,MISSING_VALUE,info,Valor ausente na extração
2930,2931,MSPA4,2026-08-28,open,MISSING_VALUE,info,Valor ausente na extração
2930,2931,MSPA4,2026-08-28,high,MISSING_VALUE,info,Valor ausente na extração
2930,2931,MSPA4,2026-08-28,low,MISSING_VALUE,info,Valor ausente na extração
2930,2931,MSPA4,2026-08-28,average,MISSING_VALUE,info,Valor ausente na extração
2930,2931,MSPA4,2026-08-28,raw_volume,MISSING_VALUE,info,Valor ausente na extração
2931,2932,MSPA4,2026-08-31,close,MISSING_VALUE,info,Valor ausente na extração
2931,2932,MSPA4,2026-08-31,adjusted_quantity,MISSING_VALUE,info,Valor ausente na extração
2931,2932,MSPA4,2026-08-31,open,MISSING_VALUE,info,Valor ausente na extração
2931,2932,MSPA4,2026-08-31,high,MISSING_VALUE,info,Valor ausente na extração
2931,2932,MSPA4,2026-08-31,low,MISSING_VALUE,info,Valor ausente na extração
2931,2932,MSPA4,2026-08-31,average,MISSING_VALUE,info,Valor ausente na extração
2931,2932,MSPA4,2026-08-31,raw_volume,MISSING_VALUE,info,Valor ausente na extração
2932,2933,MSPA4,2026-09-01,close,MISSING_VALUE,info,Valor ausente na extração
2932,2933,MSPA4,2026-09-01,adjusted_quantity,MISSING_VALUE,info,Valor ausente na extração
2932,2933,MSPA4,2026-09-01,open,MISSING_VALUE,info,Valor ausente na extração
2932,2933,MSPA4,2026-09-01,high,MISSING_VALUE,info,Valor ausente na extração
2932,2933,MSPA4,2026-09-01,low,MISSING_VALUE,info,Valor ausente na extração
2932,2933,MSPA4,2026-09-01,average,MISSING_VALUE,info,Valor ausente na extração
2932,2933,MSPA4,2026-09-01,raw_volume,MISSING_VALUE,info,Valor ausente na extração
2934,2935,MSPA4,2026-09-03,close,MISSING_VALUE,info,Valor ausente na extração
2934,2935,MSPA4,2026-09-03,adjusted_quantity,MISSING_VALUE,info,Valor ausente na extração
2934,2935,MSPA4,2026-09-03,open,MISSING_VALUE,info,Valor ausente na extração
2934,2935,MSPA4,2026-09-03,high,MISSING_VALUE,info,Valor ausente na extração
2934,2935,MSPA4,2026-09-03,low,MISSING_VALUE,info,Valor ausente na extração
2934,2935,MSPA4,2026-09-03,average,MISSING_VALUE,info,Valor ausente na extração
2934,2935,MSPA4,2026-09-03,raw_volume,MISSING_VALUE,info,Valor ausente na extração
2935,2936,MSPA4,2026-09-04,close,MISSING_VALUE,info,Valor ausente na extração
2935,2936,MSPA4,2026-09-04,adjusted_quantity,MISSING_VALUE,info,Valor ausente na extração
2935,2936,MSPA4,2026-09-04,open,MISSING_VALUE,info,Valor ausente na extração
2935,2936,MSPA4,2026-09-04,high,MISSING_VALUE,info,Valor ausente na extração
2935,2936,MSPA4,2026-09-04,low,MISSING_VALUE,info,Valor ausente na extração
2935,2936,MSPA4,2026-09-04,average,MISSING_VALUE,info,Valor ausente na extração
2935,2936,MSPA4,2026-09-04,raw_volume,MISSING_VALUE,info,Valor ausente na extração
2936,2937,MSPA4,2026-09-07,close,MISSING_VALUE,info,Valor ausente na extração
2936,2937,MSPA4,2026-09-07,adjusted_quantity,MISSING_VALUE,info,Valor ausente na extração
2936,2937,MSPA4,2026-09-07,open,MISSING_VALUE,info,Valor ausente na extração
2936,2937,MSPA4,2026-09-07,high,MISSING_VALUE,info,Valor ausente na extração
2936,2937,MSPA4,2026-09-07,low,MISSING_VALUE,info,Valor ausente na extração
2936,2937,MSPA4,2026-09-07,average,MISSING_VALUE,info,Valor ausente na extração
2936,2937,MSPA4,2026-09-07,raw_volume,MISSING_VALUE,info,Valor ausente na extração
2938,2939,CASH3,2026-09-07,close,MISSING_VALUE,info,Valor ausente na extração
2938,2939,CASH3,2026-09-07,adjusted_quantity,MISSING_VALUE,info,Valor ausente na extração
2938,2939,CASH3,2026-09-07,open,MISSING_VALUE,info,Valor ausente na extração
2938,2939,CASH3,2026-09-07,high,MISSING_VALUE,info,Valor ausente na extração
2938,2939,CASH3,2026-09-07,low,MISSING_VALUE,info,Valor ausente na extração
2938,2939,CASH3,2026-09-07,average,MISSING_VALUE,info,Valor ausente na extração
2938,2939,CASH3,2026-09-07,raw_volume,MISSING_VALUE,info,Valor ausente na extração
2949,2950,MELK3,2026-09-07,close,MISSING_VALUE,info,Valor ausente na extração
2949,2950,MELK3,2026-09-07,adjusted_quantity,MISSING_VALUE,info,Valor ausente na extração
2949,2950,MELK3,2026-09-07,open,MISSING_VALUE,info,Valor ausente na extração
2949,2950,MELK3,2026-09-07,high,MISSING_VALUE,info,Valor ausente na extração
2949,2950,MELK3,2026-09-07,low,MISSING_VALUE,info,Valor ausente na extração
2949,2950,MELK3,2026-09-07,average,MISSING_VALUE,info,Valor ausente na extração
2949,2950,MELK3,2026-09-07,raw_volume,MISSING_VALUE,info,Valor ausente na extração
2960,2961,BMIN3,2026-08-04,close,MISSING_VALUE,info,Valor ausente na extração
2960,2961,BMIN3,2026-08-04,adjusted_quantity,MISSING_VALUE,info,Valor ausente na extração
2960,2961,BMIN3,2026-08-04,open,MISSING_VALUE,info,Valor ausente na extração
2960,2961,BMIN3,2026-08-04,high,MISSING_VALUE,info,Valor ausente na extração
2960,2961,BMIN3,2026-08-04,low,MISSING_VALUE,info,Valor ausente na extração
2960,2961,BMIN3,2026-08-04,average,MISSING_VALUE,info,Valor ausente na extração
2960,2961,BMIN3,2026-08-04,raw_volume,MISSING_VALUE,info,Valor ausente na extração
2961,2962,BMIN3,2026-08-05,close,MISSING_VALUE,info,Valor ausente na extração
2961,2962,BMIN3,2026-08-05,adjusted_quantity,MISSING_VALUE,info,Valor ausente na extração
2961,2962,BMIN3,2026-08-05,open,MISSING_VALUE,info,Valor ausente na extração
2961,2962,BMIN3,2026-08-05,high,MISSING_VALUE,info,Valor ausente na extração
2961,2962,BMIN3,2026-08-05,low,MISSING_VALUE,info,Valor ausente na extração
2961,2962,BMIN3,2026-08-05,average,MISSING_VALUE,info,Valor ausente na extração
2961,2962,BMIN3,2026-08-05,raw_volume,MISSING_VALUE,info,Valor ausente na extração
2962,2963,BMIN3,2026-08-06,close,MISSING_VALUE,info,Valor ausente na extração
2962,2963,BMIN3,2026-08-06,adjusted_quantity,MISSING_VALUE,info,Valor ausente na extração
2962,2963,BMIN3,2026-08-06,open,MISSING_VALUE,info,Valor ausente na extração
2962,2963,BMIN3,2026-08-06,high,MISSING_VALUE,info,Valor ausente na extração
2962,2963,BMIN3,2026-08-06,low,MISSING_VALUE,info,Valor ausente na extração
2962,2963,BMIN3,2026-08-06,average,MISSING_VALUE,info,Valor ausente na extração
2962,2963,BMIN3,2026-08-06,raw_volume,MISSING_VALUE,info,Valor ausente na extração
2963,2964,BMIN3,2026-08-07,close,MISSING_VALUE,info,Valor ausente na extração
2963,2964,BMIN3,2026-08-07,adjusted_quantity,MISSING_VALUE,info,Valor ausente na extração
2963,2964,BMIN3,2026-08-07,open,MISSING_VALUE,info,Valor ausente na extração
2963,2964,BMIN3,2026-08-07,high,MISSING_VALUE,info,Valor ausente na extração
2963,2964,BMIN3,2026-08-07,low,MISSING_VALUE,info,Valor ausente na extração
2963,2964,BMIN3,2026-08-07,average,MISSING_VALUE,info,Valor ausente na extração
2963,2964,BMIN3,2026-08-07,raw_volume,MISSING_VALUE,info,Valor ausente na extração
2964,2965,BMIN3,2026-08-10,close,MISSING_VALUE,info,Valor ausente na extração
2964,2965,BMIN3,2026-08-10,adjusted_quantity,MISSING_VALUE,info,Valor ausente na extração
2964,2965,BMIN3,2026-08-10,open,MISSING_VALUE,info,Valor ausente na extração
2964,2965,BMIN3,2026-08-10,high,MISSING_VALUE,info,Valor ausente na extração
2964,2965,BMIN3,2026-08-10,low,MISSING_VALUE,info,Valor ausente na extração
2964,2965,BMIN3,2026-08-10,average,MISSING_VALUE,info,Valor ausente na extração
2964,2965,BMIN3,2026-08-10,raw_volume,MISSING_VALUE,info,Valor ausente na extração
2965,2966,BMIN3,2026-08-11,close,MISSING_VALUE,info,Valor ausente na extração
2965,2966,BMIN3,2026-08-11,adjusted_quantity,MISSING_VALUE,info,Valor ausente na extração
2965,2966,BMIN3,2026-08-11,open,MISSING_VALUE,info,Valor ausente na extração
2965,2966,BMIN3,2026-08-11,high,MISSING_VALUE,info,Valor ausente na extração
2965,2966,BMIN3,2026-08-11,low,MISSING_VALUE,info,Valor ausente na extração
2965,2966,BMIN3,2026-08-11,average,MISSING_VALUE,info,Valor ausente na extração
2965,2966,BMIN3,2026-08-11,raw_volume,MISSING_VALUE,info,Valor ausente na extração
2966,2967,BMIN3,2026-08-12,close,MISSING_VALUE,info,Valor ausente na extração
2966,2967,BMIN3,2026-08-12,adjusted_quantity,MISSING_VALUE,info,Valor ausente na extração
2966,2967,BMIN3,2026-08-12,open,MISSING_VALUE,info,Valor ausente na extração
2966,2967,BMIN3,2026-08-12,high,MISSING_VALUE,info,Valor ausente na extração
2966,2967,BMIN3,2026-08-12,low,MISSING_VALUE,info,Valor ausente na extração
2966,2967,BMIN3,2026-08-12,average,MISSING_VALUE,info,Valor ausente na extração
2966,2967,BMIN3,2026-08-12,raw_volume,MISSING_VALUE,info,Valor ausente na extração
2967,2968,BMIN3,2026-08-13,close,MISSING_VALUE,info,Valor ausente na extração
2967,2968,BMIN3,2026-08-13,adjusted_quantity,MISSING_VALUE,info,Valor ausente na extração
2967,2968,BMIN3,2026-08-13,open,MISSING_VALUE,info,Valor ausente na extração
2967,2968,BMIN3,2026-08-13,high,MISSING_VALUE,info,Valor ausente na extração
2967,2968,BMIN3,2026-08-13,low,MISSING_VALUE,info,Valor ausente na extração
2967,2968,BMIN3,2026-08-13,average,MISSING_VALUE,info,Valor ausente na extração
2967,2968,BMIN3,2026-08-13,raw_volume,MISSING_VALUE,info,Valor ausente na extração
2968,2969,BMIN3,2026-08-14,close,MISSING_VALUE,info,Valor ausente na extração
2968,2969,BMIN3,2026-08-14,adjusted_quantity,MISSING_VALUE,info,Valor ausente na extração
2968,2969,BMIN3,2026-08-14,open,MISSING_VALUE,info,Valor ausente na extração
2968,2969,BMIN3,2026-08-14,high,MISSING_VALUE,info,Valor ausente na extração
2968,2969,BMIN3,2026-08-14,low,MISSING_VALUE,info,Valor ausente na extração
2968,2969,BMIN3,2026-08-14,average,MISSING_VALUE,info,Valor ausente na extração
2968,2969,BMIN3,2026-08-14,raw_volume,MISSING_VALUE,info,Valor ausente na extração
2969,2970,BMIN3,2026-08-17,close,MISSING_VALUE,info,Valor ausente na extração
2969,2970,BMIN3,2026-08-17,adjusted_quantity,MISSING_VALUE,info,Valor ausente na extração
2969,2970,BMIN3,2026-08-17,open,MISSING_VALUE,info,Valor ausente na extração
2969,2970,BMIN3,2026-08-17,high,MISSING_VALUE,info,Valor ausente na extração
2969,2970,BMIN3,2026-08-17,low,MISSING_VALUE,info,Valor ausente na extração
2969,2970,BMIN3,2026-08-17,average,MISSING_VALUE,info,Valor ausente na extração
2969,2970,BMIN3,2026-08-17,raw_volume,MISSING_VALUE,info,Valor ausente na extração
2971,2972,BMIN4,2026-09-04,close,MISSING_VALUE,info,Valor ausente na extração
2971,2972,BMIN4,2026-09-04,adjusted_quantity,MISSING_VALUE,info,Valor ausente na extração
2971,2972,BMIN4,2026-09-04,open,MISSING_VALUE,info,Valor ausente na extração
2971,2972,BMIN4,2026-09-04,high,MISSING_VALUE,info,Valor ausente na extração
2971,2972,BMIN4,2026-09-04,low,MISSING_VALUE,info,Valor ausente na extração
2971,2972,BMIN4,2026-09-04,average,MISSING_VALUE,info,Valor ausente na extração
2971,2972,BMIN4,2026-09-04,raw_volume,MISSING_VALUE,info,Valor ausente na extração
2972,2973,BMIN4,2026-09-07,close,MISSING_VALUE,info,Valor ausente na extração
2972,2973,BMIN4,2026-09-07,adjusted_quantity,MISSING_VALUE,info,Valor ausente na extração
2972,2973,BMIN4,2026-09-07,open,MISSING_VALUE,info,Valor ausente na extração
2972,2973,BMIN4,2026-09-07,high,MISSING_VALUE,info,Valor ausente na extração
2972,2973,BMIN4,2026-09-07,low,MISSING_VALUE,info,Valor ausente na extração
2972,2973,BMIN4,2026-09-07,average,MISSING_VALUE,info,Valor ausente na extração
2972,2973,BMIN4,2026-09-07,raw_volume,MISSING_VALUE,info,Valor ausente na extração
2976,2977,BMIN4,2026-09-11,close,MISSING_VALUE,info,Valor ausente na extração
2976,2977,BMIN4,2026-09-11,adjusted_quantity,MISSING_VALUE,info,Valor ausente na extração
2976,2977,BMIN4,2026-09-11,open,MISSING_VALUE,info,Valor ausente na extração
2976,2977,BMIN4,2026-09-11,high,MISSING_VALUE,info,Valor ausente na extração
2976,2977,BMIN4,2026-09-11,low,MISSING_VALUE,info,Valor ausente na extração
2976,2977,BMIN4,2026-09-11,average,MISSING_VALUE,info,Valor ausente na extração
2976,2977,BMIN4,2026-09-11,raw_volume,MISSING_VALUE,info,Valor ausente na extração
2977,2978,BMIN4,2026-09-14,close,MISSING_VALUE,info,Valor ausente na extração
2977,2978,BMIN4,2026-09-14,adjusted_quantity,MISSING_VALUE,info,Valor ausente na extração
2977,2978,BMIN4,2026-09-14,open,MISSING_VALUE,info,Valor ausente na extração
2977,2978,BMIN4,2026-09-14,high,MISSING_VALUE,info,Valor ausente na extração
2977,2978,BMIN4,2026-09-14,low,MISSING_VALUE,info,Valor ausente na extração
2977,2978,BMIN4,2026-09-14,average,MISSING_VALUE,info,Valor ausente na extração
2977,2978,BMIN4,2026-09-14,raw_volume,MISSING_VALUE,info,Valor ausente na extração
2979,2980,BMIN4,2026-09-16,close,MISSING_VALUE,info,Valor ausente na extração
2979,2980,BMIN4,2026-09-16,adjusted_quantity,MISSING_VALUE,info,Valor ausente na extração
2979,2980,BMIN4,2026-09-16,open,MISSING_VALUE,info,Valor ausente na extração
2979,2980,BMIN4,2026-09-16,high,MISSING_VALUE,info,Valor ausente na extração
2979,2980,BMIN4,2026-09-16,low,MISSING_VALUE,info,Valor ausente na extração
2979,2980,BMIN4,2026-09-16,average,MISSING_VALUE,info,Valor ausente na extração
2979,2980,BMIN4,2026-09-16,raw_volume,MISSING_VALUE,info,Valor ausente na extração
2980,2981,BMIN4,2026-09-17,close,MISSING_VALUE,info,Valor ausente na extração
2980,2981,BMIN4,2026-09-17,adjusted_quantity,MISSING_VALUE,info,Valor ausente na extração
2980,2981,BMIN4,2026-09-17,open,MISSING_VALUE,info,Valor ausente na extração
2980,2981,BMIN4,2026-09-17,high,MISSING_VALUE,info,Valor ausente na extração
2980,2981,BMIN4,2026-09-17,low,MISSING_VALUE,info,Valor ausente na extração
2980,2981,BMIN4,2026-09-17,average,MISSING_VALUE,info,Valor ausente na extração
2980,2981,BMIN4,2026-09-17,raw_volume,MISSING_VALUE,info,Valor ausente na extração
2982,2983,BMEB3,2026-09-07,close,MISSING_VALUE,info,Valor ausente na extração
2982,2983,BMEB3,2026-09-07,adjusted_quantity,MISSING_VALUE,info,Valor ausente na extração
2982,2983,BMEB3,2026-09-07,open,MISSING_VALUE,info,Valor ausente na extração
2982,2983,BMEB3,2026-09-07,high,MISSING_VALUE,info,Valor ausente na extração
2982,2983,BMEB3,2026-09-07,low,MISSING_VALUE,info,Valor ausente na extração
2982,2983,BMEB3,2026-09-07,average,MISSING_VALUE,info,Valor ausente na extração
2982,2983,BMEB3,2026-09-07,raw_volume,MISSING_VALUE,info,Valor ausente na extração
2993,2994,BMEB4,2026-09-07,close,MISSING_VALUE,info,Valor ausente na extração
2993,2994,BMEB4,2026-09-07,adjusted_quantity,MISSING_VALUE,info,Valor ausente na extração
2993,2994,BMEB4,2026-09-07,open,MISSING_VALUE,info,Valor ausente na extração
2993,2994,BMEB4,2026-09-07,high,MISSING_VALUE,info,Valor ausente na extração
2993,2994,BMEB4,2026-09-07,low,MISSING_VALUE,info,Valor ausente na extração
2993,2994,BMEB4,2026-09-07,average,MISSING_VALUE,info,Valor ausente na extração
2993,2994,BMEB4,2026-09-07,raw_volume,MISSING_VALUE,info,Valor ausente na extração
3004,3005,LEVE3,2026-09-07,close,MISSING_VALUE,info,Valor ausente na extração
3004,3005,LEVE3,2026-09-07,adjusted_quantity,MISSING_VALUE,info,Valor ausente na extração
3004,3005,LEVE3,2026-09-07,open,MISSING_VALUE,info,Valor ausente na extração
3004,3005,LEVE3,2026-09-07,high,MISSING_VALUE,info,Valor ausente na extração
3004,3005,LEVE3,2026-09-07,low,MISSING_VALUE,info,Valor ausente na extração
3004,3005,LEVE3,2026-09-07,average,MISSING_VALUE,info,Valor ausente na extração
3004,3005,LEVE3,2026-09-07,raw_volume,MISSING_VALUE,info,Valor ausente na extração
3015,3016,FRIO3,2026-05-15,close,MISSING_VALUE,info,Valor ausente na extração
3015,3016,FRIO3,2026-05-15,adjusted_quantity,MISSING_VALUE,info,Valor ausente na extração
3015,3016,FRIO3,2026-05-15,open,MISSING_VALUE,info,Valor ausente na extração
3015,3016,FRIO3,2026-05-15,high,MISSING_VALUE,info,Valor ausente na extração
3015,3016,FRIO3,2026-05-15,low,MISSING_VALUE,info,Valor ausente na extração
3015,3016,FRIO3,2026-05-15,average,MISSING_VALUE,info,Valor ausente na extração
3015,3016,FRIO3,2026-05-15,raw_volume,MISSING_VALUE,info,Valor ausente na extração
3016,3017,FRIO3,2026-05-18,close,MISSING_VALUE,info,Valor ausente na extração
3016,3017,FRIO3,2026-05-18,adjusted_quantity,MISSING_VALUE,info,Valor ausente na extração
3016,3017,FRIO3,2026-05-18,open,MISSING_VALUE,info,Valor ausente na extração
3016,3017,FRIO3,2026-05-18,high,MISSING_VALUE,info,Valor ausente na extração
3016,3017,FRIO3,2026-05-18,low,MISSING_VALUE,info,Valor ausente na extração
3016,3017,FRIO3,2026-05-18,average,MISSING_VALUE,info,Valor ausente na extração
3016,3017,FRIO3,2026-05-18,raw_volume,MISSING_VALUE,info,Valor ausente na extração
3017,3018,FRIO3,2026-05-19,close,MISSING_VALUE,info,Valor ausente na extração
3017,3018,FRIO3,2026-05-19,adjusted_quantity,MISSING_VALUE,info,Valor ausente na extração
3017,3018,FRIO3,2026-05-19,open,MISSING_VALUE,info,Valor ausente na extração
3017,3018,FRIO3,2026-05-19,high,MISSING_VALUE,info,Valor ausente na extração
3017,3018,FRIO3,2026-05-19,low,MISSING_VALUE,info,Valor ausente na extração
3017,3018,FRIO3,2026-05-19,average,MISSING_VALUE,info,Valor ausente na extração
3017,3018,FRIO3,2026-05-19,raw_volume,MISSING_VALUE,info,Valor ausente na extração
3018,3019,FRIO3,2026-05-20,close,MISSING_VALUE,info,Valor ausente na extração
3018,3019,FRIO3,2026-05-20,adjusted_quantity,MISSING_VALUE,info,Valor ausente na extração
3018,3019,FRIO3,2026-05-20,open,MISSING_VALUE,info,Valor ausente na extração
3018,3019,FRIO3,2026-05-20,high,MISSING_VALUE,info,Valor ausente na extração
3018,3019,FRIO3,2026-05-20,low,MISSING_VALUE,info,Valor ausente na extração
3018,3019,FRIO3,2026-05-20,average,MISSING_VALUE,info,Valor ausente na extração
3018,3019,FRIO3,2026-05-20,raw_volume,MISSING_VALUE,info,Valor ausente na extração
3019,3020,FRIO3,2026-05-21,close,MISSING_VALUE,info,Valor ausente na extração
3019,3020,FRIO3,2026-05-21,adjusted_quantity,MISSING_VALUE,info,Valor ausente na extração
3019,3020,FRIO3,2026-05-21,open,MISSING_VALUE,info,Valor ausente na extração
3019,3020,FRIO3,2026-05-21,high,MISSING_VALUE,info,Valor ausente na extração
3019,3020,FRIO3,2026-05-21,low,MISSING_VALUE,info,Valor ausente na extração
3019,3020,FRIO3,2026-05-21,average,MISSING_VALUE,info,Valor ausente na extração
3019,3020,FRIO3,2026-05-21,raw_volume,MISSING_VALUE,info,Valor ausente na extração
3023,3024,FRIO3,2026-05-27,close,MISSING_VALUE,info,Valor ausente na extração
3023,3024,FRIO3,2026-05-27,adjusted_quantity,MISSING_VALUE,info,Valor ausente na extração
3023,3024,FRIO3,2026-05-27,open,MISSING_VALUE,info,Valor ausente na extração
3023,3024,FRIO3,2026-05-27,high,MISSING_VALUE,info,Valor ausente na extração
3023,3024,FRIO3,2026-05-27,low,MISSING_VALUE,info,Valor ausente na extração
3023,3024,FRIO3,2026-05-27,average,MISSING_VALUE,info,Valor ausente na extração
3023,3024,FRIO3,2026-05-27,raw_volume,MISSING_VALUE,info,Valor ausente na extração
3024,3025,FRIO3,2026-05-28,close,MISSING_VALUE,info,Valor ausente na extração
3024,3025,FRIO3,2026-05-28,adjusted_quantity,MISSING_VALUE,info,Valor ausente na extração
3024,3025,FRIO3,2026-05-28,open,MISSING_VALUE,info,Valor ausente na extração
3024,3025,FRIO3,2026-05-28,high,MISSING_VALUE,info,Valor ausente na extração
3024,3025,FRIO3,2026-05-28,low,MISSING_VALUE,info,Valor ausente na extração
3024,3025,FRIO3,2026-05-28,average,MISSING_VALUE,info,Valor ausente na extração
3024,3025,FRIO3,2026-05-28,raw_volume,MISSING_VALUE,info,Valor ausente na extração
3026,3027,MTSA3,2025-06-09,close,MISSING_VALUE,info,Valor ausente na extração
3026,3027,MTSA3,2025-06-09,adjusted_quantity,MISSING_VALUE,info,Valor ausente na extração
3026,3027,MTSA3,2025-06-09,open,MISSING_VALUE,info,Valor ausente na extração
3026,3027,MTSA3,2025-06-09,high,MISSING_VALUE,info,Valor ausente na extração
3026,3027,MTSA3,2025-06-09,low,MISSING_VALUE,info,Valor ausente na extração
3026,3027,MTSA3,2025-06-09,average,MISSING_VALUE,info,Valor ausente na extração
3026,3027,MTSA3,2025-06-09,raw_volume,MISSING_VALUE,info,Valor ausente na extração
3027,3028,MTSA3,2025-06-10,close,MISSING_VALUE,info,Valor ausente na extração
3027,3028,MTSA3,2025-06-10,adjusted_quantity,MISSING_VALUE,info,Valor ausente na extração
3027,3028,MTSA3,2025-06-10,open,MISSING_VALUE,info,Valor ausente na extração
3027,3028,MTSA3,2025-06-10,high,MISSING_VALUE,info,Valor ausente na extração
3027,3028,MTSA3,2025-06-10,low,MISSING_VALUE,info,Valor ausente na extração
3027,3028,MTSA3,2025-06-10,average,MISSING_VALUE,info,Valor ausente na extração
3027,3028,MTSA3,2025-06-10,raw_volume,MISSING_VALUE,info,Valor ausente na extração
3028,3029,MTSA3,2025-06-11,close,MISSING_VALUE,info,Valor ausente na extração
3028,3029,MTSA3,2025-06-11,adjusted_quantity,MISSING_VALUE,info,Valor ausente na extração
3028,3029,MTSA3,2025-06-11,open,MISSING_VALUE,info,Valor ausente na extração
3028,3029,MTSA3,2025-06-11,high,MISSING_VALUE,info,Valor ausente na extração
3028,3029,MTSA3,2025-06-11,low,MISSING_VALUE,info,Valor ausente na extração
3028,3029,MTSA3,2025-06-11,average,MISSING_VALUE,info,Valor ausente na extração
3028,3029,MTSA3,2025-06-11,raw_volume,MISSING_VALUE,info,Valor ausente na extração
3029,3030,MTSA3,2025-06-12,close,MISSING_VALUE,info,Valor ausente na extração
3029,3030,MTSA3,2025-06-12,adjusted_quantity,MISSING_VALUE,info,Valor ausente na extração
3029,3030,MTSA3,2025-06-12,open,MISSING_VALUE,info,Valor ausente na extração
3029,3030,MTSA3,2025-06-12,high,MISSING_VALUE,info,Valor ausente na extração
3029,3030,MTSA3,2025-06-12,low,MISSING_VALUE,info,Valor ausente na extração
3029,3030,MTSA3,2025-06-12,average,MISSING_VALUE,info,Valor ausente na extração
3029,3030,MTSA3,2025-06-12,raw_volume,MISSING_VALUE,info,Valor ausente na extração
3030,3031,MTSA3,2025-06-13,close,MISSING_VALUE,info,Valor ausente na extração
3030,3031,MTSA3,2025-06-13,adjusted_quantity,MISSING_VALUE,info,Valor ausente na extração
3030,3031,MTSA3,2025-06-13,open,MISSING_VALUE,info,Valor ausente na extração
3030,3031,MTSA3,2025-06-13,high,MISSING_VALUE,info,Valor ausente na extração
3030,3031,MTSA3,2025-06-13,low,MISSING_VALUE,info,Valor ausente na extração
3030,3031,MTSA3,2025-06-13,average,MISSING_VALUE,info,Valor ausente na extração
3030,3031,MTSA3,2025-06-13,raw_volume,MISSING_VALUE,info,Valor ausente na extração
3032,3033,MTSA3,2025-06-17,close,MISSING_VALUE,info,Valor ausente na extração
3032,3033,MTSA3,2025-06-17,adjusted_quantity,MISSING_VALUE,info,Valor ausente na extração
3032,3033,MTSA3,2025-06-17,open,MISSING_VALUE,info,Valor ausente na extração
3032,3033,MTSA3,2025-06-17,high,MISSING_VALUE,info,Valor ausente na extração
3032,3033,MTSA3,2025-06-17,low,MISSING_VALUE,info,Valor ausente na extração
3032,3033,MTSA3,2025-06-17,average,MISSING_VALUE,info,Valor ausente na extração
3032,3033,MTSA3,2025-06-17,raw_volume,MISSING_VALUE,info,Valor ausente na extração
3033,3034,MTSA3,2025-06-18,close,MISSING_VALUE,info,Valor ausente na extração
3033,3034,MTSA3,2025-06-18,adjusted_quantity,MISSING_VALUE,info,Valor ausente na extração
3033,3034,MTSA3,2025-06-18,open,MISSING_VALUE,info,Valor ausente na extração
3033,3034,MTSA3,2025-06-18,high,MISSING_VALUE,info,Valor ausente na extração
3033,3034,MTSA3,2025-06-18,low,MISSING_VALUE,info,Valor ausente na extração
3033,3034,MTSA3,2025-06-18,average,MISSING_VALUE,info,Valor ausente na extração
3033,3034,MTSA3,2025-06-18,raw_volume,MISSING_VALUE,info,Valor ausente na extração
3034,3035,MTSA3,2025-06-19,close,MISSING_VALUE,info,Valor ausente na extração
3034,3035,MTSA3,2025-06-19,adjusted_quantity,MISSING_VALUE,info,Valor ausente na extração
3034,3035,MTSA3,2025-06-19,open,MISSING_VALUE,info,Valor ausente na extração
3034,3035,MTSA3,2025-06-19,high,MISSING_VALUE,info,Valor ausente na extração
3034,3035,MTSA3,2025-06-19,low,MISSING_VALUE,info,Valor ausente na extração
3034,3035,MTSA3,2025-06-19,average,MISSING_VALUE,info,Valor ausente na extração
3034,3035,MTSA3,2025-06-19,raw_volume,MISSING_VALUE,info,Valor ausente na extração
3037,3038,MTSA4,2026-09-07,close,MISSING_VALUE,info,Valor ausente na extração
3037,3038,MTSA4,2026-09-07,adjusted_quantity,MISSING_VALUE,info,Valor ausente na extração
3037,3038,MTSA4,2026-09-07,open,MISSING_VALUE,info,Valor ausente na extração
3037,3038,MTSA4,2026-09-07,high,MISSING_VALUE,info,Valor ausente na extração
3037,3038,MTSA4,2026-09-07,low,MISSING_VALUE,info,Valor ausente na extração
3037,3038,MTSA4,2026-09-07,average,MISSING_VALUE,info,Valor ausente na extração
3037,3038,MTSA4,2026-09-07,raw_volume,MISSING_VALUE,info,Valor ausente na extração
3048,3049,MILS3,2026-09-07,close,MISSING_VALUE,info,Valor ausente na extração
3048,3049,MILS3,2026-09-07,adjusted_quantity,MISSING_VALUE,info,Valor ausente na extração
3048,3049,MILS3,2026-09-07,open,MISSING_VALUE,info,Valor ausente na extração
3048,3049,MILS3,2026-09-07,high,MISSING_VALUE,info,Valor ausente na extração
3048,3049,MILS3,2026-09-07,low,MISSING_VALUE,info,Valor ausente na extração
3048,3049,MILS3,2026-09-07,average,MISSING_VALUE,info,Valor ausente na extração
3048,3049,MILS3,2026-09-07,raw_volume,MISSING_VALUE,info,Valor ausente na extração
3059,3060,MMAQ3,2024-12-13,close,MISSING_VALUE,info,Valor ausente na extração
3059,3060,MMAQ3,2024-12-13,adjusted_quantity,MISSING_VALUE,info,Valor ausente na extração
3059,3060,MMAQ3,2024-12-13,open,MISSING_VALUE,info,Valor ausente na extração
3059,3060,MMAQ3,2024-12-13,high,MISSING_VALUE,info,Valor ausente na extração
3059,3060,MMAQ3,2024-12-13,low,MISSING_VALUE,info,Valor ausente na extração
3059,3060,MMAQ3,2024-12-13,average,MISSING_VALUE,info,Valor ausente na extração
3059,3060,MMAQ3,2024-12-13,raw_volume,MISSING_VALUE,info,Valor ausente na extração
3060,3061,MMAQ3,2024-12-16,close,MISSING_VALUE,info,Valor ausente na extração
3060,3061,MMAQ3,2024-12-16,adjusted_quantity,MISSING_VALUE,info,Valor ausente na extração
3060,3061,MMAQ3,2024-12-16,open,MISSING_VALUE,info,Valor ausente na extração
3060,3061,MMAQ3,2024-12-16,high,MISSING_VALUE,info,Valor ausente na extração
3060,3061,MMAQ3,2024-12-16,low,MISSING_VALUE,info,Valor ausente na extração
3060,3061,MMAQ3,2024-12-16,average,MISSING_VALUE,info,Valor ausente na extração
3060,3061,MMAQ3,2024-12-16,raw_volume,MISSING_VALUE,info,Valor ausente na extração
3061,3062,MMAQ3,2024-12-17,close,MISSING_VALUE,info,Valor ausente na extração
3061,3062,MMAQ3,2024-12-17,adjusted_quantity,MISSING_VALUE,info,Valor ausente na extração
3061,3062,MMAQ3,2024-12-17,open,MISSING_VALUE,info,Valor ausente na extração
3061,3062,MMAQ3,2024-12-17,high,MISSING_VALUE,info,Valor ausente na extração
3061,3062,MMAQ3,2024-12-17,low,MISSING_VALUE,info,Valor ausente na extração
3061,3062,MMAQ3,2024-12-17,average,MISSING_VALUE,info,Valor ausente na extração
3061,3062,MMAQ3,2024-12-17,raw_volume,MISSING_VALUE,info,Valor ausente na extração
3062,3063,MMAQ3,2024-12-18,close,MISSING_VALUE,info,Valor ausente na extração
3062,3063,MMAQ3,2024-12-18,adjusted_quantity,MISSING_VALUE,info,Valor ausente na extração
3062,3063,MMAQ3,2024-12-18,open,MISSING_VALUE,info,Valor ausente na extração
3062,3063,MMAQ3,2024-12-18,high,MISSING_VALUE,info,Valor ausente na extração
3062,3063,MMAQ3,2024-12-18,low,MISSING_VALUE,info,Valor ausente na extração
3062,3063,MMAQ3,2024-12-18,average,MISSING_VALUE,info,Valor ausente na extração
3062,3063,MMAQ3,2024-12-18,raw_volume,MISSING_VALUE,info,Valor ausente na extração
3063,3064,MMAQ3,2024-12-19,close,MISSING_VALUE,info,Valor ausente na extração
3063,3064,MMAQ3,2024-12-19,adjusted_quantity,MISSING_VALUE,info,Valor ausente na extração
3063,3064,MMAQ3,2024-12-19,open,MISSING_VALUE,info,Valor ausente na extração
3063,3064,MMAQ3,2024-12-19,high,MISSING_VALUE,info,Valor ausente na extração
3063,3064,MMAQ3,2024-12-19,low,MISSING_VALUE,info,Valor ausente na extração
3063,3064,MMAQ3,2024-12-19,average,MISSING_VALUE,info,Valor ausente na extração
3063,3064,MMAQ3,2024-12-19,raw_volume,MISSING_VALUE,info,Valor ausente na extração
3064,3065,MMAQ3,2024-12-20,close,MISSING_VALUE,info,Valor ausente na extração
3064,3065,MMAQ3,2024-12-20,adjusted_quantity,MISSING_VALUE,info,Valor ausente na extração
3064,3065,MMAQ3,2024-12-20,open,MISSING_VALUE,info,Valor ausente na extração
3064,3065,MMAQ3,2024-12-20,high,MISSING_VALUE,info,Valor ausente na extração
3064,3065,MMAQ3,2024-12-20,low,MISSING_VALUE,info,Valor ausente na extração
3064,3065,MMAQ3,2024-12-20,average,MISSING_VALUE,info,Valor ausente na extração
3064,3065,MMAQ3,2024-12-20,raw_volume,MISSING_VALUE,info,Valor ausente na extração
3065,3066,MMAQ3,2024-12-23,close,MISSING_VALUE,info,Valor ausente na extração
3065,3066,MMAQ3,2024-12-23,adjusted_quantity,MISSING_VALUE,info,Valor ausente na extração
3065,3066,MMAQ3,2024-12-23,open,MISSING_VALUE,info,Valor ausente na extração
3065,3066,MMAQ3,2024-12-23,high,MISSING_VALUE,info,Valor ausente na extração
3065,3066,MMAQ3,2024-12-23,low,MISSING_VALUE,info,Valor ausente na extração
3065,3066,MMAQ3,2024-12-23,average,MISSING_VALUE,info,Valor ausente na extração
3065,3066,MMAQ3,2024-12-23,raw_volume,MISSING_VALUE,info,Valor ausente na extração
3066,3067,MMAQ3,2024-12-24,close,MISSING_VALUE,info,Valor ausente na extração
3066,3067,MMAQ3,2024-12-24,adjusted_quantity,MISSING_VALUE,info,Valor ausente na extração
3066,3067,MMAQ3,2024-12-24,open,MISSING_VALUE,info,Valor ausente na extração
3066,3067,MMAQ3,2024-12-24,high,MISSING_VALUE,info,Valor ausente na extração
3066,3067,MMAQ3,2024-12-24,low,MISSING_VALUE,info,Valor ausente na extração
3066,3067,MMAQ3,2024-12-24,average,MISSING_VALUE,info,Valor ausente na extração
3066,3067,MMAQ3,2024-12-24,raw_volume,MISSING_VALUE,info,Valor ausente na extração
3067,3068,MMAQ3,2024-12-25,close,MISSING_VALUE,info,Valor ausente na extração
3067,3068,MMAQ3,2024-12-25,adjusted_quantity,MISSING_VALUE,info,Valor ausente na extração
3067,3068,MMAQ3,2024-12-25,open,MISSING_VALUE,info,Valor ausente na extração
3067,3068,MMAQ3,2024-12-25,high,MISSING_VALUE,info,Valor ausente na extração
3067,3068,MMAQ3,2024-12-25,low,MISSING_VALUE,info,Valor ausente na extração
3067,3068,MMAQ3,2024-12-25,average,MISSING_VALUE,info,Valor ausente na extração
3067,3068,MMAQ3,2024-12-25,raw_volume,MISSING_VALUE,info,Valor ausente na extração
3068,3069,MMAQ3,2024-12-26,close,MISSING_VALUE,info,Valor ausente na extração
3068,3069,MMAQ3,2024-12-26,adjusted_quantity,MISSING_VALUE,info,Valor ausente na extração
3068,3069,MMAQ3,2024-12-26,open,MISSING_VALUE,info,Valor ausente na extração
3068,3069,MMAQ3,2024-12-26,high,MISSING_VALUE,info,Valor ausente na extração
3068,3069,MMAQ3,2024-12-26,low,MISSING_VALUE,info,Valor ausente na extração
3068,3069,MMAQ3,2024-12-26,average,MISSING_VALUE,info,Valor ausente na extração
3068,3069,MMAQ3,2024-12-26,raw_volume,MISSING_VALUE,info,Valor ausente na extração
3069,3070,MMAQ3,2024-12-27,raw_volume,VOLUME_PRICE_DIVERGENCE,info,Volume bruto difere mais de 10% de quantidade ajustada × preço médio ajustado; bases de ajuste podem diferir
3070,3071,MMAQ4,2024-12-27,raw_volume,VOLUME_PRICE_DIVERGENCE,info,Volume bruto difere mais de 10% de quantidade ajustada × preço médio ajustado; bases de ajuste podem diferir
3071,3072,MMAQ4,2024-12-30,close,MISSING_VALUE,info,Valor ausente na extração
3071,3072,MMAQ4,2024-12-30,adjusted_quantity,MISSING_VALUE,info,Valor ausente na extração
3071,3072,MMAQ4,2024-12-30,open,MISSING_VALUE,info,Valor ausente na extração
3071,3072,MMAQ4,2024-12-30,high,MISSING_VALUE,info,Valor ausente na extração
3071,3072,MMAQ4,2024-12-30,low,MISSING_VALUE,info,Valor ausente na extração
3071,3072,MMAQ4,2024-12-30,average,MISSING_VALUE,info,Valor ausente na extração
3071,3072,MMAQ4,2024-12-30,raw_volume,MISSING_VALUE,info,Valor ausente na extração
3072,3073,MMAQ4,2024-12-31,close,MISSING_VALUE,info,Valor ausente na extração
3072,3073,MMAQ4,2024-12-31,adjusted_quantity,MISSING_VALUE,info,Valor ausente na extração
3072,3073,MMAQ4,2024-12-31,open,MISSING_VALUE,info,Valor ausente na extração
3072,3073,MMAQ4,2024-12-31,high,MISSING_VALUE,info,Valor ausente na extração
3072,3073,MMAQ4,2024-12-31,low,MISSING_VALUE,info,Valor ausente na extração
3072,3073,MMAQ4,2024-12-31,average,MISSING_VALUE,info,Valor ausente na extração
3072,3073,MMAQ4,2024-12-31,raw_volume,MISSING_VALUE,info,Valor ausente na extração
3073,3074,MMAQ4,2025-01-01,close,MISSING_VALUE,info,Valor ausente na extração
3073,3074,MMAQ4,2025-01-01,adjusted_quantity,MISSING_VALUE,info,Valor ausente na extração
3073,3074,MMAQ4,2025-01-01,open,MISSING_VALUE,info,Valor ausente na extração
3073,3074,MMAQ4,2025-01-01,high,MISSING_VALUE,info,Valor ausente na extração
3073,3074,MMAQ4,2025-01-01,low,MISSING_VALUE,info,Valor ausente na extração
3073,3074,MMAQ4,2025-01-01,average,MISSING_VALUE,info,Valor ausente na extração
3073,3074,MMAQ4,2025-01-01,raw_volume,MISSING_VALUE,info,Valor ausente na extração
3074,3075,MMAQ4,2025-01-02,close,MISSING_VALUE,info,Valor ausente na extração
3074,3075,MMAQ4,2025-01-02,adjusted_quantity,MISSING_VALUE,info,Valor ausente na extração
3074,3075,MMAQ4,2025-01-02,open,MISSING_VALUE,info,Valor ausente na extração
3074,3075,MMAQ4,2025-01-02,high,MISSING_VALUE,info,Valor ausente na extração
3074,3075,MMAQ4,2025-01-02,low,MISSING_VALUE,info,Valor ausente na extração
3074,3075,MMAQ4,2025-01-02,average,MISSING_VALUE,info,Valor ausente na extração
3074,3075,MMAQ4,2025-01-02,raw_volume,MISSING_VALUE,info,Valor ausente na extração
3075,3076,MMAQ4,2025-01-03,close,MISSING_VALUE,info,Valor ausente na extração
3075,3076,MMAQ4,2025-01-03,adjusted_quantity,MISSING_VALUE,info,Valor ausente na extração
3075,3076,MMAQ4,2025-01-03,open,MISSING_VALUE,info,Valor ausente na extração
3075,3076,MMAQ4,2025-01-03,high,MISSING_VALUE,info,Valor ausente na extração
3075,3076,MMAQ4,2025-01-03,low,MISSING_VALUE,info,Valor ausente na extração
3075,3076,MMAQ4,2025-01-03,average,MISSING_VALUE,info,Valor ausente na extração
3075,3076,MMAQ4,2025-01-03,raw_volume,MISSING_VALUE,info,Valor ausente na extração
3076,3077,MMAQ4,2025-01-06,close,MISSING_VALUE,info,Valor ausente na extração
3076,3077,MMAQ4,2025-01-06,adjusted_quantity,MISSING_VALUE,info,Valor ausente na extração
3076,3077,MMAQ4,2025-01-06,open,MISSING_VALUE,info,Valor ausente na extração
3076,3077,MMAQ4,2025-01-06,high,MISSING_VALUE,info,Valor ausente na extração
3076,3077,MMAQ4,2025-01-06,low,MISSING_VALUE,info,Valor ausente na extração
3076,3077,MMAQ4,2025-01-06,average,MISSING_VALUE,info,Valor ausente na extração
3076,3077,MMAQ4,2025-01-06,raw_volume,MISSING_VALUE,info,Valor ausente na extração
3077,3078,MMAQ4,2025-01-07,close,MISSING_VALUE,info,Valor ausente na extração
3077,3078,MMAQ4,2025-01-07,adjusted_quantity,MISSING_VALUE,info,Valor ausente na extração
3077,3078,MMAQ4,2025-01-07,open,MISSING_VALUE,info,Valor ausente na extração
3077,3078,MMAQ4,2025-01-07,high,MISSING_VALUE,info,Valor ausente na extração
3077,3078,MMAQ4,2025-01-07,low,MISSING_VALUE,info,Valor ausente na extração
3077,3078,MMAQ4,2025-01-07,average,MISSING_VALUE,info,Valor ausente na extração
3077,3078,MMAQ4,2025-01-07,raw_volume,MISSING_VALUE,info,Valor ausente na extração
3078,3079,MMAQ4,2025-01-08,close,MISSING_VALUE,info,Valor ausente na extração
3078,3079,MMAQ4,2025-01-08,adjusted_quantity,MISSING_VALUE,info,Valor ausente na extração
3078,3079,MMAQ4,2025-01-08,open,MISSING_VALUE,info,Valor ausente na extração
3078,3079,MMAQ4,2025-01-08,high,MISSING_VALUE,info,Valor ausente na extração
3078,3079,MMAQ4,2025-01-08,low,MISSING_VALUE,info,Valor ausente na extração
3078,3079,MMAQ4,2025-01-08,average,MISSING_VALUE,info,Valor ausente na extração
3078,3079,MMAQ4,2025-01-08,raw_volume,MISSING_VALUE,info,Valor ausente na extração
3079,3080,MMAQ4,2025-01-09,close,MISSING_VALUE,info,Valor ausente na extração
3079,3080,MMAQ4,2025-01-09,adjusted_quantity,MISSING_VALUE,info,Valor ausente na extração
3079,3080,MMAQ4,2025-01-09,open,MISSING_VALUE,info,Valor ausente na extração
3079,3080,MMAQ4,2025-01-09,high,MISSING_VALUE,info,Valor ausente na extração
3079,3080,MMAQ4,2025-01-09,low,MISSING_VALUE,info,Valor ausente na extração
3079,3080,MMAQ4,2025-01-09,average,MISSING_VALUE,info,Valor ausente na extração
3079,3080,MMAQ4,2025-01-09,raw_volume,MISSING_VALUE,info,Valor ausente na extração
3080,3081,MMAQ4,2025-01-10,raw_volume,VOLUME_PRICE_DIVERGENCE,info,Volume bruto difere mais de 10% de quantidade ajustada × preço médio ajustado; bases de ajuste podem diferir
3081,3082,BEEF3,2026-09-07,close,MISSING_VALUE,info,Valor ausente na extração
3081,3082,BEEF3,2026-09-07,adjusted_quantity,MISSING_VALUE,info,Valor ausente na extração
3081,3082,BEEF3,2026-09-07,open,MISSING_VALUE,info,Valor ausente na extração
3081,3082,BEEF3,2026-09-07,high,MISSING_VALUE,info,Valor ausente na extração
3081,3082,BEEF3,2026-09-07,low,MISSING_VALUE,info,Valor ausente na extração
3081,3082,BEEF3,2026-09-07,average,MISSING_VALUE,info,Valor ausente na extração
3081,3082,BEEF3,2026-09-07,raw_volume,MISSING_VALUE,info,Valor ausente na extração
3092,3093,MNPR3,2026-09-07,close,MISSING_VALUE,info,Valor ausente na extração
3092,3093,MNPR3,2026-09-07,adjusted_quantity,MISSING_VALUE,info,Valor ausente na extração
3092,3093,MNPR3,2026-09-07,open,MISSING_VALUE,info,Valor ausente na extração
3092,3093,MNPR3,2026-09-07,high,MISSING_VALUE,info,Valor ausente na extração
3092,3093,MNPR3,2026-09-07,low,MISSING_VALUE,info,Valor ausente na extração
3092,3093,MNPR3,2026-09-07,average,MISSING_VALUE,info,Valor ausente na extração
3092,3093,MNPR3,2026-09-07,raw_volume,MISSING_VALUE,info,Valor ausente na extração
3103,3104,MTRE3,2026-09-07,close,MISSING_VALUE,info,Valor ausente na extração
3103,3104,MTRE3,2026-09-07,adjusted_quantity,MISSING_VALUE,info,Valor ausente na extração
3103,3104,MTRE3,2026-09-07,open,MISSING_VALUE,info,Valor ausente na extração
3103,3104,MTRE3,2026-09-07,high,MISSING_VALUE,info,Valor ausente na extração
3103,3104,MTRE3,2026-09-07,low,MISSING_VALUE,info,Valor ausente na extração
3103,3104,MTRE3,2026-09-07,average,MISSING_VALUE,info,Valor ausente na extração
3103,3104,MTRE3,2026-09-07,raw_volume,MISSING_VALUE,info,Valor ausente na extração
3114,3115,MOTV3,2026-09-07,close,MISSING_VALUE,info,Valor ausente na extração
3114,3115,MOTV3,2026-09-07,adjusted_quantity,MISSING_VALUE,info,Valor ausente na extração
3114,3115,MOTV3,2026-09-07,open,MISSING_VALUE,info,Valor ausente na extração
3114,3115,MOTV3,2026-09-07,high,MISSING_VALUE,info,Valor ausente na extração
3114,3115,MOTV3,2026-09-07,low,MISSING_VALUE,info,Valor ausente na extração
3114,3115,MOTV3,2026-09-07,average,MISSING_VALUE,info,Valor ausente na extração
3114,3115,MOTV3,2026-09-07,raw_volume,MISSING_VALUE,info,Valor ausente na extração
3125,3126,MDNE3,2026-09-07,close,MISSING_VALUE,info,Valor ausente na extração
3125,3126,MDNE3,2026-09-07,adjusted_quantity,MISSING_VALUE,info,Valor ausente na extração
3125,3126,MDNE3,2026-09-07,open,MISSING_VALUE,info,Valor ausente na extração
3125,3126,MDNE3,2026-09-07,high,MISSING_VALUE,info,Valor ausente na extração
3125,3126,MDNE3,2026-09-07,low,MISSING_VALUE,info,Valor ausente na extração
3125,3126,MDNE3,2026-09-07,average,MISSING_VALUE,info,Valor ausente na extração
3125,3126,MDNE3,2026-09-07,raw_volume,MISSING_VALUE,info,Valor ausente na extração
3136,3137,MOVI3,2026-09-07,close,MISSING_VALUE,info,Valor ausente na extração
3136,3137,MOVI3,2026-09-07,adjusted_quantity,MISSING_VALUE,info,Valor ausente na extração
3136,3137,MOVI3,2026-09-07,open,MISSING_VALUE,info,Valor ausente na extração
3136,3137,MOVI3,2026-09-07,high,MISSING_VALUE,info,Valor ausente na extração
3136,3137,MOVI3,2026-09-07,low,MISSING_VALUE,info,Valor ausente na extração
3136,3137,MOVI3,2026-09-07,average,MISSING_VALUE,info,Valor ausente na extração
3136,3137,MOVI3,2026-09-07,raw_volume,MISSING_VALUE,info,Valor ausente na extração
3147,3148,MRSA3B,2026-09-03,close,MISSING_VALUE,info,Valor ausente na extração
3147,3148,MRSA3B,2026-09-03,adjusted_quantity,MISSING_VALUE,info,Valor ausente na extração
3147,3148,MRSA3B,2026-09-03,open,MISSING_VALUE,info,Valor ausente na extração
3147,3148,MRSA3B,2026-09-03,high,MISSING_VALUE,info,Valor ausente na extração
3147,3148,MRSA3B,2026-09-03,low,MISSING_VALUE,info,Valor ausente na extração
3147,3148,MRSA3B,2026-09-03,average,MISSING_VALUE,info,Valor ausente na extração
3147,3148,MRSA3B,2026-09-03,raw_volume,MISSING_VALUE,info,Valor ausente na extração
3147,3148,MRSA3B,2026-09-03,Ativo,INSTRUMENT_AMBIGUOUS,warning,Padrão do código insuficiente
3148,3149,MRSA3B,2026-09-04,Ativo,INSTRUMENT_AMBIGUOUS,warning,Padrão do código insuficiente
3149,3150,MRSA3B,2026-09-07,close,MISSING_VALUE,info,Valor ausente na extração
3149,3150,MRSA3B,2026-09-07,adjusted_quantity,MISSING_VALUE,info,Valor ausente na extração
3149,3150,MRSA3B,2026-09-07,open,MISSING_VALUE,info,Valor ausente na extração
3149,3150,MRSA3B,2026-09-07,high,MISSING_VALUE,info,Valor ausente na extração
3149,3150,MRSA3B,2026-09-07,low,MISSING_VALUE,info,Valor ausente na extração
3149,3150,MRSA3B,2026-09-07,average,MISSING_VALUE,info,Valor ausente na extração
3149,3150,MRSA3B,2026-09-07,raw_volume,MISSING_VALUE,info,Valor ausente na extração
3149,3150,MRSA3B,2026-09-07,Ativo,INSTRUMENT_AMBIGUOUS,warning,Padrão do código insuficiente
3150,3151,MRSA3B,2026-09-08,Ativo,INSTRUMENT_AMBIGUOUS,warning,Padrão do código insuficiente
3151,3152,MRSA3B,2026-09-09,close,MISSING_VALUE,info,Valor ausente na extração
3151,3152,MRSA3B,2026-09-09,adjusted_quantity,MISSING_VALUE,info,Valor ausente na extração
3151,3152,MRSA3B,2026-09-09,open,MISSING_VALUE,info,Valor ausente na extração
3151,3152,MRSA3B,2026-09-09,high,MISSING_VALUE,info,Valor ausente na extração
3151,3152,MRSA3B,2026-09-09,low,MISSING_VALUE,info,Valor ausente na extração
3151,3152,MRSA3B,2026-09-09,average,MISSING_VALUE,info,Valor ausente na extração
3151,3152,MRSA3B,2026-09-09,raw_volume,MISSING_VALUE,info,Valor ausente na extração
3151,3152,MRSA3B,2026-09-09,Ativo,INSTRUMENT_AMBIGUOUS,warning,Padrão do código insuficiente
3152,3153,MRSA3B,2026-09-10,close,MISSING_VALUE,info,Valor ausente na extração
3152,3153,MRSA3B,2026-09-10,adjusted_quantity,MISSING_VALUE,info,Valor ausente na extração
3152,3153,MRSA3B,2026-09-10,open,MISSING_VALUE,info,Valor ausente na extração
3152,3153,MRSA3B,2026-09-10,high,MISSING_VALUE,info,Valor ausente na extração
3152,3153,MRSA3B,2026-09-10,low,MISSING_VALUE,info,Valor ausente na extração
3152,3153,MRSA3B,2026-09-10,average,MISSING_VALUE,info,Valor ausente na extração
3152,3153,MRSA3B,2026-09-10,raw_volume,MISSING_VALUE,info,Valor ausente na extração
3152,3153,MRSA3B,2026-09-10,Ativo,INSTRUMENT_AMBIGUOUS,warning,Padrão do código insuficiente
3153,3154,MRSA3B,2026-09-11,close,MISSING_VALUE,info,Valor ausente na extração
3153,3154,MRSA3B,2026-09-11,adjusted_quantity,MISSING_VALUE,info,Valor ausente na extração
3153,3154,MRSA3B,2026-09-11,open,MISSING_VALUE,info,Valor ausente na extração
3153,3154,MRSA3B,2026-09-11,high,MISSING_VALUE,info,Valor ausente na extração
3153,3154,MRSA3B,2026-09-11,low,MISSING_VALUE,info,Valor ausente na extração
3153,3154,MRSA3B,2026-09-11,average,MISSING_VALUE,info,Valor ausente na extração
3153,3154,MRSA3B,2026-09-11,raw_volume,MISSING_VALUE,info,Valor ausente na extração
3153,3154,MRSA3B,2026-09-11,Ativo,INSTRUMENT_AMBIGUOUS,warning,Padrão do código insuficiente
3154,3155,MRSA3B,2026-09-14,close,MISSING_VALUE,info,Valor ausente na extração
3154,3155,MRSA3B,2026-09-14,adjusted_quantity,MISSING_VALUE,info,Valor ausente na extração
3154,3155,MRSA3B,2026-09-14,open,MISSING_VALUE,info,Valor ausente na extração
3154,3155,MRSA3B,2026-09-14,high,MISSING_VALUE,info,Valor ausente na extração
3154,3155,MRSA3B,2026-09-14,low,MISSING_VALUE,info,Valor ausente na extração
3154,3155,MRSA3B,2026-09-14,average,MISSING_VALUE,info,Valor ausente na extração
3154,3155,MRSA3B,2026-09-14,raw_volume,MISSING_VALUE,info,Valor ausente na extração
3154,3155,MRSA3B,2026-09-14,Ativo,INSTRUMENT_AMBIGUOUS,warning,Padrão do código insuficiente
3155,3156,MRSA3B,2026-09-15,close,MISSING_VALUE,info,Valor ausente na extração
3155,3156,MRSA3B,2026-09-15,adjusted_quantity,MISSING_VALUE,info,Valor ausente na extração
3155,3156,MRSA3B,2026-09-15,open,MISSING_VALUE,info,Valor ausente na extração
3155,3156,MRSA3B,2026-09-15,high,MISSING_VALUE,info,Valor ausente na extração
3155,3156,MRSA3B,2026-09-15,low,MISSING_VALUE,info,Valor ausente na extração
3155,3156,MRSA3B,2026-09-15,average,MISSING_VALUE,info,Valor ausente na extração
3155,3156,MRSA3B,2026-09-15,raw_volume,MISSING_VALUE,info,Valor ausente na extração
3155,3156,MRSA3B,2026-09-15,Ativo,INSTRUMENT_AMBIGUOUS,warning,Padrão do código insuficiente
3156,3157,MRSA3B,2026-09-16,close,MISSING_VALUE,info,Valor ausente na extração
3156,3157,MRSA3B,2026-09-16,adjusted_quantity,MISSING_VALUE,info,Valor ausente na extração
3156,3157,MRSA3B,2026-09-16,open,MISSING_VALUE,info,Valor ausente na extração
3156,3157,MRSA3B,2026-09-16,high,MISSING_VALUE,info,Valor ausente na extração
3156,3157,MRSA3B,2026-09-16,low,MISSING_VALUE,info,Valor ausente na extração
3156,3157,MRSA3B,2026-09-16,average,MISSING_VALUE,info,Valor ausente na extração
3156,3157,MRSA3B,2026-09-16,raw_volume,MISSING_VALUE,info,Valor ausente na extração
3156,3157,MRSA3B,2026-09-16,Ativo,INSTRUMENT_AMBIGUOUS,warning,Padrão do código insuficiente
3157,3158,MRSA3B,2026-09-17,Ativo,INSTRUMENT_AMBIGUOUS,warning,Padrão do código insuficiente
3158,3159,MRSA5B,2026-09-03,close,MISSING_VALUE,info,Valor ausente na extração
3158,3159,MRSA5B,2026-09-03,adjusted_quantity,MISSING_VALUE,info,Valor ausente na extração
3158,3159,MRSA5B,2026-09-03,open,MISSING_VALUE,info,Valor ausente na extração
3158,3159,MRSA5B,2026-09-03,high,MISSING_VALUE,info,Valor ausente na extração
3158,3159,MRSA5B,2026-09-03,low,MISSING_VALUE,info,Valor ausente na extração
3158,3159,MRSA5B,2026-09-03,average,MISSING_VALUE,info,Valor ausente na extração
3158,3159,MRSA5B,2026-09-03,raw_volume,MISSING_VALUE,info,Valor ausente na extração
3158,3159,MRSA5B,2026-09-03,Ativo,INSTRUMENT_AMBIGUOUS,warning,Padrão do código insuficiente
3159,3160,MRSA5B,2026-09-04,close,MISSING_VALUE,info,Valor ausente na extração
3159,3160,MRSA5B,2026-09-04,adjusted_quantity,MISSING_VALUE,info,Valor ausente na extração
3159,3160,MRSA5B,2026-09-04,open,MISSING_VALUE,info,Valor ausente na extração
3159,3160,MRSA5B,2026-09-04,high,MISSING_VALUE,info,Valor ausente na extração
3159,3160,MRSA5B,2026-09-04,low,MISSING_VALUE,info,Valor ausente na extração
3159,3160,MRSA5B,2026-09-04,average,MISSING_VALUE,info,Valor ausente na extração
3159,3160,MRSA5B,2026-09-04,raw_volume,MISSING_VALUE,info,Valor ausente na extração
3159,3160,MRSA5B,2026-09-04,Ativo,INSTRUMENT_AMBIGUOUS,warning,Padrão do código insuficiente
3160,3161,MRSA5B,2026-09-07,close,MISSING_VALUE,info,Valor ausente na extração
3160,3161,MRSA5B,2026-09-07,adjusted_quantity,MISSING_VALUE,info,Valor ausente na extração
3160,3161,MRSA5B,2026-09-07,open,MISSING_VALUE,info,Valor ausente na extração
3160,3161,MRSA5B,2026-09-07,high,MISSING_VALUE,info,Valor ausente na extração
3160,3161,MRSA5B,2026-09-07,low,MISSING_VALUE,info,Valor ausente na extração
3160,3161,MRSA5B,2026-09-07,average,MISSING_VALUE,info,Valor ausente na extração
3160,3161,MRSA5B,2026-09-07,raw_volume,MISSING_VALUE,info,Valor ausente na extração
3160,3161,MRSA5B,2026-09-07,Ativo,INSTRUMENT_AMBIGUOUS,warning,Padrão do código insuficiente
3161,3162,MRSA5B,2026-09-08,close,MISSING_VALUE,info,Valor ausente na extração
3161,3162,MRSA5B,2026-09-08,adjusted_quantity,MISSING_VALUE,info,Valor ausente na extração
3161,3162,MRSA5B,2026-09-08,open,MISSING_VALUE,info,Valor ausente na extração
3161,3162,MRSA5B,2026-09-08,high,MISSING_VALUE,info,Valor ausente na extração
3161,3162,MRSA5B,2026-09-08,low,MISSING_VALUE,info,Valor ausente na extração
3161,3162,MRSA5B,2026-09-08,average,MISSING_VALUE,info,Valor ausente na extração
3161,3162,MRSA5B,2026-09-08,raw_volume,MISSING_VALUE,info,Valor ausente na extração
3161,3162,MRSA5B,2026-09-08,Ativo,INSTRUMENT_AMBIGUOUS,warning,Padrão do código insuficiente
3162,3163,MRSA5B,2026-09-09,close,MISSING_VALUE,info,Valor ausente na extração
3162,3163,MRSA5B,2026-09-09,adjusted_quantity,MISSING_VALUE,info,Valor ausente na extração
3162,3163,MRSA5B,2026-09-09,open,MISSING_VALUE,info,Valor ausente na extração
3162,3163,MRSA5B,2026-09-09,high,MISSING_VALUE,info,Valor ausente na extração
3162,3163,MRSA5B,2026-09-09,low,MISSING_VALUE,info,Valor ausente na extração
3162,3163,MRSA5B,2026-09-09,average,MISSING_VALUE,info,Valor ausente na extração
3162,3163,MRSA5B,2026-09-09,raw_volume,MISSING_VALUE,info,Valor ausente na extração
3162,3163,MRSA5B,2026-09-09,Ativo,INSTRUMENT_AMBIGUOUS,warning,Padrão do código insuficiente
3163,3164,MRSA5B,2026-09-10,close,MISSING_VALUE,info,Valor ausente na extração
3163,3164,MRSA5B,2026-09-10,adjusted_quantity,MISSING_VALUE,info,Valor ausente na extração
3163,3164,MRSA5B,2026-09-10,open,MISSING_VALUE,info,Valor ausente na extração
3163,3164,MRSA5B,2026-09-10,high,MISSING_VALUE,info,Valor ausente na extração
3163,3164,MRSA5B,2026-09-10,low,MISSING_VALUE,info,Valor ausente na extração
3163,3164,MRSA5B,2026-09-10,average,MISSING_VALUE,info,Valor ausente na extração
3163,3164,MRSA5B,2026-09-10,raw_volume,MISSING_VALUE,info,Valor ausente na extração
3163,3164,MRSA5B,2026-09-10,Ativo,INSTRUMENT_AMBIGUOUS,warning,Padrão do código insuficiente
3164,3165,MRSA5B,2026-09-11,close,MISSING_VALUE,info,Valor ausente na extração
3164,3165,MRSA5B,2026-09-11,adjusted_quantity,MISSING_VALUE,info,Valor ausente na extração
3164,3165,MRSA5B,2026-09-11,open,MISSING_VALUE,info,Valor ausente na extração
3164,3165,MRSA5B,2026-09-11,high,MISSING_VALUE,info,Valor ausente na extração
3164,3165,MRSA5B,2026-09-11,low,MISSING_VALUE,info,Valor ausente na extração
3164,3165,MRSA5B,2026-09-11,average,MISSING_VALUE,info,Valor ausente na extração
3164,3165,MRSA5B,2026-09-11,raw_volume,MISSING_VALUE,info,Valor ausente na extração
3164,3165,MRSA5B,2026-09-11,Ativo,INSTRUMENT_AMBIGUOUS,warning,Padrão do código insuficiente
3165,3166,MRSA5B,2026-09-14,close,MISSING_VALUE,info,Valor ausente na extração
3165,3166,MRSA5B,2026-09-14,adjusted_quantity,MISSING_VALUE,info,Valor ausente na extração
3165,3166,MRSA5B,2026-09-14,open,MISSING_VALUE,info,Valor ausente na extração
3165,3166,MRSA5B,2026-09-14,high,MISSING_VALUE,info,Valor ausente na extração
3165,3166,MRSA5B,2026-09-14,low,MISSING_VALUE,info,Valor ausente na extração
3165,3166,MRSA5B,2026-09-14,average,MISSING_VALUE,info,Valor ausente na extração
3165,3166,MRSA5B,2026-09-14,raw_volume,MISSING_VALUE,info,Valor ausente na extração
3165,3166,MRSA5B,2026-09-14,Ativo,INSTRUMENT_AMBIGUOUS,warning,Padrão do código insuficiente
3166,3167,MRSA5B,2026-09-15,close,MISSING_VALUE,info,Valor ausente na extração
3166,3167,MRSA5B,2026-09-15,adjusted_quantity,MISSING_VALUE,info,Valor ausente na extração
3166,3167,MRSA5B,2026-09-15,open,MISSING_VALUE,info,Valor ausente na extração
3166,3167,MRSA5B,2026-09-15,high,MISSING_VALUE,info,Valor ausente na extração
3166,3167,MRSA5B,2026-09-15,low,MISSING_VALUE,info,Valor ausente na extração
3166,3167,MRSA5B,2026-09-15,average,MISSING_VALUE,info,Valor ausente na extração
3166,3167,MRSA5B,2026-09-15,raw_volume,MISSING_VALUE,info,Valor ausente na extração
3166,3167,MRSA5B,2026-09-15,Ativo,INSTRUMENT_AMBIGUOUS,warning,Padrão do código insuficiente
3167,3168,MRSA5B,2026-09-16,close,MISSING_VALUE,info,Valor ausente na extração
3167,3168,MRSA5B,2026-09-16,adjusted_quantity,MISSING_VALUE,info,Valor ausente na extração
3167,3168,MRSA5B,2026-09-16,open,MISSING_VALUE,info,Valor ausente na extração
3167,3168,MRSA5B,2026-09-16,high,MISSING_VALUE,info,Valor ausente na extração
3167,3168,MRSA5B,2026-09-16,low,MISSING_VALUE,info,Valor ausente na extração
3167,3168,MRSA5B,2026-09-16,average,MISSING_VALUE,info,Valor ausente na extração
3167,3168,MRSA5B,2026-09-16,raw_volume,MISSING_VALUE,info,Valor ausente na extração
3167,3168,MRSA5B,2026-09-16,Ativo,INSTRUMENT_AMBIGUOUS,warning,Padrão do código insuficiente
3168,3169,MRSA5B,2026-09-17,Ativo,INSTRUMENT_AMBIGUOUS,warning,Padrão do código insuficiente
3169,3170,MRSA6B,2026-08-13,close,MISSING_VALUE,info,Valor ausente na extração
3169,3170,MRSA6B,2026-08-13,adjusted_quantity,MISSING_VALUE,info,Valor ausente na extração
3169,3170,MRSA6B,2026-08-13,open,MISSING_VALUE,info,Valor ausente na extração
3169,3170,MRSA6B,2026-08-13,high,MISSING_VALUE,info,Valor ausente na extração
3169,3170,MRSA6B,2026-08-13,low,MISSING_VALUE,info,Valor ausente na extração
3169,3170,MRSA6B,2026-08-13,average,MISSING_VALUE,info,Valor ausente na extração
3169,3170,MRSA6B,2026-08-13,raw_volume,MISSING_VALUE,info,Valor ausente na extração
3169,3170,MRSA6B,2026-08-13,Ativo,INSTRUMENT_AMBIGUOUS,warning,Padrão do código insuficiente
3170,3171,MRSA6B,2026-08-14,close,MISSING_VALUE,info,Valor ausente na extração
3170,3171,MRSA6B,2026-08-14,adjusted_quantity,MISSING_VALUE,info,Valor ausente na extração
3170,3171,MRSA6B,2026-08-14,open,MISSING_VALUE,info,Valor ausente na extração
3170,3171,MRSA6B,2026-08-14,high,MISSING_VALUE,info,Valor ausente na extração
3170,3171,MRSA6B,2026-08-14,low,MISSING_VALUE,info,Valor ausente na extração
3170,3171,MRSA6B,2026-08-14,average,MISSING_VALUE,info,Valor ausente na extração
3170,3171,MRSA6B,2026-08-14,raw_volume,MISSING_VALUE,info,Valor ausente na extração
3170,3171,MRSA6B,2026-08-14,Ativo,INSTRUMENT_AMBIGUOUS,warning,Padrão do código insuficiente
3171,3172,MRSA6B,2026-08-17,close,MISSING_VALUE,info,Valor ausente na extração
3171,3172,MRSA6B,2026-08-17,adjusted_quantity,MISSING_VALUE,info,Valor ausente na extração
3171,3172,MRSA6B,2026-08-17,open,MISSING_VALUE,info,Valor ausente na extração
3171,3172,MRSA6B,2026-08-17,high,MISSING_VALUE,info,Valor ausente na extração
3171,3172,MRSA6B,2026-08-17,low,MISSING_VALUE,info,Valor ausente na extração
3171,3172,MRSA6B,2026-08-17,average,MISSING_VALUE,info,Valor ausente na extração
3171,3172,MRSA6B,2026-08-17,raw_volume,MISSING_VALUE,info,Valor ausente na extração
3171,3172,MRSA6B,2026-08-17,Ativo,INSTRUMENT_AMBIGUOUS,warning,Padrão do código insuficiente
3172,3173,MRSA6B,2026-08-18,close,MISSING_VALUE,info,Valor ausente na extração
3172,3173,MRSA6B,2026-08-18,adjusted_quantity,MISSING_VALUE,info,Valor ausente na extração
3172,3173,MRSA6B,2026-08-18,open,MISSING_VALUE,info,Valor ausente na extração
3172,3173,MRSA6B,2026-08-18,high,MISSING_VALUE,info,Valor ausente na extração
3172,3173,MRSA6B,2026-08-18,low,MISSING_VALUE,info,Valor ausente na extração
3172,3173,MRSA6B,2026-08-18,average,MISSING_VALUE,info,Valor ausente na extração
3172,3173,MRSA6B,2026-08-18,raw_volume,MISSING_VALUE,info,Valor ausente na extração
3172,3173,MRSA6B,2026-08-18,Ativo,INSTRUMENT_AMBIGUOUS,warning,Padrão do código insuficiente
3173,3174,MRSA6B,2026-08-19,Ativo,INSTRUMENT_AMBIGUOUS,warning,Padrão do código insuficiente
3174,3175,MRSA6B,2026-08-20,close,MISSING_VALUE,info,Valor ausente na extração
3174,3175,MRSA6B,2026-08-20,adjusted_quantity,MISSING_VALUE,info,Valor ausente na extração
3174,3175,MRSA6B,2026-08-20,open,MISSING_VALUE,info,Valor ausente na extração
3174,3175,MRSA6B,2026-08-20,high,MISSING_VALUE,info,Valor ausente na extração
3174,3175,MRSA6B,2026-08-20,low,MISSING_VALUE,info,Valor ausente na extração
3174,3175,MRSA6B,2026-08-20,average,MISSING_VALUE,info,Valor ausente na extração
3174,3175,MRSA6B,2026-08-20,raw_volume,MISSING_VALUE,info,Valor ausente na extração
3174,3175,MRSA6B,2026-08-20,Ativo,INSTRUMENT_AMBIGUOUS,warning,Padrão do código insuficiente
3175,3176,MRSA6B,2026-08-21,close,MISSING_VALUE,info,Valor ausente na extração
3175,3176,MRSA6B,2026-08-21,adjusted_quantity,MISSING_VALUE,info,Valor ausente na extração
3175,3176,MRSA6B,2026-08-21,open,MISSING_VALUE,info,Valor ausente na extração
3175,3176,MRSA6B,2026-08-21,high,MISSING_VALUE,info,Valor ausente na extração
3175,3176,MRSA6B,2026-08-21,low,MISSING_VALUE,info,Valor ausente na extração
3175,3176,MRSA6B,2026-08-21,average,MISSING_VALUE,info,Valor ausente na extração
3175,3176,MRSA6B,2026-08-21,raw_volume,MISSING_VALUE,info,Valor ausente na extração
3175,3176,MRSA6B,2026-08-21,Ativo,INSTRUMENT_AMBIGUOUS,warning,Padrão do código insuficiente
3176,3177,MRSA6B,2026-08-24,close,MISSING_VALUE,info,Valor ausente na extração
3176,3177,MRSA6B,2026-08-24,adjusted_quantity,MISSING_VALUE,info,Valor ausente na extração
3176,3177,MRSA6B,2026-08-24,open,MISSING_VALUE,info,Valor ausente na extração
3176,3177,MRSA6B,2026-08-24,high,MISSING_VALUE,info,Valor ausente na extração
3176,3177,MRSA6B,2026-08-24,low,MISSING_VALUE,info,Valor ausente na extração
3176,3177,MRSA6B,2026-08-24,average,MISSING_VALUE,info,Valor ausente na extração
3176,3177,MRSA6B,2026-08-24,raw_volume,MISSING_VALUE,info,Valor ausente na extração
3176,3177,MRSA6B,2026-08-24,Ativo,INSTRUMENT_AMBIGUOUS,warning,Padrão do código insuficiente
3177,3178,MRSA6B,2026-08-25,close,MISSING_VALUE,info,Valor ausente na extração
3177,3178,MRSA6B,2026-08-25,adjusted_quantity,MISSING_VALUE,info,Valor ausente na extração
3177,3178,MRSA6B,2026-08-25,open,MISSING_VALUE,info,Valor ausente na extração
3177,3178,MRSA6B,2026-08-25,high,MISSING_VALUE,info,Valor ausente na extração
3177,3178,MRSA6B,2026-08-25,low,MISSING_VALUE,info,Valor ausente na extração
3177,3178,MRSA6B,2026-08-25,average,MISSING_VALUE,info,Valor ausente na extração
3177,3178,MRSA6B,2026-08-25,raw_volume,MISSING_VALUE,info,Valor ausente na extração
3177,3178,MRSA6B,2026-08-25,Ativo,INSTRUMENT_AMBIGUOUS,warning,Padrão do código insuficiente
3178,3179,MRSA6B,2026-08-26,close,MISSING_VALUE,info,Valor ausente na extração
3178,3179,MRSA6B,2026-08-26,adjusted_quantity,MISSING_VALUE,info,Valor ausente na extração
3178,3179,MRSA6B,2026-08-26,open,MISSING_VALUE,info,Valor ausente na extração
3178,3179,MRSA6B,2026-08-26,high,MISSING_VALUE,info,Valor ausente na extração
3178,3179,MRSA6B,2026-08-26,low,MISSING_VALUE,info,Valor ausente na extração
3178,3179,MRSA6B,2026-08-26,average,MISSING_VALUE,info,Valor ausente na extração
3178,3179,MRSA6B,2026-08-26,raw_volume,MISSING_VALUE,info,Valor ausente na extração
3178,3179,MRSA6B,2026-08-26,Ativo,INSTRUMENT_AMBIGUOUS,warning,Padrão do código insuficiente
3179,3180,MRSA6B,2026-08-27,Ativo,INSTRUMENT_AMBIGUOUS,warning,Padrão do código insuficiente
3180,3181,MRVE3,2026-09-07,close,MISSING_VALUE,info,Valor ausente na extração
3180,3181,MRVE3,2026-09-07,adjusted_quantity,MISSING_VALUE,info,Valor ausente na extração
3180,3181,MRVE3,2026-09-07,open,MISSING_VALUE,info,Valor ausente na extração
3180,3181,MRVE3,2026-09-07,high,MISSING_VALUE,info,Valor ausente na extração
3180,3181,MRVE3,2026-09-07,low,MISSING_VALUE,info,Valor ausente na extração
3180,3181,MRVE3,2026-09-07,average,MISSING_VALUE,info,Valor ausente na extração
3180,3181,MRVE3,2026-09-07,raw_volume,MISSING_VALUE,info,Valor ausente na extração
3191,3192,MLAS3,2026-09-07,close,MISSING_VALUE,info,Valor ausente na extração
3191,3192,MLAS3,2026-09-07,adjusted_quantity,MISSING_VALUE,info,Valor ausente na extração
3191,3192,MLAS3,2026-09-07,open,MISSING_VALUE,info,Valor ausente na extração
3191,3192,MLAS3,2026-09-07,high,MISSING_VALUE,info,Valor ausente na extração
3191,3192,MLAS3,2026-09-07,low,MISSING_VALUE,info,Valor ausente na extração
3191,3192,MLAS3,2026-09-07,average,MISSING_VALUE,info,Valor ausente na extração
3191,3192,MLAS3,2026-09-07,raw_volume,MISSING_VALUE,info,Valor ausente na extração
3202,3203,MULT3,2026-09-07,close,MISSING_VALUE,info,Valor ausente na extração
3202,3203,MULT3,2026-09-07,adjusted_quantity,MISSING_VALUE,info,Valor ausente na extração
3202,3203,MULT3,2026-09-07,open,MISSING_VALUE,info,Valor ausente na extração
3202,3203,MULT3,2026-09-07,high,MISSING_VALUE,info,Valor ausente na extração
3202,3203,MULT3,2026-09-07,low,MISSING_VALUE,info,Valor ausente na extração
3202,3203,MULT3,2026-09-07,average,MISSING_VALUE,info,Valor ausente na extração
3202,3203,MULT3,2026-09-07,raw_volume,MISSING_VALUE,info,Valor ausente na extração
3213,3214,MNDL3,2026-08-31,close,MISSING_VALUE,info,Valor ausente na extração
3213,3214,MNDL3,2026-08-31,adjusted_quantity,MISSING_VALUE,info,Valor ausente na extração
3213,3214,MNDL3,2026-08-31,open,MISSING_VALUE,info,Valor ausente na extração
3213,3214,MNDL3,2026-08-31,high,MISSING_VALUE,info,Valor ausente na extração
3213,3214,MNDL3,2026-08-31,low,MISSING_VALUE,info,Valor ausente na extração
3213,3214,MNDL3,2026-08-31,average,MISSING_VALUE,info,Valor ausente na extração
3213,3214,MNDL3,2026-08-31,raw_volume,MISSING_VALUE,info,Valor ausente na extração
3218,3219,MNDL3,2026-09-07,close,MISSING_VALUE,info,Valor ausente na extração
3218,3219,MNDL3,2026-09-07,adjusted_quantity,MISSING_VALUE,info,Valor ausente na extração
3218,3219,MNDL3,2026-09-07,open,MISSING_VALUE,info,Valor ausente na extração
3218,3219,MNDL3,2026-09-07,high,MISSING_VALUE,info,Valor ausente na extração
3218,3219,MNDL3,2026-09-07,low,MISSING_VALUE,info,Valor ausente na extração
3218,3219,MNDL3,2026-09-07,average,MISSING_VALUE,info,Valor ausente na extração
3218,3219,MNDL3,2026-09-07,raw_volume,MISSING_VALUE,info,Valor ausente na extração
3221,3222,MNDL3,2026-09-10,close,MISSING_VALUE,info,Valor ausente na extração
3221,3222,MNDL3,2026-09-10,adjusted_quantity,MISSING_VALUE,info,Valor ausente na extração
3221,3222,MNDL3,2026-09-10,open,MISSING_VALUE,info,Valor ausente na extração
3221,3222,MNDL3,2026-09-10,high,MISSING_VALUE,info,Valor ausente na extração
3221,3222,MNDL3,2026-09-10,low,MISSING_VALUE,info,Valor ausente na extração
3221,3222,MNDL3,2026-09-10,average,MISSING_VALUE,info,Valor ausente na extração
3221,3222,MNDL3,2026-09-10,raw_volume,MISSING_VALUE,info,Valor ausente na extração
3224,3225,NATU3,2026-09-07,close,MISSING_VALUE,info,Valor ausente na extração
3224,3225,NATU3,2026-09-07,adjusted_quantity,MISSING_VALUE,info,Valor ausente na extração
3224,3225,NATU3,2026-09-07,open,MISSING_VALUE,info,Valor ausente na extração
3224,3225,NATU3,2026-09-07,high,MISSING_VALUE,info,Valor ausente na extração
3224,3225,NATU3,2026-09-07,low,MISSING_VALUE,info,Valor ausente na extração
3224,3225,NATU3,2026-09-07,average,MISSING_VALUE,info,Valor ausente na extração
3224,3225,NATU3,2026-09-07,raw_volume,MISSING_VALUE,info,Valor ausente na extração
3235,3236,NEXP3,2026-09-07,close,MISSING_VALUE,info,Valor ausente na extração
3235,3236,NEXP3,2026-09-07,adjusted_quantity,MISSING_VALUE,info,Valor ausente na extração
3235,3236,NEXP3,2026-09-07,open,MISSING_VALUE,info,Valor ausente na extração
3235,3236,NEXP3,2026-09-07,high,MISSING_VALUE,info,Valor ausente na extração
3235,3236,NEXP3,2026-09-07,low,MISSING_VALUE,info,Valor ausente na extração
3235,3236,NEXP3,2026-09-07,average,MISSING_VALUE,info,Valor ausente na extração
3235,3236,NEXP3,2026-09-07,raw_volume,MISSING_VALUE,info,Valor ausente na extração
3240,3241,NEXP3,2026-09-14,average,OUTSIDE_DAILY_RANGE,warning,Valor fora do intervalo mínimo–máximo
3244,3245,NEXP3,2026-09-18,close,MISSING_VALUE,info,Valor ausente na extração
3244,3245,NEXP3,2026-09-18,adjusted_quantity,MISSING_VALUE,info,Valor ausente na extração
3244,3245,NEXP3,2026-09-18,open,MISSING_VALUE,info,Valor ausente na extração
3244,3245,NEXP3,2026-09-18,high,MISSING_VALUE,info,Valor ausente na extração
3244,3245,NEXP3,2026-09-18,low,MISSING_VALUE,info,Valor ausente na extração
3244,3245,NEXP3,2026-09-18,average,MISSING_VALUE,info,Valor ausente na extração
3244,3245,NEXP3,2026-09-18,raw_volume,MISSING_VALUE,info,Valor ausente na extração
3246,3247,BNBR3,2026-09-07,close,MISSING_VALUE,info,Valor ausente na extração
3246,3247,BNBR3,2026-09-07,adjusted_quantity,MISSING_VALUE,info,Valor ausente na extração
3246,3247,BNBR3,2026-09-07,open,MISSING_VALUE,info,Valor ausente na extração
3246,3247,BNBR3,2026-09-07,high,MISSING_VALUE,info,Valor ausente na extração
3246,3247,BNBR3,2026-09-07,low,MISSING_VALUE,info,Valor ausente na extração
3246,3247,BNBR3,2026-09-07,average,MISSING_VALUE,info,Valor ausente na extração
3246,3247,BNBR3,2026-09-07,raw_volume,MISSING_VALUE,info,Valor ausente na extração
3247,3248,BNBR3,2026-09-08,close,MISSING_VALUE,info,Valor ausente na extração
3247,3248,BNBR3,2026-09-08,adjusted_quantity,MISSING_VALUE,info,Valor ausente na extração
3247,3248,BNBR3,2026-09-08,open,MISSING_VALUE,info,Valor ausente na extração
3247,3248,BNBR3,2026-09-08,high,MISSING_VALUE,info,Valor ausente na extração
3247,3248,BNBR3,2026-09-08,low,MISSING_VALUE,info,Valor ausente na extração
3247,3248,BNBR3,2026-09-08,average,MISSING_VALUE,info,Valor ausente na extração
3247,3248,BNBR3,2026-09-08,raw_volume,MISSING_VALUE,info,Valor ausente na extração
3248,3249,BNBR3,2026-09-09,close,MISSING_VALUE,info,Valor ausente na extração
3248,3249,BNBR3,2026-09-09,adjusted_quantity,MISSING_VALUE,info,Valor ausente na extração
3248,3249,BNBR3,2026-09-09,open,MISSING_VALUE,info,Valor ausente na extração
3248,3249,BNBR3,2026-09-09,high,MISSING_VALUE,info,Valor ausente na extração
3248,3249,BNBR3,2026-09-09,low,MISSING_VALUE,info,Valor ausente na extração
3248,3249,BNBR3,2026-09-09,average,MISSING_VALUE,info,Valor ausente na extração
3248,3249,BNBR3,2026-09-09,raw_volume,MISSING_VALUE,info,Valor ausente na extração
3249,3250,BNBR3,2026-09-10,close,MISSING_VALUE,info,Valor ausente na extração
3249,3250,BNBR3,2026-09-10,adjusted_quantity,MISSING_VALUE,info,Valor ausente na extração
3249,3250,BNBR3,2026-09-10,open,MISSING_VALUE,info,Valor ausente na extração
3249,3250,BNBR3,2026-09-10,high,MISSING_VALUE,info,Valor ausente na extração
3249,3250,BNBR3,2026-09-10,low,MISSING_VALUE,info,Valor ausente na extração
3249,3250,BNBR3,2026-09-10,average,MISSING_VALUE,info,Valor ausente na extração
3249,3250,BNBR3,2026-09-10,raw_volume,MISSING_VALUE,info,Valor ausente na extração
3250,3251,BNBR3,2026-09-11,close,MISSING_VALUE,info,Valor ausente na extração
3250,3251,BNBR3,2026-09-11,adjusted_quantity,MISSING_VALUE,info,Valor ausente na extração
3250,3251,BNBR3,2026-09-11,open,MISSING_VALUE,info,Valor ausente na extração
3250,3251,BNBR3,2026-09-11,high,MISSING_VALUE,info,Valor ausente na extração
3250,3251,BNBR3,2026-09-11,low,MISSING_VALUE,info,Valor ausente na extração
3250,3251,BNBR3,2026-09-11,average,MISSING_VALUE,info,Valor ausente na extração
3250,3251,BNBR3,2026-09-11,raw_volume,MISSING_VALUE,info,Valor ausente na extração
3251,3252,BNBR3,2026-09-14,close,MISSING_VALUE,info,Valor ausente na extração
3251,3252,BNBR3,2026-09-14,adjusted_quantity,MISSING_VALUE,info,Valor ausente na extração
3251,3252,BNBR3,2026-09-14,open,MISSING_VALUE,info,Valor ausente na extração
3251,3252,BNBR3,2026-09-14,high,MISSING_VALUE,info,Valor ausente na extração
3251,3252,BNBR3,2026-09-14,low,MISSING_VALUE,info,Valor ausente na extração
3251,3252,BNBR3,2026-09-14,average,MISSING_VALUE,info,Valor ausente na extração
3251,3252,BNBR3,2026-09-14,raw_volume,MISSING_VALUE,info,Valor ausente na extração
3252,3253,BNBR3,2026-09-15,close,MISSING_VALUE,info,Valor ausente na extração
3252,3253,BNBR3,2026-09-15,adjusted_quantity,MISSING_VALUE,info,Valor ausente na extração
3252,3253,BNBR3,2026-09-15,open,MISSING_VALUE,info,Valor ausente na extração
3252,3253,BNBR3,2026-09-15,high,MISSING_VALUE,info,Valor ausente na extração
3252,3253,BNBR3,2026-09-15,low,MISSING_VALUE,info,Valor ausente na extração
3252,3253,BNBR3,2026-09-15,average,MISSING_VALUE,info,Valor ausente na extração
3252,3253,BNBR3,2026-09-15,raw_volume,MISSING_VALUE,info,Valor ausente na extração
3254,3255,BNBR3,2026-09-17,close,MISSING_VALUE,info,Valor ausente na extração
3254,3255,BNBR3,2026-09-17,adjusted_quantity,MISSING_VALUE,info,Valor ausente na extração
3254,3255,BNBR3,2026-09-17,open,MISSING_VALUE,info,Valor ausente na extração
3254,3255,BNBR3,2026-09-17,high,MISSING_VALUE,info,Valor ausente na extração
3254,3255,BNBR3,2026-09-17,low,MISSING_VALUE,info,Valor ausente na extração
3254,3255,BNBR3,2026-09-17,average,MISSING_VALUE,info,Valor ausente na extração
3254,3255,BNBR3,2026-09-17,raw_volume,MISSING_VALUE,info,Valor ausente na extração
3255,3256,BNBR3,2026-09-18,close,MISSING_VALUE,info,Valor ausente na extração
3255,3256,BNBR3,2026-09-18,adjusted_quantity,MISSING_VALUE,info,Valor ausente na extração
3255,3256,BNBR3,2026-09-18,open,MISSING_VALUE,info,Valor ausente na extração
3255,3256,BNBR3,2026-09-18,high,MISSING_VALUE,info,Valor ausente na extração
3255,3256,BNBR3,2026-09-18,low,MISSING_VALUE,info,Valor ausente na extração
3255,3256,BNBR3,2026-09-18,average,MISSING_VALUE,info,Valor ausente na extração
3255,3256,BNBR3,2026-09-18,raw_volume,MISSING_VALUE,info,Valor ausente na extração
3257,3258,NORD3,2026-09-07,close,MISSING_VALUE,info,Valor ausente na extração
3257,3258,NORD3,2026-09-07,adjusted_quantity,MISSING_VALUE,info,Valor ausente na extração
3257,3258,NORD3,2026-09-07,open,MISSING_VALUE,info,Valor ausente na extração
3257,3258,NORD3,2026-09-07,high,MISSING_VALUE,info,Valor ausente na extração
3257,3258,NORD3,2026-09-07,low,MISSING_VALUE,info,Valor ausente na extração
3257,3258,NORD3,2026-09-07,average,MISSING_VALUE,info,Valor ausente na extração
3257,3258,NORD3,2026-09-07,raw_volume,MISSING_VALUE,info,Valor ausente na extração
3268,3269,NUTR3,2026-09-07,close,MISSING_VALUE,info,Valor ausente na extração
3268,3269,NUTR3,2026-09-07,adjusted_quantity,MISSING_VALUE,info,Valor ausente na extração
3268,3269,NUTR3,2026-09-07,open,MISSING_VALUE,info,Valor ausente na extração
3268,3269,NUTR3,2026-09-07,high,MISSING_VALUE,info,Valor ausente na extração
3268,3269,NUTR3,2026-09-07,low,MISSING_VALUE,info,Valor ausente na extração
3268,3269,NUTR3,2026-09-07,average,MISSING_VALUE,info,Valor ausente na extração
3268,3269,NUTR3,2026-09-07,raw_volume,MISSING_VALUE,info,Valor ausente na extração
3279,3280,OPCT3,2026-09-07,close,MISSING_VALUE,info,Valor ausente na extração
3279,3280,OPCT3,2026-09-07,adjusted_quantity,MISSING_VALUE,info,Valor ausente na extração
3279,3280,OPCT3,2026-09-07,open,MISSING_VALUE,info,Valor ausente na extração
3279,3280,OPCT3,2026-09-07,high,MISSING_VALUE,info,Valor ausente na extração
3279,3280,OPCT3,2026-09-07,low,MISSING_VALUE,info,Valor ausente na extração
3279,3280,OPCT3,2026-09-07,average,MISSING_VALUE,info,Valor ausente na extração
3279,3280,OPCT3,2026-09-07,raw_volume,MISSING_VALUE,info,Valor ausente na extração
3290,3291,ODER3,1920-01-02,close,MISSING_VALUE,info,Valor ausente na extração
3290,3291,ODER3,1920-01-02,adjusted_quantity,MISSING_VALUE,info,Valor ausente na extração
3290,3291,ODER3,1920-01-02,open,MISSING_VALUE,info,Valor ausente na extração
3290,3291,ODER3,1920-01-02,high,MISSING_VALUE,info,Valor ausente na extração
3290,3291,ODER3,1920-01-02,low,MISSING_VALUE,info,Valor ausente na extração
3290,3291,ODER3,1920-01-02,average,MISSING_VALUE,info,Valor ausente na extração
3290,3291,ODER3,1920-01-02,raw_volume,MISSING_VALUE,info,Valor ausente na extração
3291,3292,ODER4,2023-05-01,close,MISSING_VALUE,info,Valor ausente na extração
3291,3292,ODER4,2023-05-01,adjusted_quantity,MISSING_VALUE,info,Valor ausente na extração
3291,3292,ODER4,2023-05-01,open,MISSING_VALUE,info,Valor ausente na extração
3291,3292,ODER4,2023-05-01,high,MISSING_VALUE,info,Valor ausente na extração
3291,3292,ODER4,2023-05-01,low,MISSING_VALUE,info,Valor ausente na extração
3291,3292,ODER4,2023-05-01,average,MISSING_VALUE,info,Valor ausente na extração
3291,3292,ODER4,2023-05-01,raw_volume,MISSING_VALUE,info,Valor ausente na extração
3292,3293,ODER4,2023-05-02,close,MISSING_VALUE,info,Valor ausente na extração
3292,3293,ODER4,2023-05-02,adjusted_quantity,MISSING_VALUE,info,Valor ausente na extração
3292,3293,ODER4,2023-05-02,open,MISSING_VALUE,info,Valor ausente na extração
3292,3293,ODER4,2023-05-02,high,MISSING_VALUE,info,Valor ausente na extração
3292,3293,ODER4,2023-05-02,low,MISSING_VALUE,info,Valor ausente na extração
3292,3293,ODER4,2023-05-02,average,MISSING_VALUE,info,Valor ausente na extração
3292,3293,ODER4,2023-05-02,raw_volume,MISSING_VALUE,info,Valor ausente na extração
3293,3294,ODER4,2023-05-03,close,MISSING_VALUE,info,Valor ausente na extração
3293,3294,ODER4,2023-05-03,adjusted_quantity,MISSING_VALUE,info,Valor ausente na extração
3293,3294,ODER4,2023-05-03,open,MISSING_VALUE,info,Valor ausente na extração
3293,3294,ODER4,2023-05-03,high,MISSING_VALUE,info,Valor ausente na extração
3293,3294,ODER4,2023-05-03,low,MISSING_VALUE,info,Valor ausente na extração
3293,3294,ODER4,2023-05-03,average,MISSING_VALUE,info,Valor ausente na extração
3293,3294,ODER4,2023-05-03,raw_volume,MISSING_VALUE,info,Valor ausente na extração
3294,3295,ODER4,2023-05-04,close,MISSING_VALUE,info,Valor ausente na extração
3294,3295,ODER4,2023-05-04,adjusted_quantity,MISSING_VALUE,info,Valor ausente na extração
3294,3295,ODER4,2023-05-04,open,MISSING_VALUE,info,Valor ausente na extração
3294,3295,ODER4,2023-05-04,high,MISSING_VALUE,info,Valor ausente na extração
3294,3295,ODER4,2023-05-04,low,MISSING_VALUE,info,Valor ausente na extração
3294,3295,ODER4,2023-05-04,average,MISSING_VALUE,info,Valor ausente na extração
3294,3295,ODER4,2023-05-04,raw_volume,MISSING_VALUE,info,Valor ausente na extração
3295,3296,ODER4,2023-05-05,close,MISSING_VALUE,info,Valor ausente na extração
3295,3296,ODER4,2023-05-05,adjusted_quantity,MISSING_VALUE,info,Valor ausente na extração
3295,3296,ODER4,2023-05-05,open,MISSING_VALUE,info,Valor ausente na extração
3295,3296,ODER4,2023-05-05,high,MISSING_VALUE,info,Valor ausente na extração
3295,3296,ODER4,2023-05-05,low,MISSING_VALUE,info,Valor ausente na extração
3295,3296,ODER4,2023-05-05,average,MISSING_VALUE,info,Valor ausente na extração
3295,3296,ODER4,2023-05-05,raw_volume,MISSING_VALUE,info,Valor ausente na extração
3296,3297,ODER4,2023-05-08,close,MISSING_VALUE,info,Valor ausente na extração
3296,3297,ODER4,2023-05-08,adjusted_quantity,MISSING_VALUE,info,Valor ausente na extração
3296,3297,ODER4,2023-05-08,open,MISSING_VALUE,info,Valor ausente na extração
3296,3297,ODER4,2023-05-08,high,MISSING_VALUE,info,Valor ausente na extração
3296,3297,ODER4,2023-05-08,low,MISSING_VALUE,info,Valor ausente na extração
3296,3297,ODER4,2023-05-08,average,MISSING_VALUE,info,Valor ausente na extração
3296,3297,ODER4,2023-05-08,raw_volume,MISSING_VALUE,info,Valor ausente na extração
3297,3298,ODER4,2023-05-09,close,MISSING_VALUE,info,Valor ausente na extração
3297,3298,ODER4,2023-05-09,adjusted_quantity,MISSING_VALUE,info,Valor ausente na extração
3297,3298,ODER4,2023-05-09,open,MISSING_VALUE,info,Valor ausente na extração
3297,3298,ODER4,2023-05-09,high,MISSING_VALUE,info,Valor ausente na extração
3297,3298,ODER4,2023-05-09,low,MISSING_VALUE,info,Valor ausente na extração
3297,3298,ODER4,2023-05-09,average,MISSING_VALUE,info,Valor ausente na extração
3297,3298,ODER4,2023-05-09,raw_volume,MISSING_VALUE,info,Valor ausente na extração
3298,3299,ODER4,2023-05-10,close,MISSING_VALUE,info,Valor ausente na extração
3298,3299,ODER4,2023-05-10,adjusted_quantity,MISSING_VALUE,info,Valor ausente na extração
3298,3299,ODER4,2023-05-10,open,MISSING_VALUE,info,Valor ausente na extração
3298,3299,ODER4,2023-05-10,high,MISSING_VALUE,info,Valor ausente na extração
3298,3299,ODER4,2023-05-10,low,MISSING_VALUE,info,Valor ausente na extração
3298,3299,ODER4,2023-05-10,average,MISSING_VALUE,info,Valor ausente na extração
3298,3299,ODER4,2023-05-10,raw_volume,MISSING_VALUE,info,Valor ausente na extração
3299,3300,ODER4,2023-05-11,close,MISSING_VALUE,info,Valor ausente na extração
3299,3300,ODER4,2023-05-11,adjusted_quantity,MISSING_VALUE,info,Valor ausente na extração
3299,3300,ODER4,2023-05-11,open,MISSING_VALUE,info,Valor ausente na extração
3299,3300,ODER4,2023-05-11,high,MISSING_VALUE,info,Valor ausente na extração
3299,3300,ODER4,2023-05-11,low,MISSING_VALUE,info,Valor ausente na extração
3299,3300,ODER4,2023-05-11,average,MISSING_VALUE,info,Valor ausente na extração
3299,3300,ODER4,2023-05-11,raw_volume,MISSING_VALUE,info,Valor ausente na extração
3324,3325,ONCO3,2026-09-07,close,MISSING_VALUE,info,Valor ausente na extração
3324,3325,ONCO3,2026-09-07,adjusted_quantity,MISSING_VALUE,info,Valor ausente na extração
3324,3325,ONCO3,2026-09-07,open,MISSING_VALUE,info,Valor ausente na extração
3324,3325,ONCO3,2026-09-07,high,MISSING_VALUE,info,Valor ausente na extração
3324,3325,ONCO3,2026-09-07,low,MISSING_VALUE,info,Valor ausente na extração
3324,3325,ONCO3,2026-09-07,average,MISSING_VALUE,info,Valor ausente na extração
3324,3325,ONCO3,2026-09-07,raw_volume,MISSING_VALUE,info,Valor ausente na extração
3335,3336,OBTC3,2026-09-07,close,MISSING_VALUE,info,Valor ausente na extração
3335,3336,OBTC3,2026-09-07,adjusted_quantity,MISSING_VALUE,info,Valor ausente na extração
3335,3336,OBTC3,2026-09-07,open,MISSING_VALUE,info,Valor ausente na extração
3335,3336,OBTC3,2026-09-07,high,MISSING_VALUE,info,Valor ausente na extração
3335,3336,OBTC3,2026-09-07,low,MISSING_VALUE,info,Valor ausente na extração
3335,3336,OBTC3,2026-09-07,average,MISSING_VALUE,info,Valor ausente na extração
3335,3336,OBTC3,2026-09-07,raw_volume,MISSING_VALUE,info,Valor ausente na extração
3346,3347,ORVR3,2026-09-07,close,MISSING_VALUE,info,Valor ausente na extração
3346,3347,ORVR3,2026-09-07,adjusted_quantity,MISSING_VALUE,info,Valor ausente na extração
3346,3347,ORVR3,2026-09-07,open,MISSING_VALUE,info,Valor ausente na extração
3346,3347,ORVR3,2026-09-07,high,MISSING_VALUE,info,Valor ausente na extração
3346,3347,ORVR3,2026-09-07,low,MISSING_VALUE,info,Valor ausente na extração
3346,3347,ORVR3,2026-09-07,average,MISSING_VALUE,info,Valor ausente na extração
3346,3347,ORVR3,2026-09-07,raw_volume,MISSING_VALUE,info,Valor ausente na extração
3357,3358,OSXB3,2026-09-07,close,MISSING_VALUE,info,Valor ausente na extração
3357,3358,OSXB3,2026-09-07,adjusted_quantity,MISSING_VALUE,info,Valor ausente na extração
3357,3358,OSXB3,2026-09-07,open,MISSING_VALUE,info,Valor ausente na extração
3357,3358,OSXB3,2026-09-07,high,MISSING_VALUE,info,Valor ausente na extração
3357,3358,OSXB3,2026-09-07,low,MISSING_VALUE,info,Valor ausente na extração
3357,3358,OSXB3,2026-09-07,average,MISSING_VALUE,info,Valor ausente na extração
3357,3358,OSXB3,2026-09-07,raw_volume,MISSING_VALUE,info,Valor ausente na extração
3368,3369,OFSA3,2026-09-07,close,MISSING_VALUE,info,Valor ausente na extração
3368,3369,OFSA3,2026-09-07,adjusted_quantity,MISSING_VALUE,info,Valor ausente na extração
3368,3369,OFSA3,2026-09-07,open,MISSING_VALUE,info,Valor ausente na extração
3368,3369,OFSA3,2026-09-07,high,MISSING_VALUE,info,Valor ausente na extração
3368,3369,OFSA3,2026-09-07,low,MISSING_VALUE,info,Valor ausente na extração
3368,3369,OFSA3,2026-09-07,average,MISSING_VALUE,info,Valor ausente na extração
3368,3369,OFSA3,2026-09-07,raw_volume,MISSING_VALUE,info,Valor ausente na extração
3379,3380,PCAR3,2026-09-07,close,MISSING_VALUE,info,Valor ausente na extração
3379,3380,PCAR3,2026-09-07,adjusted_quantity,MISSING_VALUE,info,Valor ausente na extração
3379,3380,PCAR3,2026-09-07,open,MISSING_VALUE,info,Valor ausente na extração
3379,3380,PCAR3,2026-09-07,high,MISSING_VALUE,info,Valor ausente na extração
3379,3380,PCAR3,2026-09-07,low,MISSING_VALUE,info,Valor ausente na extração
3379,3380,PCAR3,2026-09-07,average,MISSING_VALUE,info,Valor ausente na extração
3379,3380,PCAR3,2026-09-07,raw_volume,MISSING_VALUE,info,Valor ausente na extração
3390,3391,PDTC3,2026-09-07,close,MISSING_VALUE,info,Valor ausente na extração
3390,3391,PDTC3,2026-09-07,adjusted_quantity,MISSING_VALUE,info,Valor ausente na extração
3390,3391,PDTC3,2026-09-07,open,MISSING_VALUE,info,Valor ausente na extração
3390,3391,PDTC3,2026-09-07,high,MISSING_VALUE,info,Valor ausente na extração
3390,3391,PDTC3,2026-09-07,low,MISSING_VALUE,info,Valor ausente na extração
3390,3391,PDTC3,2026-09-07,average,MISSING_VALUE,info,Valor ausente na extração
3390,3391,PDTC3,2026-09-07,raw_volume,MISSING_VALUE,info,Valor ausente na extração
3401,3402,PGMN3,2026-09-07,close,MISSING_VALUE,info,Valor ausente na extração
3401,3402,PGMN3,2026-09-07,adjusted_quantity,MISSING_VALUE,info,Valor ausente na extração
3401,3402,PGMN3,2026-09-07,open,MISSING_VALUE,info,Valor ausente na extração
3401,3402,PGMN3,2026-09-07,high,MISSING_VALUE,info,Valor ausente na extração
3401,3402,PGMN3,2026-09-07,low,MISSING_VALUE,info,Valor ausente na extração
3401,3402,PGMN3,2026-09-07,average,MISSING_VALUE,info,Valor ausente na extração
3401,3402,PGMN3,2026-09-07,raw_volume,MISSING_VALUE,info,Valor ausente na extração
3412,3413,PATI3,2026-09-07,close,MISSING_VALUE,info,Valor ausente na extração
3412,3413,PATI3,2026-09-07,adjusted_quantity,MISSING_VALUE,info,Valor ausente na extração
3412,3413,PATI3,2026-09-07,open,MISSING_VALUE,info,Valor ausente na extração
3412,3413,PATI3,2026-09-07,high,MISSING_VALUE,info,Valor ausente na extração
3412,3413,PATI3,2026-09-07,low,MISSING_VALUE,info,Valor ausente na extração
3412,3413,PATI3,2026-09-07,average,MISSING_VALUE,info,Valor ausente na extração
3412,3413,PATI3,2026-09-07,raw_volume,MISSING_VALUE,info,Valor ausente na extração
3414,3415,PATI3,2026-09-09,close,MISSING_VALUE,info,Valor ausente na extração
3414,3415,PATI3,2026-09-09,adjusted_quantity,MISSING_VALUE,info,Valor ausente na extração
3414,3415,PATI3,2026-09-09,open,MISSING_VALUE,info,Valor ausente na extração
3414,3415,PATI3,2026-09-09,high,MISSING_VALUE,info,Valor ausente na extração
3414,3415,PATI3,2026-09-09,low,MISSING_VALUE,info,Valor ausente na extração
3414,3415,PATI3,2026-09-09,average,MISSING_VALUE,info,Valor ausente na extração
3414,3415,PATI3,2026-09-09,raw_volume,MISSING_VALUE,info,Valor ausente na extração
3415,3416,PATI3,2026-09-10,close,MISSING_VALUE,info,Valor ausente na extração
3415,3416,PATI3,2026-09-10,adjusted_quantity,MISSING_VALUE,info,Valor ausente na extração
3415,3416,PATI3,2026-09-10,open,MISSING_VALUE,info,Valor ausente na extração
3415,3416,PATI3,2026-09-10,high,MISSING_VALUE,info,Valor ausente na extração
3415,3416,PATI3,2026-09-10,low,MISSING_VALUE,info,Valor ausente na extração
3415,3416,PATI3,2026-09-10,average,MISSING_VALUE,info,Valor ausente na extração
3415,3416,PATI3,2026-09-10,raw_volume,MISSING_VALUE,info,Valor ausente na extração
3416,3417,PATI3,2026-09-11,close,MISSING_VALUE,info,Valor ausente na extração
3416,3417,PATI3,2026-09-11,adjusted_quantity,MISSING_VALUE,info,Valor ausente na extração
3416,3417,PATI3,2026-09-11,open,MISSING_VALUE,info,Valor ausente na extração
3416,3417,PATI3,2026-09-11,high,MISSING_VALUE,info,Valor ausente na extração
3416,3417,PATI3,2026-09-11,low,MISSING_VALUE,info,Valor ausente na extração
3416,3417,PATI3,2026-09-11,average,MISSING_VALUE,info,Valor ausente na extração
3416,3417,PATI3,2026-09-11,raw_volume,MISSING_VALUE,info,Valor ausente na extração
3419,3420,PATI3,2026-09-16,close,MISSING_VALUE,info,Valor ausente na extração
3419,3420,PATI3,2026-09-16,adjusted_quantity,MISSING_VALUE,info,Valor ausente na extração
3419,3420,PATI3,2026-09-16,open,MISSING_VALUE,info,Valor ausente na extração
3419,3420,PATI3,2026-09-16,high,MISSING_VALUE,info,Valor ausente na extração
3419,3420,PATI3,2026-09-16,low,MISSING_VALUE,info,Valor ausente na extração
3419,3420,PATI3,2026-09-16,average,MISSING_VALUE,info,Valor ausente na extração
3419,3420,PATI3,2026-09-16,raw_volume,MISSING_VALUE,info,Valor ausente na extração
3420,3421,PATI3,2026-09-17,close,MISSING_VALUE,info,Valor ausente na extração
3420,3421,PATI3,2026-09-17,adjusted_quantity,MISSING_VALUE,info,Valor ausente na extração
3420,3421,PATI3,2026-09-17,open,MISSING_VALUE,info,Valor ausente na extração
3420,3421,PATI3,2026-09-17,high,MISSING_VALUE,info,Valor ausente na extração
3420,3421,PATI3,2026-09-17,low,MISSING_VALUE,info,Valor ausente na extração
3420,3421,PATI3,2026-09-17,average,MISSING_VALUE,info,Valor ausente na extração
3420,3421,PATI3,2026-09-17,raw_volume,MISSING_VALUE,info,Valor ausente na extração
3423,3424,PATI4,2026-09-07,close,MISSING_VALUE,info,Valor ausente na extração
3423,3424,PATI4,2026-09-07,adjusted_quantity,MISSING_VALUE,info,Valor ausente na extração
3423,3424,PATI4,2026-09-07,open,MISSING_VALUE,info,Valor ausente na extração
3423,3424,PATI4,2026-09-07,high,MISSING_VALUE,info,Valor ausente na extração
3423,3424,PATI4,2026-09-07,low,MISSING_VALUE,info,Valor ausente na extração
3423,3424,PATI4,2026-09-07,average,MISSING_VALUE,info,Valor ausente na extração
3423,3424,PATI4,2026-09-07,raw_volume,MISSING_VALUE,info,Valor ausente na extração
3424,3425,PATI4,2026-09-08,close,MISSING_VALUE,info,Valor ausente na extração
3424,3425,PATI4,2026-09-08,adjusted_quantity,MISSING_VALUE,info,Valor ausente na extração
3424,3425,PATI4,2026-09-08,open,MISSING_VALUE,info,Valor ausente na extração
3424,3425,PATI4,2026-09-08,high,MISSING_VALUE,info,Valor ausente na extração
3424,3425,PATI4,2026-09-08,low,MISSING_VALUE,info,Valor ausente na extração
3424,3425,PATI4,2026-09-08,average,MISSING_VALUE,info,Valor ausente na extração
3424,3425,PATI4,2026-09-08,raw_volume,MISSING_VALUE,info,Valor ausente na extração
3425,3426,PATI4,2026-09-09,close,MISSING_VALUE,info,Valor ausente na extração
3425,3426,PATI4,2026-09-09,adjusted_quantity,MISSING_VALUE,info,Valor ausente na extração
3425,3426,PATI4,2026-09-09,open,MISSING_VALUE,info,Valor ausente na extração
3425,3426,PATI4,2026-09-09,high,MISSING_VALUE,info,Valor ausente na extração
3425,3426,PATI4,2026-09-09,low,MISSING_VALUE,info,Valor ausente na extração
3425,3426,PATI4,2026-09-09,average,MISSING_VALUE,info,Valor ausente na extração
3425,3426,PATI4,2026-09-09,raw_volume,MISSING_VALUE,info,Valor ausente na extração
3427,3428,PATI4,2026-09-11,close,MISSING_VALUE,info,Valor ausente na extração
3427,3428,PATI4,2026-09-11,adjusted_quantity,MISSING_VALUE,info,Valor ausente na extração
3427,3428,PATI4,2026-09-11,open,MISSING_VALUE,info,Valor ausente na extração
3427,3428,PATI4,2026-09-11,high,MISSING_VALUE,info,Valor ausente na extração
3427,3428,PATI4,2026-09-11,low,MISSING_VALUE,info,Valor ausente na extração
3427,3428,PATI4,2026-09-11,average,MISSING_VALUE,info,Valor ausente na extração
3427,3428,PATI4,2026-09-11,raw_volume,MISSING_VALUE,info,Valor ausente na extração
3428,3429,PATI4,2026-09-14,close,MISSING_VALUE,info,Valor ausente na extração
3428,3429,PATI4,2026-09-14,adjusted_quantity,MISSING_VALUE,info,Valor ausente na extração
3428,3429,PATI4,2026-09-14,open,MISSING_VALUE,info,Valor ausente na extração
3428,3429,PATI4,2026-09-14,high,MISSING_VALUE,info,Valor ausente na extração
3428,3429,PATI4,2026-09-14,low,MISSING_VALUE,info,Valor ausente na extração
3428,3429,PATI4,2026-09-14,average,MISSING_VALUE,info,Valor ausente na extração
3428,3429,PATI4,2026-09-14,raw_volume,MISSING_VALUE,info,Valor ausente na extração
3429,3430,PATI4,2026-09-15,close,MISSING_VALUE,info,Valor ausente na extração
3429,3430,PATI4,2026-09-15,adjusted_quantity,MISSING_VALUE,info,Valor ausente na extração
3429,3430,PATI4,2026-09-15,open,MISSING_VALUE,info,Valor ausente na extração
3429,3430,PATI4,2026-09-15,high,MISSING_VALUE,info,Valor ausente na extração
3429,3430,PATI4,2026-09-15,low,MISSING_VALUE,info,Valor ausente na extração
3429,3430,PATI4,2026-09-15,average,MISSING_VALUE,info,Valor ausente na extração
3429,3430,PATI4,2026-09-15,raw_volume,MISSING_VALUE,info,Valor ausente na extração
3430,3431,PATI4,2026-09-16,close,MISSING_VALUE,info,Valor ausente na extração
3430,3431,PATI4,2026-09-16,adjusted_quantity,MISSING_VALUE,info,Valor ausente na extração
3430,3431,PATI4,2026-09-16,open,MISSING_VALUE,info,Valor ausente na extração
3430,3431,PATI4,2026-09-16,high,MISSING_VALUE,info,Valor ausente na extração
3430,3431,PATI4,2026-09-16,low,MISSING_VALUE,info,Valor ausente na extração
3430,3431,PATI4,2026-09-16,average,MISSING_VALUE,info,Valor ausente na extração
3430,3431,PATI4,2026-09-16,raw_volume,MISSING_VALUE,info,Valor ausente na extração
3431,3432,PATI4,2026-09-17,close,MISSING_VALUE,info,Valor ausente na extração
3431,3432,PATI4,2026-09-17,adjusted_quantity,MISSING_VALUE,info,Valor ausente na extração
3431,3432,PATI4,2026-09-17,open,MISSING_VALUE,info,Valor ausente na extração
3431,3432,PATI4,2026-09-17,high,MISSING_VALUE,info,Valor ausente na extração
3431,3432,PATI4,2026-09-17,low,MISSING_VALUE,info,Valor ausente na extração
3431,3432,PATI4,2026-09-17,average,MISSING_VALUE,info,Valor ausente na extração
3431,3432,PATI4,2026-09-17,raw_volume,MISSING_VALUE,info,Valor ausente na extração
3434,3435,PEAB3,2026-08-27,close,MISSING_VALUE,info,Valor ausente na extração
3434,3435,PEAB3,2026-08-27,adjusted_quantity,MISSING_VALUE,info,Valor ausente na extração
3434,3435,PEAB3,2026-08-27,open,MISSING_VALUE,info,Valor ausente na extração
3434,3435,PEAB3,2026-08-27,high,MISSING_VALUE,info,Valor ausente na extração
3434,3435,PEAB3,2026-08-27,low,MISSING_VALUE,info,Valor ausente na extração
3434,3435,PEAB3,2026-08-27,average,MISSING_VALUE,info,Valor ausente na extração
3434,3435,PEAB3,2026-08-27,raw_volume,MISSING_VALUE,info,Valor ausente na extração
3435,3436,PEAB3,2026-08-28,close,MISSING_VALUE,info,Valor ausente na extração
3435,3436,PEAB3,2026-08-28,adjusted_quantity,MISSING_VALUE,info,Valor ausente na extração
3435,3436,PEAB3,2026-08-28,open,MISSING_VALUE,info,Valor ausente na extração
3435,3436,PEAB3,2026-08-28,high,MISSING_VALUE,info,Valor ausente na extração
3435,3436,PEAB3,2026-08-28,low,MISSING_VALUE,info,Valor ausente na extração
3435,3436,PEAB3,2026-08-28,average,MISSING_VALUE,info,Valor ausente na extração
3435,3436,PEAB3,2026-08-28,raw_volume,MISSING_VALUE,info,Valor ausente na extração
3436,3437,PEAB3,2026-08-31,close,MISSING_VALUE,info,Valor ausente na extração
3436,3437,PEAB3,2026-08-31,adjusted_quantity,MISSING_VALUE,info,Valor ausente na extração
3436,3437,PEAB3,2026-08-31,open,MISSING_VALUE,info,Valor ausente na extração
3436,3437,PEAB3,2026-08-31,high,MISSING_VALUE,info,Valor ausente na extração
3436,3437,PEAB3,2026-08-31,low,MISSING_VALUE,info,Valor ausente na extração
3436,3437,PEAB3,2026-08-31,average,MISSING_VALUE,info,Valor ausente na extração
3436,3437,PEAB3,2026-08-31,raw_volume,MISSING_VALUE,info,Valor ausente na extração
3438,3439,PEAB3,2026-09-02,close,MISSING_VALUE,info,Valor ausente na extração
3438,3439,PEAB3,2026-09-02,adjusted_quantity,MISSING_VALUE,info,Valor ausente na extração
3438,3439,PEAB3,2026-09-02,open,MISSING_VALUE,info,Valor ausente na extração
3438,3439,PEAB3,2026-09-02,high,MISSING_VALUE,info,Valor ausente na extração
3438,3439,PEAB3,2026-09-02,low,MISSING_VALUE,info,Valor ausente na extração
3438,3439,PEAB3,2026-09-02,average,MISSING_VALUE,info,Valor ausente na extração
3438,3439,PEAB3,2026-09-02,raw_volume,MISSING_VALUE,info,Valor ausente na extração
3439,3440,PEAB3,2026-09-03,close,MISSING_VALUE,info,Valor ausente na extração
3439,3440,PEAB3,2026-09-03,adjusted_quantity,MISSING_VALUE,info,Valor ausente na extração
3439,3440,PEAB3,2026-09-03,open,MISSING_VALUE,info,Valor ausente na extração
3439,3440,PEAB3,2026-09-03,high,MISSING_VALUE,info,Valor ausente na extração
3439,3440,PEAB3,2026-09-03,low,MISSING_VALUE,info,Valor ausente na extração
3439,3440,PEAB3,2026-09-03,average,MISSING_VALUE,info,Valor ausente na extração
3439,3440,PEAB3,2026-09-03,raw_volume,MISSING_VALUE,info,Valor ausente na extração
3440,3441,PEAB3,2026-09-04,close,MISSING_VALUE,info,Valor ausente na extração
3440,3441,PEAB3,2026-09-04,adjusted_quantity,MISSING_VALUE,info,Valor ausente na extração
3440,3441,PEAB3,2026-09-04,open,MISSING_VALUE,info,Valor ausente na extração
3440,3441,PEAB3,2026-09-04,high,MISSING_VALUE,info,Valor ausente na extração
3440,3441,PEAB3,2026-09-04,low,MISSING_VALUE,info,Valor ausente na extração
3440,3441,PEAB3,2026-09-04,average,MISSING_VALUE,info,Valor ausente na extração
3440,3441,PEAB3,2026-09-04,raw_volume,MISSING_VALUE,info,Valor ausente na extração
3441,3442,PEAB3,2026-09-07,close,MISSING_VALUE,info,Valor ausente na extração
3441,3442,PEAB3,2026-09-07,adjusted_quantity,MISSING_VALUE,info,Valor ausente na extração
3441,3442,PEAB3,2026-09-07,open,MISSING_VALUE,info,Valor ausente na extração
3441,3442,PEAB3,2026-09-07,high,MISSING_VALUE,info,Valor ausente na extração
3441,3442,PEAB3,2026-09-07,low,MISSING_VALUE,info,Valor ausente na extração
3441,3442,PEAB3,2026-09-07,average,MISSING_VALUE,info,Valor ausente na extração
3441,3442,PEAB3,2026-09-07,raw_volume,MISSING_VALUE,info,Valor ausente na extração
3442,3443,PEAB3,2026-09-08,close,MISSING_VALUE,info,Valor ausente na extração
3442,3443,PEAB3,2026-09-08,adjusted_quantity,MISSING_VALUE,info,Valor ausente na extração
3442,3443,PEAB3,2026-09-08,open,MISSING_VALUE,info,Valor ausente na extração
3442,3443,PEAB3,2026-09-08,high,MISSING_VALUE,info,Valor ausente na extração
3442,3443,PEAB3,2026-09-08,low,MISSING_VALUE,info,Valor ausente na extração
3442,3443,PEAB3,2026-09-08,average,MISSING_VALUE,info,Valor ausente na extração
3442,3443,PEAB3,2026-09-08,raw_volume,MISSING_VALUE,info,Valor ausente na extração
3443,3444,PEAB3,2026-09-09,close,MISSING_VALUE,info,Valor ausente na extração
3443,3444,PEAB3,2026-09-09,adjusted_quantity,MISSING_VALUE,info,Valor ausente na extração
3443,3444,PEAB3,2026-09-09,open,MISSING_VALUE,info,Valor ausente na extração
3443,3444,PEAB3,2026-09-09,high,MISSING_VALUE,info,Valor ausente na extração
3443,3444,PEAB3,2026-09-09,low,MISSING_VALUE,info,Valor ausente na extração
3443,3444,PEAB3,2026-09-09,average,MISSING_VALUE,info,Valor ausente na extração
3443,3444,PEAB3,2026-09-09,raw_volume,MISSING_VALUE,info,Valor ausente na extração
3445,3446,PEAB4,2026-09-07,close,MISSING_VALUE,info,Valor ausente na extração
3445,3446,PEAB4,2026-09-07,adjusted_quantity,MISSING_VALUE,info,Valor ausente na extração
3445,3446,PEAB4,2026-09-07,open,MISSING_VALUE,info,Valor ausente na extração
3445,3446,PEAB4,2026-09-07,high,MISSING_VALUE,info,Valor ausente na extração
3445,3446,PEAB4,2026-09-07,low,MISSING_VALUE,info,Valor ausente na extração
3445,3446,PEAB4,2026-09-07,average,MISSING_VALUE,info,Valor ausente na extração
3445,3446,PEAB4,2026-09-07,raw_volume,MISSING_VALUE,info,Valor ausente na extração
3446,3447,PEAB4,2026-09-08,close,MISSING_VALUE,info,Valor ausente na extração
3446,3447,PEAB4,2026-09-08,adjusted_quantity,MISSING_VALUE,info,Valor ausente na extração
3446,3447,PEAB4,2026-09-08,open,MISSING_VALUE,info,Valor ausente na extração
3446,3447,PEAB4,2026-09-08,high,MISSING_VALUE,info,Valor ausente na extração
3446,3447,PEAB4,2026-09-08,low,MISSING_VALUE,info,Valor ausente na extração
3446,3447,PEAB4,2026-09-08,average,MISSING_VALUE,info,Valor ausente na extração
3446,3447,PEAB4,2026-09-08,raw_volume,MISSING_VALUE,info,Valor ausente na extração
3448,3449,PEAB4,2026-09-10,close,MISSING_VALUE,info,Valor ausente na extração
3448,3449,PEAB4,2026-09-10,adjusted_quantity,MISSING_VALUE,info,Valor ausente na extração
3448,3449,PEAB4,2026-09-10,open,MISSING_VALUE,info,Valor ausente na extração
3448,3449,PEAB4,2026-09-10,high,MISSING_VALUE,info,Valor ausente na extração
3448,3449,PEAB4,2026-09-10,low,MISSING_VALUE,info,Valor ausente na extração
3448,3449,PEAB4,2026-09-10,average,MISSING_VALUE,info,Valor ausente na extração
3448,3449,PEAB4,2026-09-10,raw_volume,MISSING_VALUE,info,Valor ausente na extração
3449,3450,PEAB4,2026-09-11,close,MISSING_VALUE,info,Valor ausente na extração
3449,3450,PEAB4,2026-09-11,adjusted_quantity,MISSING_VALUE,info,Valor ausente na extração
3449,3450,PEAB4,2026-09-11,open,MISSING_VALUE,info,Valor ausente na extração
3449,3450,PEAB4,2026-09-11,high,MISSING_VALUE,info,Valor ausente na extração
3449,3450,PEAB4,2026-09-11,low,MISSING_VALUE,info,Valor ausente na extração
3449,3450,PEAB4,2026-09-11,average,MISSING_VALUE,info,Valor ausente na extração
3449,3450,PEAB4,2026-09-11,raw_volume,MISSING_VALUE,info,Valor ausente na extração
3452,3453,PEAB4,2026-09-16,close,MISSING_VALUE,info,Valor ausente na extração
3452,3453,PEAB4,2026-09-16,adjusted_quantity,MISSING_VALUE,info,Valor ausente na extração
3452,3453,PEAB4,2026-09-16,open,MISSING_VALUE,info,Valor ausente na extração
3452,3453,PEAB4,2026-09-16,high,MISSING_VALUE,info,Valor ausente na extração
3452,3453,PEAB4,2026-09-16,low,MISSING_VALUE,info,Valor ausente na extração
3452,3453,PEAB4,2026-09-16,average,MISSING_VALUE,info,Valor ausente na extração
3452,3453,PEAB4,2026-09-16,raw_volume,MISSING_VALUE,info,Valor ausente na extração
3453,3454,PEAB4,2026-09-17,close,MISSING_VALUE,info,Valor ausente na extração
3453,3454,PEAB4,2026-09-17,adjusted_quantity,MISSING_VALUE,info,Valor ausente na extração
3453,3454,PEAB4,2026-09-17,open,MISSING_VALUE,info,Valor ausente na extração
3453,3454,PEAB4,2026-09-17,high,MISSING_VALUE,info,Valor ausente na extração
3453,3454,PEAB4,2026-09-17,low,MISSING_VALUE,info,Valor ausente na extração
3453,3454,PEAB4,2026-09-17,average,MISSING_VALUE,info,Valor ausente na extração
3453,3454,PEAB4,2026-09-17,raw_volume,MISSING_VALUE,info,Valor ausente na extração
3454,3455,PEAB4,2026-09-18,close,MISSING_VALUE,info,Valor ausente na extração
3454,3455,PEAB4,2026-09-18,adjusted_quantity,MISSING_VALUE,info,Valor ausente na extração
3454,3455,PEAB4,2026-09-18,open,MISSING_VALUE,info,Valor ausente na extração
3454,3455,PEAB4,2026-09-18,high,MISSING_VALUE,info,Valor ausente na extração
3454,3455,PEAB4,2026-09-18,low,MISSING_VALUE,info,Valor ausente na extração
3454,3455,PEAB4,2026-09-18,average,MISSING_VALUE,info,Valor ausente na extração
3454,3455,PEAB4,2026-09-18,raw_volume,MISSING_VALUE,info,Valor ausente na extração
3456,3457,PMAM3,2026-09-07,close,MISSING_VALUE,info,Valor ausente na extração
3456,3457,PMAM3,2026-09-07,adjusted_quantity,MISSING_VALUE,info,Valor ausente na extração
3456,3457,PMAM3,2026-09-07,open,MISSING_VALUE,info,Valor ausente na extração
3456,3457,PMAM3,2026-09-07,high,MISSING_VALUE,info,Valor ausente na extração
3456,3457,PMAM3,2026-09-07,low,MISSING_VALUE,info,Valor ausente na extração
3456,3457,PMAM3,2026-09-07,average,MISSING_VALUE,info,Valor ausente na extração
3456,3457,PMAM3,2026-09-07,raw_volume,MISSING_VALUE,info,Valor ausente na extração
3467,3468,PDGR3,2026-09-07,close,MISSING_VALUE,info,Valor ausente na extração
3467,3468,PDGR3,2026-09-07,adjusted_quantity,MISSING_VALUE,info,Valor ausente na extração
3467,3468,PDGR3,2026-09-07,open,MISSING_VALUE,info,Valor ausente na extração
3467,3468,PDGR3,2026-09-07,high,MISSING_VALUE,info,Valor ausente na extração
3467,3468,PDGR3,2026-09-07,low,MISSING_VALUE,info,Valor ausente na extração
3467,3468,PDGR3,2026-09-07,average,MISSING_VALUE,info,Valor ausente na extração
3467,3468,PDGR3,2026-09-07,raw_volume,MISSING_VALUE,info,Valor ausente na extração
3481,3482,RPMG3,2026-07-30,close,MISSING_VALUE,info,Valor ausente na extração
3481,3482,RPMG3,2026-07-30,adjusted_quantity,MISSING_VALUE,info,Valor ausente na extração
3481,3482,RPMG3,2026-07-30,open,MISSING_VALUE,info,Valor ausente na extração
3481,3482,RPMG3,2026-07-30,high,MISSING_VALUE,info,Valor ausente na extração
3481,3482,RPMG3,2026-07-30,low,MISSING_VALUE,info,Valor ausente na extração
3481,3482,RPMG3,2026-07-30,average,MISSING_VALUE,info,Valor ausente na extração
3481,3482,RPMG3,2026-07-30,raw_volume,MISSING_VALUE,info,Valor ausente na extração
3482,3483,RPMG3,2026-07-31,close,MISSING_VALUE,info,Valor ausente na extração
3482,3483,RPMG3,2026-07-31,adjusted_quantity,MISSING_VALUE,info,Valor ausente na extração
3482,3483,RPMG3,2026-07-31,open,MISSING_VALUE,info,Valor ausente na extração
3482,3483,RPMG3,2026-07-31,high,MISSING_VALUE,info,Valor ausente na extração
3482,3483,RPMG3,2026-07-31,low,MISSING_VALUE,info,Valor ausente na extração
3482,3483,RPMG3,2026-07-31,average,MISSING_VALUE,info,Valor ausente na extração
3482,3483,RPMG3,2026-07-31,raw_volume,MISSING_VALUE,info,Valor ausente na extração
3489,3490,PETR3,2026-09-07,close,MISSING_VALUE,info,Valor ausente na extração
3489,3490,PETR3,2026-09-07,adjusted_quantity,MISSING_VALUE,info,Valor ausente na extração
3489,3490,PETR3,2026-09-07,open,MISSING_VALUE,info,Valor ausente na extração
3489,3490,PETR3,2026-09-07,high,MISSING_VALUE,info,Valor ausente na extração
3489,3490,PETR3,2026-09-07,low,MISSING_VALUE,info,Valor ausente na extração
3489,3490,PETR3,2026-09-07,average,MISSING_VALUE,info,Valor ausente na extração
3489,3490,PETR3,2026-09-07,raw_volume,MISSING_VALUE,info,Valor ausente na extração
3500,3501,PETR4,2026-09-07,close,MISSING_VALUE,info,Valor ausente na extração
3500,3501,PETR4,2026-09-07,adjusted_quantity,MISSING_VALUE,info,Valor ausente na extração
3500,3501,PETR4,2026-09-07,open,MISSING_VALUE,info,Valor ausente na extração
3500,3501,PETR4,2026-09-07,high,MISSING_VALUE,info,Valor ausente na extração
3500,3501,PETR4,2026-09-07,low,MISSING_VALUE,info,Valor ausente na extração
3500,3501,PETR4,2026-09-07,average,MISSING_VALUE,info,Valor ausente na extração
3500,3501,PETR4,2026-09-07,raw_volume,MISSING_VALUE,info,Valor ausente na extração
3511,3512,RECV3,2026-09-07,close,MISSING_VALUE,info,Valor ausente na extração
3511,3512,RECV3,2026-09-07,adjusted_quantity,MISSING_VALUE,info,Valor ausente na extração
3511,3512,RECV3,2026-09-07,open,MISSING_VALUE,info,Valor ausente na extração
3511,3512,RECV3,2026-09-07,high,MISSING_VALUE,info,Valor ausente na extração
3511,3512,RECV3,2026-09-07,low,MISSING_VALUE,info,Valor ausente na extração
3511,3512,RECV3,2026-09-07,average,MISSING_VALUE,info,Valor ausente na extração
3511,3512,RECV3,2026-09-07,raw_volume,MISSING_VALUE,info,Valor ausente na extração
3522,3523,PRIO3,2026-09-07,close,MISSING_VALUE,info,Valor ausente na extração
3522,3523,PRIO3,2026-09-07,adjusted_quantity,MISSING_VALUE,info,Valor ausente na extração
3522,3523,PRIO3,2026-09-07,open,MISSING_VALUE,info,Valor ausente na extração
3522,3523,PRIO3,2026-09-07,high,MISSING_VALUE,info,Valor ausente na extração
3522,3523,PRIO3,2026-09-07,low,MISSING_VALUE,info,Valor ausente na extração
3522,3523,PRIO3,2026-09-07,average,MISSING_VALUE,info,Valor ausente na extração
3522,3523,PRIO3,2026-09-07,raw_volume,MISSING_VALUE,info,Valor ausente na extração
3533,3534,AUAU3,2026-09-07,close,MISSING_VALUE,info,Valor ausente na extração
3533,3534,AUAU3,2026-09-07,adjusted_quantity,MISSING_VALUE,info,Valor ausente na extração
3533,3534,AUAU3,2026-09-07,open,MISSING_VALUE,info,Valor ausente na extração
3533,3534,AUAU3,2026-09-07,high,MISSING_VALUE,info,Valor ausente na extração
3533,3534,AUAU3,2026-09-07,low,MISSING_VALUE,info,Valor ausente na extração
3533,3534,AUAU3,2026-09-07,average,MISSING_VALUE,info,Valor ausente na extração
3533,3534,AUAU3,2026-09-07,raw_volume,MISSING_VALUE,info,Valor ausente na extração
3544,3545,PINE3,2026-09-07,close,MISSING_VALUE,info,Valor ausente na extração
3544,3545,PINE3,2026-09-07,adjusted_quantity,MISSING_VALUE,info,Valor ausente na extração
3544,3545,PINE3,2026-09-07,open,MISSING_VALUE,info,Valor ausente na extração
3544,3545,PINE3,2026-09-07,high,MISSING_VALUE,info,Valor ausente na extração
3544,3545,PINE3,2026-09-07,low,MISSING_VALUE,info,Valor ausente na extração
3544,3545,PINE3,2026-09-07,average,MISSING_VALUE,info,Valor ausente na extração
3544,3545,PINE3,2026-09-07,raw_volume,MISSING_VALUE,info,Valor ausente na extração
3551,3552,PINE3,2026-09-16,close,MISSING_VALUE,info,Valor ausente na extração
3551,3552,PINE3,2026-09-16,adjusted_quantity,MISSING_VALUE,info,Valor ausente na extração
3551,3552,PINE3,2026-09-16,open,MISSING_VALUE,info,Valor ausente na extração
3551,3552,PINE3,2026-09-16,high,MISSING_VALUE,info,Valor ausente na extração
3551,3552,PINE3,2026-09-16,low,MISSING_VALUE,info,Valor ausente na extração
3551,3552,PINE3,2026-09-16,average,MISSING_VALUE,info,Valor ausente na extração
3551,3552,PINE3,2026-09-16,raw_volume,MISSING_VALUE,info,Valor ausente na extração
3555,3556,PINE4,2026-09-07,close,MISSING_VALUE,info,Valor ausente na extração
3555,3556,PINE4,2026-09-07,adjusted_quantity,MISSING_VALUE,info,Valor ausente na extração
3555,3556,PINE4,2026-09-07,open,MISSING_VALUE,info,Valor ausente na extração
3555,3556,PINE4,2026-09-07,high,MISSING_VALUE,info,Valor ausente na extração
3555,3556,PINE4,2026-09-07,low,MISSING_VALUE,info,Valor ausente na extração
3555,3556,PINE4,2026-09-07,average,MISSING_VALUE,info,Valor ausente na extração
3555,3556,PINE4,2026-09-07,raw_volume,MISSING_VALUE,info,Valor ausente na extração
3566,3567,PLPL3,2026-09-07,close,MISSING_VALUE,info,Valor ausente na extração
3566,3567,PLPL3,2026-09-07,adjusted_quantity,MISSING_VALUE,info,Valor ausente na extração
3566,3567,PLPL3,2026-09-07,open,MISSING_VALUE,info,Valor ausente na extração
3566,3567,PLPL3,2026-09-07,high,MISSING_VALUE,info,Valor ausente na extração
3566,3567,PLPL3,2026-09-07,low,MISSING_VALUE,info,Valor ausente na extração
3566,3567,PLPL3,2026-09-07,average,MISSING_VALUE,info,Valor ausente na extração
3566,3567,PLPL3,2026-09-07,raw_volume,MISSING_VALUE,info,Valor ausente na extração
3578,3579,PLAS3,2026-09-07,close,MISSING_VALUE,info,Valor ausente na extração
3578,3579,PLAS3,2026-09-07,adjusted_quantity,MISSING_VALUE,info,Valor ausente na extração
3578,3579,PLAS3,2026-09-07,open,MISSING_VALUE,info,Valor ausente na extração
3578,3579,PLAS3,2026-09-07,high,MISSING_VALUE,info,Valor ausente na extração
3578,3579,PLAS3,2026-09-07,low,MISSING_VALUE,info,Valor ausente na extração
3578,3579,PLAS3,2026-09-07,average,MISSING_VALUE,info,Valor ausente na extração
3578,3579,PLAS3,2026-09-07,raw_volume,MISSING_VALUE,info,Valor ausente na extração
3586,3587,PLAS3,2026-09-17,close,MISSING_VALUE,info,Valor ausente na extração
3586,3587,PLAS3,2026-09-17,adjusted_quantity,MISSING_VALUE,info,Valor ausente na extração
3586,3587,PLAS3,2026-09-17,open,MISSING_VALUE,info,Valor ausente na extração
3586,3587,PLAS3,2026-09-17,high,MISSING_VALUE,info,Valor ausente na extração
3586,3587,PLAS3,2026-09-17,low,MISSING_VALUE,info,Valor ausente na extração
3586,3587,PLAS3,2026-09-17,average,MISSING_VALUE,info,Valor ausente na extração
3586,3587,PLAS3,2026-09-17,raw_volume,MISSING_VALUE,info,Valor ausente na extração
3588,3589,PPAR3,2002-10-14,close,MISSING_VALUE,info,Valor ausente na extração
3588,3589,PPAR3,2002-10-14,adjusted_quantity,MISSING_VALUE,info,Valor ausente na extração
3588,3589,PPAR3,2002-10-14,open,MISSING_VALUE,info,Valor ausente na extração
3588,3589,PPAR3,2002-10-14,high,MISSING_VALUE,info,Valor ausente na extração
3588,3589,PPAR3,2002-10-14,low,MISSING_VALUE,info,Valor ausente na extração
3588,3589,PPAR3,2002-10-14,average,MISSING_VALUE,info,Valor ausente na extração
3588,3589,PPAR3,2002-10-14,raw_volume,MISSING_VALUE,info,Valor ausente na extração
3589,3590,PPAR3,2002-10-15,close,MISSING_VALUE,info,Valor ausente na extração
3589,3590,PPAR3,2002-10-15,adjusted_quantity,MISSING_VALUE,info,Valor ausente na extração
3589,3590,PPAR3,2002-10-15,open,MISSING_VALUE,info,Valor ausente na extração
3589,3590,PPAR3,2002-10-15,high,MISSING_VALUE,info,Valor ausente na extração
3589,3590,PPAR3,2002-10-15,low,MISSING_VALUE,info,Valor ausente na extração
3589,3590,PPAR3,2002-10-15,average,MISSING_VALUE,info,Valor ausente na extração
3589,3590,PPAR3,2002-10-15,raw_volume,MISSING_VALUE,info,Valor ausente na extração
3590,3591,PPAR3,2002-10-16,close,MISSING_VALUE,info,Valor ausente na extração
3590,3591,PPAR3,2002-10-16,adjusted_quantity,MISSING_VALUE,info,Valor ausente na extração
3590,3591,PPAR3,2002-10-16,open,MISSING_VALUE,info,Valor ausente na extração
3590,3591,PPAR3,2002-10-16,high,MISSING_VALUE,info,Valor ausente na extração
3590,3591,PPAR3,2002-10-16,low,MISSING_VALUE,info,Valor ausente na extração
3590,3591,PPAR3,2002-10-16,average,MISSING_VALUE,info,Valor ausente na extração
3590,3591,PPAR3,2002-10-16,raw_volume,MISSING_VALUE,info,Valor ausente na extração
3591,3592,PPAR3,2002-10-17,close,MISSING_VALUE,info,Valor ausente na extração
3591,3592,PPAR3,2002-10-17,adjusted_quantity,MISSING_VALUE,info,Valor ausente na extração
3591,3592,PPAR3,2002-10-17,open,MISSING_VALUE,info,Valor ausente na extração
3591,3592,PPAR3,2002-10-17,high,MISSING_VALUE,info,Valor ausente na extração
3591,3592,PPAR3,2002-10-17,low,MISSING_VALUE,info,Valor ausente na extração
3591,3592,PPAR3,2002-10-17,average,MISSING_VALUE,info,Valor ausente na extração
3591,3592,PPAR3,2002-10-17,raw_volume,MISSING_VALUE,info,Valor ausente na extração
3592,3593,PPAR3,2002-10-18,close,MISSING_VALUE,info,Valor ausente na extração
3592,3593,PPAR3,2002-10-18,adjusted_quantity,MISSING_VALUE,info,Valor ausente na extração
3592,3593,PPAR3,2002-10-18,open,MISSING_VALUE,info,Valor ausente na extração
3592,3593,PPAR3,2002-10-18,high,MISSING_VALUE,info,Valor ausente na extração
3592,3593,PPAR3,2002-10-18,low,MISSING_VALUE,info,Valor ausente na extração
3592,3593,PPAR3,2002-10-18,average,MISSING_VALUE,info,Valor ausente na extração
3592,3593,PPAR3,2002-10-18,raw_volume,MISSING_VALUE,info,Valor ausente na extração
3593,3594,PPAR3,2002-10-21,close,MISSING_VALUE,info,Valor ausente na extração
3593,3594,PPAR3,2002-10-21,adjusted_quantity,MISSING_VALUE,info,Valor ausente na extração
3593,3594,PPAR3,2002-10-21,open,MISSING_VALUE,info,Valor ausente na extração
3593,3594,PPAR3,2002-10-21,high,MISSING_VALUE,info,Valor ausente na extração
3593,3594,PPAR3,2002-10-21,low,MISSING_VALUE,info,Valor ausente na extração
3593,3594,PPAR3,2002-10-21,average,MISSING_VALUE,info,Valor ausente na extração
3593,3594,PPAR3,2002-10-21,raw_volume,MISSING_VALUE,info,Valor ausente na extração
3594,3595,PPAR3,2002-10-22,close,MISSING_VALUE,info,Valor ausente na extração
3594,3595,PPAR3,2002-10-22,adjusted_quantity,MISSING_VALUE,info,Valor ausente na extração
3594,3595,PPAR3,2002-10-22,open,MISSING_VALUE,info,Valor ausente na extração
3594,3595,PPAR3,2002-10-22,high,MISSING_VALUE,info,Valor ausente na extração
3594,3595,PPAR3,2002-10-22,low,MISSING_VALUE,info,Valor ausente na extração
3594,3595,PPAR3,2002-10-22,average,MISSING_VALUE,info,Valor ausente na extração
3594,3595,PPAR3,2002-10-22,raw_volume,MISSING_VALUE,info,Valor ausente na extração
3595,3596,PPAR3,2002-10-23,close,MISSING_VALUE,info,Valor ausente na extração
3595,3596,PPAR3,2002-10-23,adjusted_quantity,MISSING_VALUE,info,Valor ausente na extração
3595,3596,PPAR3,2002-10-23,open,MISSING_VALUE,info,Valor ausente na extração
3595,3596,PPAR3,2002-10-23,high,MISSING_VALUE,info,Valor ausente na extração
3595,3596,PPAR3,2002-10-23,low,MISSING_VALUE,info,Valor ausente na extração
3595,3596,PPAR3,2002-10-23,average,MISSING_VALUE,info,Valor ausente na extração
3595,3596,PPAR3,2002-10-23,raw_volume,MISSING_VALUE,info,Valor ausente na extração
3596,3597,PPAR3,2002-10-24,close,MISSING_VALUE,info,Valor ausente na extração
3596,3597,PPAR3,2002-10-24,adjusted_quantity,MISSING_VALUE,info,Valor ausente na extração
3596,3597,PPAR3,2002-10-24,open,MISSING_VALUE,info,Valor ausente na extração
3596,3597,PPAR3,2002-10-24,high,MISSING_VALUE,info,Valor ausente na extração
3596,3597,PPAR3,2002-10-24,low,MISSING_VALUE,info,Valor ausente na extração
3596,3597,PPAR3,2002-10-24,average,MISSING_VALUE,info,Valor ausente na extração
3596,3597,PPAR3,2002-10-24,raw_volume,MISSING_VALUE,info,Valor ausente na extração
3597,3598,PPAR3,2002-10-25,close,MISSING_VALUE,info,Valor ausente na extração
3597,3598,PPAR3,2002-10-25,adjusted_quantity,MISSING_VALUE,info,Valor ausente na extração
3597,3598,PPAR3,2002-10-25,open,MISSING_VALUE,info,Valor ausente na extração
3597,3598,PPAR3,2002-10-25,high,MISSING_VALUE,info,Valor ausente na extração
3597,3598,PPAR3,2002-10-25,low,MISSING_VALUE,info,Valor ausente na extração
3597,3598,PPAR3,2002-10-25,average,MISSING_VALUE,info,Valor ausente na extração
3597,3598,PPAR3,2002-10-25,raw_volume,MISSING_VALUE,info,Valor ausente na extração
3598,3599,PPAR3,2002-10-28,close,MISSING_VALUE,info,Valor ausente na extração
3598,3599,PPAR3,2002-10-28,open,MISSING_VALUE,info,Valor ausente na extração
3598,3599,PPAR3,2002-10-28,high,MISSING_VALUE,info,Valor ausente na extração
3598,3599,PPAR3,2002-10-28,low,MISSING_VALUE,info,Valor ausente na extração
3598,3599,PPAR3,2002-10-28,average,MISSING_VALUE,info,Valor ausente na extração
3599,3600,PSSA3,2026-09-07,close,MISSING_VALUE,info,Valor ausente na extração
3599,3600,PSSA3,2026-09-07,adjusted_quantity,MISSING_VALUE,info,Valor ausente na extração
3599,3600,PSSA3,2026-09-07,open,MISSING_VALUE,info,Valor ausente na extração
3599,3600,PSSA3,2026-09-07,high,MISSING_VALUE,info,Valor ausente na extração
3599,3600,PSSA3,2026-09-07,low,MISSING_VALUE,info,Valor ausente na extração
3599,3600,PSSA3,2026-09-07,average,MISSING_VALUE,info,Valor ausente na extração
3599,3600,PSSA3,2026-09-07,raw_volume,MISSING_VALUE,info,Valor ausente na extração
3610,3611,PTBL3,2026-09-07,close,MISSING_VALUE,info,Valor ausente na extração
3610,3611,PTBL3,2026-09-07,adjusted_quantity,MISSING_VALUE,info,Valor ausente na extração
3610,3611,PTBL3,2026-09-07,open,MISSING_VALUE,info,Valor ausente na extração
3610,3611,PTBL3,2026-09-07,high,MISSING_VALUE,info,Valor ausente na extração
3610,3611,PTBL3,2026-09-07,low,MISSING_VALUE,info,Valor ausente na extração
3610,3611,PTBL3,2026-09-07,average,MISSING_VALUE,info,Valor ausente na extração
3610,3611,PTBL3,2026-09-07,raw_volume,MISSING_VALUE,info,Valor ausente na extração
3621,3622,POSI3,2026-09-07,close,MISSING_VALUE,info,Valor ausente na extração
3621,3622,POSI3,2026-09-07,adjusted_quantity,MISSING_VALUE,info,Valor ausente na extração
3621,3622,POSI3,2026-09-07,open,MISSING_VALUE,info,Valor ausente na extração
3621,3622,POSI3,2026-09-07,high,MISSING_VALUE,info,Valor ausente na extração
3621,3622,POSI3,2026-09-07,low,MISSING_VALUE,info,Valor ausente na extração
3621,3622,POSI3,2026-09-07,average,MISSING_VALUE,info,Valor ausente na extração
3621,3622,POSI3,2026-09-07,raw_volume,MISSING_VALUE,info,Valor ausente na extração
3632,3633,PPLA11,2026-08-28,close,MISSING_VALUE,info,Valor ausente na extração
3632,3633,PPLA11,2026-08-28,adjusted_quantity,MISSING_VALUE,info,Valor ausente na extração
3632,3633,PPLA11,2026-08-28,open,MISSING_VALUE,info,Valor ausente na extração
3632,3633,PPLA11,2026-08-28,high,MISSING_VALUE,info,Valor ausente na extração
3632,3633,PPLA11,2026-08-28,low,MISSING_VALUE,info,Valor ausente na extração
3632,3633,PPLA11,2026-08-28,average,MISSING_VALUE,info,Valor ausente na extração
3632,3633,PPLA11,2026-08-28,raw_volume,MISSING_VALUE,info,Valor ausente na extração
3632,3633,PPLA11,2026-08-28,Ativo,INSTRUMENT_AMBIGUOUS,warning,Final 11 pode representar instrumentos distintos
3633,3634,PPLA11,2026-08-31,close,MISSING_VALUE,info,Valor ausente na extração
3633,3634,PPLA11,2026-08-31,adjusted_quantity,MISSING_VALUE,info,Valor ausente na extração
3633,3634,PPLA11,2026-08-31,open,MISSING_VALUE,info,Valor ausente na extração
3633,3634,PPLA11,2026-08-31,high,MISSING_VALUE,info,Valor ausente na extração
3633,3634,PPLA11,2026-08-31,low,MISSING_VALUE,info,Valor ausente na extração
3633,3634,PPLA11,2026-08-31,average,MISSING_VALUE,info,Valor ausente na extração
3633,3634,PPLA11,2026-08-31,raw_volume,MISSING_VALUE,info,Valor ausente na extração
3633,3634,PPLA11,2026-08-31,Ativo,INSTRUMENT_AMBIGUOUS,warning,Final 11 pode representar instrumentos distintos
3634,3635,PPLA11,2026-09-01,close,MISSING_VALUE,info,Valor ausente na extração
3634,3635,PPLA11,2026-09-01,adjusted_quantity,MISSING_VALUE,info,Valor ausente na extração
3634,3635,PPLA11,2026-09-01,open,MISSING_VALUE,info,Valor ausente na extração
3634,3635,PPLA11,2026-09-01,high,MISSING_VALUE,info,Valor ausente na extração
3634,3635,PPLA11,2026-09-01,low,MISSING_VALUE,info,Valor ausente na extração
3634,3635,PPLA11,2026-09-01,average,MISSING_VALUE,info,Valor ausente na extração
3634,3635,PPLA11,2026-09-01,raw_volume,MISSING_VALUE,info,Valor ausente na extração
3634,3635,PPLA11,2026-09-01,Ativo,INSTRUMENT_AMBIGUOUS,warning,Final 11 pode representar instrumentos distintos
3635,3636,PPLA11,2026-09-02,close,MISSING_VALUE,info,Valor ausente na extração
3635,3636,PPLA11,2026-09-02,adjusted_quantity,MISSING_VALUE,info,Valor ausente na extração
3635,3636,PPLA11,2026-09-02,open,MISSING_VALUE,info,Valor ausente na extração
3635,3636,PPLA11,2026-09-02,high,MISSING_VALUE,info,Valor ausente na extração
3635,3636,PPLA11,2026-09-02,low,MISSING_VALUE,info,Valor ausente na extração
3635,3636,PPLA11,2026-09-02,average,MISSING_VALUE,info,Valor ausente na extração
3635,3636,PPLA11,2026-09-02,raw_volume,MISSING_VALUE,info,Valor ausente na extração
3635,3636,PPLA11,2026-09-02,Ativo,INSTRUMENT_AMBIGUOUS,warning,Final 11 pode representar instrumentos distintos
3636,3637,PPLA11,2026-09-03,close,MISSING_VALUE,info,Valor ausente na extração
3636,3637,PPLA11,2026-09-03,adjusted_quantity,MISSING_VALUE,info,Valor ausente na extração
3636,3637,PPLA11,2026-09-03,open,MISSING_VALUE,info,Valor ausente na extração
3636,3637,PPLA11,2026-09-03,high,MISSING_VALUE,info,Valor ausente na extração
3636,3637,PPLA11,2026-09-03,low,MISSING_VALUE,info,Valor ausente na extração
3636,3637,PPLA11,2026-09-03,average,MISSING_VALUE,info,Valor ausente na extração
3636,3637,PPLA11,2026-09-03,raw_volume,MISSING_VALUE,info,Valor ausente na extração
3636,3637,PPLA11,2026-09-03,Ativo,INSTRUMENT_AMBIGUOUS,warning,Final 11 pode representar instrumentos distintos
3637,3638,PPLA11,2026-09-04,close,MISSING_VALUE,info,Valor ausente na extração
3637,3638,PPLA11,2026-09-04,adjusted_quantity,MISSING_VALUE,info,Valor ausente na extração
3637,3638,PPLA11,2026-09-04,open,MISSING_VALUE,info,Valor ausente na extração
3637,3638,PPLA11,2026-09-04,high,MISSING_VALUE,info,Valor ausente na extração
3637,3638,PPLA11,2026-09-04,low,MISSING_VALUE,info,Valor ausente na extração
3637,3638,PPLA11,2026-09-04,average,MISSING_VALUE,info,Valor ausente na extração
3637,3638,PPLA11,2026-09-04,raw_volume,MISSING_VALUE,info,Valor ausente na extração
3637,3638,PPLA11,2026-09-04,Ativo,INSTRUMENT_AMBIGUOUS,warning,Final 11 pode representar instrumentos distintos
3638,3639,PPLA11,2026-09-07,close,MISSING_VALUE,info,Valor ausente na extração
3638,3639,PPLA11,2026-09-07,adjusted_quantity,MISSING_VALUE,info,Valor ausente na extração
3638,3639,PPLA11,2026-09-07,open,MISSING_VALUE,info,Valor ausente na extração
3638,3639,PPLA11,2026-09-07,high,MISSING_VALUE,info,Valor ausente na extração
3638,3639,PPLA11,2026-09-07,low,MISSING_VALUE,info,Valor ausente na extração
3638,3639,PPLA11,2026-09-07,average,MISSING_VALUE,info,Valor ausente na extração
3638,3639,PPLA11,2026-09-07,raw_volume,MISSING_VALUE,info,Valor ausente na extração
3638,3639,PPLA11,2026-09-07,Ativo,INSTRUMENT_AMBIGUOUS,warning,Final 11 pode representar instrumentos distintos
3639,3640,PPLA11,2026-09-08,close,MISSING_VALUE,info,Valor ausente na extração
3639,3640,PPLA11,2026-09-08,adjusted_quantity,MISSING_VALUE,info,Valor ausente na extração
3639,3640,PPLA11,2026-09-08,open,MISSING_VALUE,info,Valor ausente na extração
3639,3640,PPLA11,2026-09-08,high,MISSING_VALUE,info,Valor ausente na extração
3639,3640,PPLA11,2026-09-08,low,MISSING_VALUE,info,Valor ausente na extração
3639,3640,PPLA11,2026-09-08,average,MISSING_VALUE,info,Valor ausente na extração
3639,3640,PPLA11,2026-09-08,raw_volume,MISSING_VALUE,info,Valor ausente na extração
3639,3640,PPLA11,2026-09-08,Ativo,INSTRUMENT_AMBIGUOUS,warning,Final 11 pode representar instrumentos distintos
3640,3641,PPLA11,2026-09-09,close,MISSING_VALUE,info,Valor ausente na extração
3640,3641,PPLA11,2026-09-09,adjusted_quantity,MISSING_VALUE,info,Valor ausente na extração
3640,3641,PPLA11,2026-09-09,open,MISSING_VALUE,info,Valor ausente na extração
3640,3641,PPLA11,2026-09-09,high,MISSING_VALUE,info,Valor ausente na extração
3640,3641,PPLA11,2026-09-09,low,MISSING_VALUE,info,Valor ausente na extração
3640,3641,PPLA11,2026-09-09,average,MISSING_VALUE,info,Valor ausente na extração
3640,3641,PPLA11,2026-09-09,raw_volume,MISSING_VALUE,info,Valor ausente na extração
3640,3641,PPLA11,2026-09-09,Ativo,INSTRUMENT_AMBIGUOUS,warning,Final 11 pode representar instrumentos distintos
3641,3642,PPLA11,2026-09-10,close,MISSING_VALUE,info,Valor ausente na extração
3641,3642,PPLA11,2026-09-10,adjusted_quantity,MISSING_VALUE,info,Valor ausente na extração
3641,3642,PPLA11,2026-09-10,open,MISSING_VALUE,info,Valor ausente na extração
3641,3642,PPLA11,2026-09-10,high,MISSING_VALUE,info,Valor ausente na extração
3641,3642,PPLA11,2026-09-10,low,MISSING_VALUE,info,Valor ausente na extração
3641,3642,PPLA11,2026-09-10,average,MISSING_VALUE,info,Valor ausente na extração
3641,3642,PPLA11,2026-09-10,raw_volume,MISSING_VALUE,info,Valor ausente na extração
3641,3642,PPLA11,2026-09-10,Ativo,INSTRUMENT_AMBIGUOUS,warning,Final 11 pode representar instrumentos distintos
3642,3643,PPLA11,2026-09-11,Ativo,INSTRUMENT_AMBIGUOUS,warning,Final 11 pode representar instrumentos distintos
3643,3644,PTCA3,1920-01-02,close,MISSING_VALUE,info,Valor ausente na extração
3643,3644,PTCA3,1920-01-02,adjusted_quantity,MISSING_VALUE,info,Valor ausente na extração
3643,3644,PTCA3,1920-01-02,open,MISSING_VALUE,info,Valor ausente na extração
3643,3644,PTCA3,1920-01-02,high,MISSING_VALUE,info,Valor ausente na extração
3643,3644,PTCA3,1920-01-02,low,MISSING_VALUE,info,Valor ausente na extração
3643,3644,PTCA3,1920-01-02,average,MISSING_VALUE,info,Valor ausente na extração
3643,3644,PTCA3,1920-01-02,raw_volume,MISSING_VALUE,info,Valor ausente na extração
3644,3645,PRNR3,2026-09-07,close,MISSING_VALUE,info,Valor ausente na extração
3644,3645,PRNR3,2026-09-07,adjusted_quantity,MISSING_VALUE,info,Valor ausente na extração
3644,3645,PRNR3,2026-09-07,open,MISSING_VALUE,info,Valor ausente na extração
3644,3645,PRNR3,2026-09-07,high,MISSING_VALUE,info,Valor ausente na extração
3644,3645,PRNR3,2026-09-07,low,MISSING_VALUE,info,Valor ausente na extração
3644,3645,PRNR3,2026-09-07,average,MISSING_VALUE,info,Valor ausente na extração
3644,3645,PRNR3,2026-09-07,raw_volume,MISSING_VALUE,info,Valor ausente na extração
3655,3656,PFRM3,2026-09-07,close,MISSING_VALUE,info,Valor ausente na extração
3655,3656,PFRM3,2026-09-07,adjusted_quantity,MISSING_VALUE,info,Valor ausente na extração
3655,3656,PFRM3,2026-09-07,open,MISSING_VALUE,info,Valor ausente na extração
3655,3656,PFRM3,2026-09-07,high,MISSING_VALUE,info,Valor ausente na extração
3655,3656,PFRM3,2026-09-07,low,MISSING_VALUE,info,Valor ausente na extração
3655,3656,PFRM3,2026-09-07,average,MISSING_VALUE,info,Valor ausente na extração
3655,3656,PFRM3,2026-09-07,raw_volume,MISSING_VALUE,info,Valor ausente na extração
3666,3667,PRPT3,1920-01-02,close,MISSING_VALUE,info,Valor ausente na extração
3666,3667,PRPT3,1920-01-02,adjusted_quantity,MISSING_VALUE,info,Valor ausente na extração
3666,3667,PRPT3,1920-01-02,open,MISSING_VALUE,info,Valor ausente na extração
3666,3667,PRPT3,1920-01-02,high,MISSING_VALUE,info,Valor ausente na extração
3666,3667,PRPT3,1920-01-02,low,MISSING_VALUE,info,Valor ausente na extração
3666,3667,PRPT3,1920-01-02,average,MISSING_VALUE,info,Valor ausente na extração
3666,3667,PRPT3,1920-01-02,raw_volume,MISSING_VALUE,info,Valor ausente na extração
3667,3668,QUAL3,2026-09-07,close,MISSING_VALUE,info,Valor ausente na extração
3667,3668,QUAL3,2026-09-07,adjusted_quantity,MISSING_VALUE,info,Valor ausente na extração
3667,3668,QUAL3,2026-09-07,open,MISSING_VALUE,info,Valor ausente na extração
3667,3668,QUAL3,2026-09-07,high,MISSING_VALUE,info,Valor ausente na extração
3667,3668,QUAL3,2026-09-07,low,MISSING_VALUE,info,Valor ausente na extração
3667,3668,QUAL3,2026-09-07,average,MISSING_VALUE,info,Valor ausente na extração
3667,3668,QUAL3,2026-09-07,raw_volume,MISSING_VALUE,info,Valor ausente na extração
3678,3679,QUSW3,1920-01-02,close,MISSING_VALUE,info,Valor ausente na extração
3678,3679,QUSW3,1920-01-02,adjusted_quantity,MISSING_VALUE,info,Valor ausente na extração
3678,3679,QUSW3,1920-01-02,open,MISSING_VALUE,info,Valor ausente na extração
3678,3679,QUSW3,1920-01-02,high,MISSING_VALUE,info,Valor ausente na extração
3678,3679,QUSW3,1920-01-02,low,MISSING_VALUE,info,Valor ausente na extração
3678,3679,QUSW3,1920-01-02,average,MISSING_VALUE,info,Valor ausente na extração
3678,3679,QUSW3,1920-01-02,raw_volume,MISSING_VALUE,info,Valor ausente na extração
3679,3680,LJQQ3,2026-09-07,close,MISSING_VALUE,info,Valor ausente na extração
3679,3680,LJQQ3,2026-09-07,adjusted_quantity,MISSING_VALUE,info,Valor ausente na extração
3679,3680,LJQQ3,2026-09-07,open,MISSING_VALUE,info,Valor ausente na extração
3679,3680,LJQQ3,2026-09-07,high,MISSING_VALUE,info,Valor ausente na extração
3679,3680,LJQQ3,2026-09-07,low,MISSING_VALUE,info,Valor ausente na extração
3679,3680,LJQQ3,2026-09-07,average,MISSING_VALUE,info,Valor ausente na extração
3679,3680,LJQQ3,2026-09-07,raw_volume,MISSING_VALUE,info,Valor ausente na extração
3690,3691,RADL3,2026-09-07,close,MISSING_VALUE,info,Valor ausente na extração
3690,3691,RADL3,2026-09-07,adjusted_quantity,MISSING_VALUE,info,Valor ausente na extração
3690,3691,RADL3,2026-09-07,open,MISSING_VALUE,info,Valor ausente na extração
3690,3691,RADL3,2026-09-07,high,MISSING_VALUE,info,Valor ausente na extração
3690,3691,RADL3,2026-09-07,low,MISSING_VALUE,info,Valor ausente na extração
3690,3691,RADL3,2026-09-07,average,MISSING_VALUE,info,Valor ausente na extração
3690,3691,RADL3,2026-09-07,raw_volume,MISSING_VALUE,info,Valor ausente na extração
3701,3702,RAIZ4,2026-09-07,close,MISSING_VALUE,info,Valor ausente na extração
3701,3702,RAIZ4,2026-09-07,adjusted_quantity,MISSING_VALUE,info,Valor ausente na extração
3701,3702,RAIZ4,2026-09-07,open,MISSING_VALUE,info,Valor ausente na extração
3701,3702,RAIZ4,2026-09-07,high,MISSING_VALUE,info,Valor ausente na extração
3701,3702,RAIZ4,2026-09-07,low,MISSING_VALUE,info,Valor ausente na extração
3701,3702,RAIZ4,2026-09-07,average,MISSING_VALUE,info,Valor ausente na extração
3701,3702,RAIZ4,2026-09-07,raw_volume,MISSING_VALUE,info,Valor ausente na extração
3712,3713,RAPT3,2026-09-07,close,MISSING_VALUE,info,Valor ausente na extração
3712,3713,RAPT3,2026-09-07,adjusted_quantity,MISSING_VALUE,info,Valor ausente na extração
3712,3713,RAPT3,2026-09-07,open,MISSING_VALUE,info,Valor ausente na extração
3712,3713,RAPT3,2026-09-07,high,MISSING_VALUE,info,Valor ausente na extração
3712,3713,RAPT3,2026-09-07,low,MISSING_VALUE,info,Valor ausente na extração
3712,3713,RAPT3,2026-09-07,average,MISSING_VALUE,info,Valor ausente na extração
3712,3713,RAPT3,2026-09-07,raw_volume,MISSING_VALUE,info,Valor ausente na extração
3723,3724,RAPT4,2026-09-07,close,MISSING_VALUE,info,Valor ausente na extração
3723,3724,RAPT4,2026-09-07,adjusted_quantity,MISSING_VALUE,info,Valor ausente na extração
3723,3724,RAPT4,2026-09-07,open,MISSING_VALUE,info,Valor ausente na extração
3723,3724,RAPT4,2026-09-07,high,MISSING_VALUE,info,Valor ausente na extração
3723,3724,RAPT4,2026-09-07,low,MISSING_VALUE,info,Valor ausente na extração
3723,3724,RAPT4,2026-09-07,average,MISSING_VALUE,info,Valor ausente na extração
3723,3724,RAPT4,2026-09-07,raw_volume,MISSING_VALUE,info,Valor ausente na extração
3734,3735,CCTY3,2026-09-04,close,MISSING_VALUE,info,Valor ausente na extração
3734,3735,CCTY3,2026-09-04,adjusted_quantity,MISSING_VALUE,info,Valor ausente na extração
3734,3735,CCTY3,2026-09-04,open,MISSING_VALUE,info,Valor ausente na extração
3734,3735,CCTY3,2026-09-04,high,MISSING_VALUE,info,Valor ausente na extração
3734,3735,CCTY3,2026-09-04,low,MISSING_VALUE,info,Valor ausente na extração
3734,3735,CCTY3,2026-09-04,average,MISSING_VALUE,info,Valor ausente na extração
3734,3735,CCTY3,2026-09-04,raw_volume,MISSING_VALUE,info,Valor ausente na extração
3735,3736,CCTY3,2026-09-07,close,MISSING_VALUE,info,Valor ausente na extração
3735,3736,CCTY3,2026-09-07,adjusted_quantity,MISSING_VALUE,info,Valor ausente na extração
3735,3736,CCTY3,2026-09-07,open,MISSING_VALUE,info,Valor ausente na extração
3735,3736,CCTY3,2026-09-07,high,MISSING_VALUE,info,Valor ausente na extração
3735,3736,CCTY3,2026-09-07,low,MISSING_VALUE,info,Valor ausente na extração
3735,3736,CCTY3,2026-09-07,average,MISSING_VALUE,info,Valor ausente na extração
3735,3736,CCTY3,2026-09-07,raw_volume,MISSING_VALUE,info,Valor ausente na extração
3736,3737,CCTY3,2026-09-08,close,MISSING_VALUE,info,Valor ausente na extração
3736,3737,CCTY3,2026-09-08,adjusted_quantity,MISSING_VALUE,info,Valor ausente na extração
3736,3737,CCTY3,2026-09-08,open,MISSING_VALUE,info,Valor ausente na extração
3736,3737,CCTY3,2026-09-08,high,MISSING_VALUE,info,Valor ausente na extração
3736,3737,CCTY3,2026-09-08,low,MISSING_VALUE,info,Valor ausente na extração
3736,3737,CCTY3,2026-09-08,average,MISSING_VALUE,info,Valor ausente na extração
3736,3737,CCTY3,2026-09-08,raw_volume,MISSING_VALUE,info,Valor ausente na extração
3737,3738,CCTY3,2026-09-09,close,MISSING_VALUE,info,Valor ausente na extração
3737,3738,CCTY3,2026-09-09,adjusted_quantity,MISSING_VALUE,info,Valor ausente na extração
3737,3738,CCTY3,2026-09-09,open,MISSING_VALUE,info,Valor ausente na extração
3737,3738,CCTY3,2026-09-09,high,MISSING_VALUE,info,Valor ausente na extração
3737,3738,CCTY3,2026-09-09,low,MISSING_VALUE,info,Valor ausente na extração
3737,3738,CCTY3,2026-09-09,average,MISSING_VALUE,info,Valor ausente na extração
3737,3738,CCTY3,2026-09-09,raw_volume,MISSING_VALUE,info,Valor ausente na extração
3738,3739,CCTY3,2026-09-10,close,MISSING_VALUE,info,Valor ausente na extração
3738,3739,CCTY3,2026-09-10,adjusted_quantity,MISSING_VALUE,info,Valor ausente na extração
3738,3739,CCTY3,2026-09-10,open,MISSING_VALUE,info,Valor ausente na extração
3738,3739,CCTY3,2026-09-10,high,MISSING_VALUE,info,Valor ausente na extração
3738,3739,CCTY3,2026-09-10,low,MISSING_VALUE,info,Valor ausente na extração
3738,3739,CCTY3,2026-09-10,average,MISSING_VALUE,info,Valor ausente na extração
3738,3739,CCTY3,2026-09-10,raw_volume,MISSING_VALUE,info,Valor ausente na extração
3739,3740,CCTY3,2026-09-11,close,MISSING_VALUE,info,Valor ausente na extração
3739,3740,CCTY3,2026-09-11,adjusted_quantity,MISSING_VALUE,info,Valor ausente na extração
3739,3740,CCTY3,2026-09-11,open,MISSING_VALUE,info,Valor ausente na extração
3739,3740,CCTY3,2026-09-11,high,MISSING_VALUE,info,Valor ausente na extração
3739,3740,CCTY3,2026-09-11,low,MISSING_VALUE,info,Valor ausente na extração
3739,3740,CCTY3,2026-09-11,average,MISSING_VALUE,info,Valor ausente na extração
3739,3740,CCTY3,2026-09-11,raw_volume,MISSING_VALUE,info,Valor ausente na extração
3741,3742,CCTY3,2026-09-15,close,MISSING_VALUE,info,Valor ausente na extração
3741,3742,CCTY3,2026-09-15,adjusted_quantity,MISSING_VALUE,info,Valor ausente na extração
3741,3742,CCTY3,2026-09-15,open,MISSING_VALUE,info,Valor ausente na extração
3741,3742,CCTY3,2026-09-15,high,MISSING_VALUE,info,Valor ausente na extração
3741,3742,CCTY3,2026-09-15,low,MISSING_VALUE,info,Valor ausente na extração
3741,3742,CCTY3,2026-09-15,average,MISSING_VALUE,info,Valor ausente na extração
3741,3742,CCTY3,2026-09-15,raw_volume,MISSING_VALUE,info,Valor ausente na extração
3742,3743,CCTY3,2026-09-16,close,MISSING_VALUE,info,Valor ausente na extração
3742,3743,CCTY3,2026-09-16,adjusted_quantity,MISSING_VALUE,info,Valor ausente na extração
3742,3743,CCTY3,2026-09-16,open,MISSING_VALUE,info,Valor ausente na extração
3742,3743,CCTY3,2026-09-16,high,MISSING_VALUE,info,Valor ausente na extração
3742,3743,CCTY3,2026-09-16,low,MISSING_VALUE,info,Valor ausente na extração
3742,3743,CCTY3,2026-09-16,average,MISSING_VALUE,info,Valor ausente na extração
3742,3743,CCTY3,2026-09-16,raw_volume,MISSING_VALUE,info,Valor ausente na extração
3743,3744,CCTY3,2026-09-17,close,MISSING_VALUE,info,Valor ausente na extração
3743,3744,CCTY3,2026-09-17,adjusted_quantity,MISSING_VALUE,info,Valor ausente na extração
3743,3744,CCTY3,2026-09-17,open,MISSING_VALUE,info,Valor ausente na extração
3743,3744,CCTY3,2026-09-17,high,MISSING_VALUE,info,Valor ausente na extração
3743,3744,CCTY3,2026-09-17,low,MISSING_VALUE,info,Valor ausente na extração
3743,3744,CCTY3,2026-09-17,average,MISSING_VALUE,info,Valor ausente na extração
3743,3744,CCTY3,2026-09-17,raw_volume,MISSING_VALUE,info,Valor ausente na extração
3745,3746,RCSL3,2026-09-07,close,MISSING_VALUE,info,Valor ausente na extração
3745,3746,RCSL3,2026-09-07,adjusted_quantity,MISSING_VALUE,info,Valor ausente na extração
3745,3746,RCSL3,2026-09-07,open,MISSING_VALUE,info,Valor ausente na extração
3745,3746,RCSL3,2026-09-07,high,MISSING_VALUE,info,Valor ausente na extração
3745,3746,RCSL3,2026-09-07,low,MISSING_VALUE,info,Valor ausente na extração
3745,3746,RCSL3,2026-09-07,average,MISSING_VALUE,info,Valor ausente na extração
3745,3746,RCSL3,2026-09-07,raw_volume,MISSING_VALUE,info,Valor ausente na extração
3756,3757,RCSL4,2026-09-07,close,MISSING_VALUE,info,Valor ausente na extração
3756,3757,RCSL4,2026-09-07,adjusted_quantity,MISSING_VALUE,info,Valor ausente na extração
3756,3757,RCSL4,2026-09-07,open,MISSING_VALUE,info,Valor ausente na extração
3756,3757,RCSL4,2026-09-07,high,MISSING_VALUE,info,Valor ausente na extração
3756,3757,RCSL4,2026-09-07,low,MISSING_VALUE,info,Valor ausente na extração
3756,3757,RCSL4,2026-09-07,average,MISSING_VALUE,info,Valor ausente na extração
3756,3757,RCSL4,2026-09-07,raw_volume,MISSING_VALUE,info,Valor ausente na extração
3767,3768,RDOR3,2026-09-07,close,MISSING_VALUE,info,Valor ausente na extração
3767,3768,RDOR3,2026-09-07,adjusted_quantity,MISSING_VALUE,info,Valor ausente na extração
3767,3768,RDOR3,2026-09-07,open,MISSING_VALUE,info,Valor ausente na extração
3767,3768,RDOR3,2026-09-07,high,MISSING_VALUE,info,Valor ausente na extração
3767,3768,RDOR3,2026-09-07,low,MISSING_VALUE,info,Valor ausente na extração
3767,3768,RDOR3,2026-09-07,average,MISSING_VALUE,info,Valor ausente na extração
3767,3768,RDOR3,2026-09-07,raw_volume,MISSING_VALUE,info,Valor ausente na extração
3778,3779,REDE3,2026-09-07,close,MISSING_VALUE,info,Valor ausente na extração
3778,3779,REDE3,2026-09-07,adjusted_quantity,MISSING_VALUE,info,Valor ausente na extração
3778,3779,REDE3,2026-09-07,open,MISSING_VALUE,info,Valor ausente na extração
3778,3779,REDE3,2026-09-07,high,MISSING_VALUE,info,Valor ausente na extração
3778,3779,REDE3,2026-09-07,low,MISSING_VALUE,info,Valor ausente na extração
3778,3779,REDE3,2026-09-07,average,MISSING_VALUE,info,Valor ausente na extração
3778,3779,REDE3,2026-09-07,raw_volume,MISSING_VALUE,info,Valor ausente na extração
3786,3787,REDE3,2026-09-17,close,MISSING_VALUE,info,Valor ausente na extração
3786,3787,REDE3,2026-09-17,adjusted_quantity,MISSING_VALUE,info,Valor ausente na extração
3786,3787,REDE3,2026-09-17,open,MISSING_VALUE,info,Valor ausente na extração
3786,3787,REDE3,2026-09-17,high,MISSING_VALUE,info,Valor ausente na extração
3786,3787,REDE3,2026-09-17,low,MISSING_VALUE,info,Valor ausente na extração
3786,3787,REDE3,2026-09-17,average,MISSING_VALUE,info,Valor ausente na extração
3786,3787,REDE3,2026-09-17,raw_volume,MISSING_VALUE,info,Valor ausente na extração
3789,3790,RNEW3,2026-09-07,close,MISSING_VALUE,info,Valor ausente na extração
3789,3790,RNEW3,2026-09-07,adjusted_quantity,MISSING_VALUE,info,Valor ausente na extração
3789,3790,RNEW3,2026-09-07,open,MISSING_VALUE,info,Valor ausente na extração
3789,3790,RNEW3,2026-09-07,high,MISSING_VALUE,info,Valor ausente na extração
3789,3790,RNEW3,2026-09-07,low,MISSING_VALUE,info,Valor ausente na extração
3789,3790,RNEW3,2026-09-07,average,MISSING_VALUE,info,Valor ausente na extração
3789,3790,RNEW3,2026-09-07,raw_volume,MISSING_VALUE,info,Valor ausente na extração
3800,3801,RNEW4,2026-09-07,close,MISSING_VALUE,info,Valor ausente na extração
3800,3801,RNEW4,2026-09-07,adjusted_quantity,MISSING_VALUE,info,Valor ausente na extração
3800,3801,RNEW4,2026-09-07,open,MISSING_VALUE,info,Valor ausente na extração
3800,3801,RNEW4,2026-09-07,high,MISSING_VALUE,info,Valor ausente na extração
3800,3801,RNEW4,2026-09-07,low,MISSING_VALUE,info,Valor ausente na extração
3800,3801,RNEW4,2026-09-07,average,MISSING_VALUE,info,Valor ausente na extração
3800,3801,RNEW4,2026-09-07,raw_volume,MISSING_VALUE,info,Valor ausente na extração
3811,3812,RNEW11,2025-09-10,Ativo,INSTRUMENT_AMBIGUOUS,warning,Final 11 pode representar instrumentos distintos
3812,3813,RNEW11,2025-09-11,Ativo,INSTRUMENT_AMBIGUOUS,warning,Final 11 pode representar instrumentos distintos
3813,3814,RNEW11,2025-09-12,Ativo,INSTRUMENT_AMBIGUOUS,warning,Final 11 pode representar instrumentos distintos
3814,3815,RNEW11,2025-09-15,Ativo,INSTRUMENT_AMBIGUOUS,warning,Final 11 pode representar instrumentos distintos
3815,3816,RNEW11,2025-09-16,Ativo,INSTRUMENT_AMBIGUOUS,warning,Final 11 pode representar instrumentos distintos
3816,3817,RNEW11,2025-09-17,Ativo,INSTRUMENT_AMBIGUOUS,warning,Final 11 pode representar instrumentos distintos
3817,3818,RNEW11,2025-09-18,Ativo,INSTRUMENT_AMBIGUOUS,warning,Final 11 pode representar instrumentos distintos
3818,3819,RNEW11,2025-09-19,Ativo,INSTRUMENT_AMBIGUOUS,warning,Final 11 pode representar instrumentos distintos
3819,3820,RNEW11,2025-09-22,close,MISSING_VALUE,info,Valor ausente na extração
3819,3820,RNEW11,2025-09-22,adjusted_quantity,MISSING_VALUE,info,Valor ausente na extração
3819,3820,RNEW11,2025-09-22,open,MISSING_VALUE,info,Valor ausente na extração
3819,3820,RNEW11,2025-09-22,high,MISSING_VALUE,info,Valor ausente na extração
3819,3820,RNEW11,2025-09-22,low,MISSING_VALUE,info,Valor ausente na extração
3819,3820,RNEW11,2025-09-22,average,MISSING_VALUE,info,Valor ausente na extração
3819,3820,RNEW11,2025-09-22,raw_volume,MISSING_VALUE,info,Valor ausente na extração
3819,3820,RNEW11,2025-09-22,Ativo,INSTRUMENT_AMBIGUOUS,warning,Final 11 pode representar instrumentos distintos
3820,3821,RNEW11,2025-09-23,Ativo,INSTRUMENT_AMBIGUOUS,warning,Final 11 pode representar instrumentos distintos
3821,3822,RNEW11,2025-09-24,Ativo,INSTRUMENT_AMBIGUOUS,warning,Final 11 pode representar instrumentos distintos
3822,3823,RVEE3,2026-09-07,close,MISSING_VALUE,info,Valor ausente na extração
3822,3823,RVEE3,2026-09-07,adjusted_quantity,MISSING_VALUE,info,Valor ausente na extração
3822,3823,RVEE3,2026-09-07,open,MISSING_VALUE,info,Valor ausente na extração
3822,3823,RVEE3,2026-09-07,high,MISSING_VALUE,info,Valor ausente na extração
3822,3823,RVEE3,2026-09-07,low,MISSING_VALUE,info,Valor ausente na extração
3822,3823,RVEE3,2026-09-07,average,MISSING_VALUE,info,Valor ausente na extração
3822,3823,RVEE3,2026-09-07,raw_volume,MISSING_VALUE,info,Valor ausente na extração
3824,3825,RVEE3,2026-09-09,close,MISSING_VALUE,info,Valor ausente na extração
3824,3825,RVEE3,2026-09-09,adjusted_quantity,MISSING_VALUE,info,Valor ausente na extração
3824,3825,RVEE3,2026-09-09,open,MISSING_VALUE,info,Valor ausente na extração
3824,3825,RVEE3,2026-09-09,high,MISSING_VALUE,info,Valor ausente na extração
3824,3825,RVEE3,2026-09-09,low,MISSING_VALUE,info,Valor ausente na extração
3824,3825,RVEE3,2026-09-09,average,MISSING_VALUE,info,Valor ausente na extração
3824,3825,RVEE3,2026-09-09,raw_volume,MISSING_VALUE,info,Valor ausente na extração
3830,3831,RVEE3,2026-09-17,close,MISSING_VALUE,info,Valor ausente na extração
3830,3831,RVEE3,2026-09-17,adjusted_quantity,MISSING_VALUE,info,Valor ausente na extração
3830,3831,RVEE3,2026-09-17,open,MISSING_VALUE,info,Valor ausente na extração
3830,3831,RVEE3,2026-09-17,high,MISSING_VALUE,info,Valor ausente na extração
3830,3831,RVEE3,2026-09-17,low,MISSING_VALUE,info,Valor ausente na extração
3830,3831,RVEE3,2026-09-17,average,MISSING_VALUE,info,Valor ausente na extração
3830,3831,RVEE3,2026-09-17,raw_volume,MISSING_VALUE,info,Valor ausente na extração
3831,3832,RVEE3,2026-09-18,close,MISSING_VALUE,info,Valor ausente na extração
3831,3832,RVEE3,2026-09-18,adjusted_quantity,MISSING_VALUE,info,Valor ausente na extração
3831,3832,RVEE3,2026-09-18,open,MISSING_VALUE,info,Valor ausente na extração
3831,3832,RVEE3,2026-09-18,high,MISSING_VALUE,info,Valor ausente na extração
3831,3832,RVEE3,2026-09-18,low,MISSING_VALUE,info,Valor ausente na extração
3831,3832,RVEE3,2026-09-18,average,MISSING_VALUE,info,Valor ausente na extração
3831,3832,RVEE3,2026-09-18,raw_volume,MISSING_VALUE,info,Valor ausente na extração
3833,3834,RIAA3,2026-09-07,close,MISSING_VALUE,info,Valor ausente na extração
3833,3834,RIAA3,2026-09-07,adjusted_quantity,MISSING_VALUE,info,Valor ausente na extração
3833,3834,RIAA3,2026-09-07,open,MISSING_VALUE,info,Valor ausente na extração
3833,3834,RIAA3,2026-09-07,high,MISSING_VALUE,info,Valor ausente na extração
3833,3834,RIAA3,2026-09-07,low,MISSING_VALUE,info,Valor ausente na extração
3833,3834,RIAA3,2026-09-07,average,MISSING_VALUE,info,Valor ausente na extração
3833,3834,RIAA3,2026-09-07,raw_volume,MISSING_VALUE,info,Valor ausente na extração
3844,3845,RSUL3,1920-01-02,close,MISSING_VALUE,info,Valor ausente na extração
3844,3845,RSUL3,1920-01-02,adjusted_quantity,MISSING_VALUE,info,Valor ausente na extração
3844,3845,RSUL3,1920-01-02,open,MISSING_VALUE,info,Valor ausente na extração
3844,3845,RSUL3,1920-01-02,high,MISSING_VALUE,info,Valor ausente na extração
3844,3845,RSUL3,1920-01-02,low,MISSING_VALUE,info,Valor ausente na extração
3844,3845,RSUL3,1920-01-02,average,MISSING_VALUE,info,Valor ausente na extração
3844,3845,RSUL3,1920-01-02,raw_volume,MISSING_VALUE,info,Valor ausente na extração
3845,3846,RSUL4,2026-09-07,close,MISSING_VALUE,info,Valor ausente na extração
3845,3846,RSUL4,2026-09-07,adjusted_quantity,MISSING_VALUE,info,Valor ausente na extração
3845,3846,RSUL4,2026-09-07,open,MISSING_VALUE,info,Valor ausente na extração
3845,3846,RSUL4,2026-09-07,high,MISSING_VALUE,info,Valor ausente na extração
3845,3846,RSUL4,2026-09-07,low,MISSING_VALUE,info,Valor ausente na extração
3845,3846,RSUL4,2026-09-07,average,MISSING_VALUE,info,Valor ausente na extração
3845,3846,RSUL4,2026-09-07,raw_volume,MISSING_VALUE,info,Valor ausente na extração
3856,3857,RBNS11,1920-01-02,close,MISSING_VALUE,info,Valor ausente na extração
3856,3857,RBNS11,1920-01-02,adjusted_quantity,MISSING_VALUE,info,Valor ausente na extração
3856,3857,RBNS11,1920-01-02,open,MISSING_VALUE,info,Valor ausente na extração
3856,3857,RBNS11,1920-01-02,high,MISSING_VALUE,info,Valor ausente na extração
3856,3857,RBNS11,1920-01-02,low,MISSING_VALUE,info,Valor ausente na extração
3856,3857,RBNS11,1920-01-02,average,MISSING_VALUE,info,Valor ausente na extração
3856,3857,RBNS11,1920-01-02,raw_volume,MISSING_VALUE,info,Valor ausente na extração
3856,3857,RBNS11,1920-01-02,Ativo,INSTRUMENT_AMBIGUOUS,warning,Final 11 pode representar instrumentos distintos
3857,3858,ROMI3,2026-09-07,close,MISSING_VALUE,info,Valor ausente na extração
3857,3858,ROMI3,2026-09-07,adjusted_quantity,MISSING_VALUE,info,Valor ausente na extração
3857,3858,ROMI3,2026-09-07,open,MISSING_VALUE,info,Valor ausente na extração
3857,3858,ROMI3,2026-09-07,high,MISSING_VALUE,info,Valor ausente na extração
3857,3858,ROMI3,2026-09-07,low,MISSING_VALUE,info,Valor ausente na extração
3857,3858,ROMI3,2026-09-07,average,MISSING_VALUE,info,Valor ausente na extração
3857,3858,ROMI3,2026-09-07,raw_volume,MISSING_VALUE,info,Valor ausente na extração
3879,3880,RAIL3,2026-09-07,close,MISSING_VALUE,info,Valor ausente na extração
3879,3880,RAIL3,2026-09-07,adjusted_quantity,MISSING_VALUE,info,Valor ausente na extração
3879,3880,RAIL3,2026-09-07,open,MISSING_VALUE,info,Valor ausente na extração
3879,3880,RAIL3,2026-09-07,high,MISSING_VALUE,info,Valor ausente na extração
3879,3880,RAIL3,2026-09-07,low,MISSING_VALUE,info,Valor ausente na extração
3879,3880,RAIL3,2026-09-07,average,MISSING_VALUE,info,Valor ausente na extração
3879,3880,RAIL3,2026-09-07,raw_volume,MISSING_VALUE,info,Valor ausente na extração
3890,3891,SBSP3,2026-09-07,close,MISSING_VALUE,info,Valor ausente na extração
3890,3891,SBSP3,2026-09-07,adjusted_quantity,MISSING_VALUE,info,Valor ausente na extração
3890,3891,SBSP3,2026-09-07,open,MISSING_VALUE,info,Valor ausente na extração
3890,3891,SBSP3,2026-09-07,high,MISSING_VALUE,info,Valor ausente na extração
3890,3891,SBSP3,2026-09-07,low,MISSING_VALUE,info,Valor ausente na extração
3890,3891,SBSP3,2026-09-07,average,MISSING_VALUE,info,Valor ausente na extração
3890,3891,SBSP3,2026-09-07,raw_volume,MISSING_VALUE,info,Valor ausente na extração
3901,3902,SAPR3,2026-09-07,close,MISSING_VALUE,info,Valor ausente na extração
3901,3902,SAPR3,2026-09-07,adjusted_quantity,MISSING_VALUE,info,Valor ausente na extração
3901,3902,SAPR3,2026-09-07,open,MISSING_VALUE,info,Valor ausente na extração
3901,3902,SAPR3,2026-09-07,high,MISSING_VALUE,info,Valor ausente na extração
3901,3902,SAPR3,2026-09-07,low,MISSING_VALUE,info,Valor ausente na extração
3901,3902,SAPR3,2026-09-07,average,MISSING_VALUE,info,Valor ausente na extração
3901,3902,SAPR3,2026-09-07,raw_volume,MISSING_VALUE,info,Valor ausente na extração
3912,3913,SAPR4,2026-09-07,close,MISSING_VALUE,info,Valor ausente na extração
3912,3913,SAPR4,2026-09-07,adjusted_quantity,MISSING_VALUE,info,Valor ausente na extração
3912,3913,SAPR4,2026-09-07,open,MISSING_VALUE,info,Valor ausente na extração
3912,3913,SAPR4,2026-09-07,high,MISSING_VALUE,info,Valor ausente na extração
3912,3913,SAPR4,2026-09-07,low,MISSING_VALUE,info,Valor ausente na extração
3912,3913,SAPR4,2026-09-07,average,MISSING_VALUE,info,Valor ausente na extração
3912,3913,SAPR4,2026-09-07,raw_volume,MISSING_VALUE,info,Valor ausente na extração
3923,3924,SAPR11,2026-09-07,close,MISSING_VALUE,info,Valor ausente na extração
3923,3924,SAPR11,2026-09-07,adjusted_quantity,MISSING_VALUE,info,Valor ausente na extração
3923,3924,SAPR11,2026-09-07,open,MISSING_VALUE,info,Valor ausente na extração
3923,3924,SAPR11,2026-09-07,high,MISSING_VALUE,info,Valor ausente na extração
3923,3924,SAPR11,2026-09-07,low,MISSING_VALUE,info,Valor ausente na extração
3923,3924,SAPR11,2026-09-07,average,MISSING_VALUE,info,Valor ausente na extração
3923,3924,SAPR11,2026-09-07,raw_volume,MISSING_VALUE,info,Valor ausente na extração
3923,3924,SAPR11,2026-09-07,Ativo,INSTRUMENT_AMBIGUOUS,warning,Final 11 pode representar instrumentos distintos
3924,3925,SAPR11,2026-09-08,Ativo,INSTRUMENT_AMBIGUOUS,warning,Final 11 pode representar instrumentos distintos
3925,3926,SAPR11,2026-09-09,Ativo,INSTRUMENT_AMBIGUOUS,warning,Final 11 pode representar instrumentos distintos
3926,3927,SAPR11,2026-09-10,Ativo,INSTRUMENT_AMBIGUOUS,warning,Final 11 pode representar instrumentos distintos
3927,3928,SAPR11,2026-09-11,Ativo,INSTRUMENT_AMBIGUOUS,warning,Final 11 pode representar instrumentos distintos
3928,3929,SAPR11,2026-09-14,Ativo,INSTRUMENT_AMBIGUOUS,warning,Final 11 pode representar instrumentos distintos
3929,3930,SAPR11,2026-09-15,Ativo,INSTRUMENT_AMBIGUOUS,warning,Final 11 pode representar instrumentos distintos
3930,3931,SAPR11,2026-09-16,Ativo,INSTRUMENT_AMBIGUOUS,warning,Final 11 pode representar instrumentos distintos
3931,3932,SAPR11,2026-09-17,Ativo,INSTRUMENT_AMBIGUOUS,warning,Final 11 pode representar instrumentos distintos
3932,3933,SAPR11,2026-09-18,Ativo,INSTRUMENT_AMBIGUOUS,warning,Final 11 pode representar instrumentos distintos
3933,3934,SAPR11,2026-09-21,Ativo,INSTRUMENT_AMBIGUOUS,warning,Final 11 pode representar instrumentos distintos
3934,3935,SNSY3,2026-06-25,close,MISSING_VALUE,info,Valor ausente na extração
3934,3935,SNSY3,2026-06-25,adjusted_quantity,MISSING_VALUE,info,Valor ausente na extração
3934,3935,SNSY3,2026-06-25,open,MISSING_VALUE,info,Valor ausente na extração
3934,3935,SNSY3,2026-06-25,high,MISSING_VALUE,info,Valor ausente na extração
3934,3935,SNSY3,2026-06-25,low,MISSING_VALUE,info,Valor ausente na extração
3934,3935,SNSY3,2026-06-25,average,MISSING_VALUE,info,Valor ausente na extração
3934,3935,SNSY3,2026-06-25,raw_volume,MISSING_VALUE,info,Valor ausente na extração
3935,3936,SNSY3,2026-06-26,close,MISSING_VALUE,info,Valor ausente na extração
3935,3936,SNSY3,2026-06-26,adjusted_quantity,MISSING_VALUE,info,Valor ausente na extração
3935,3936,SNSY3,2026-06-26,open,MISSING_VALUE,info,Valor ausente na extração
3935,3936,SNSY3,2026-06-26,high,MISSING_VALUE,info,Valor ausente na extração
3935,3936,SNSY3,2026-06-26,low,MISSING_VALUE,info,Valor ausente na extração
3935,3936,SNSY3,2026-06-26,average,MISSING_VALUE,info,Valor ausente na extração
3935,3936,SNSY3,2026-06-26,raw_volume,MISSING_VALUE,info,Valor ausente na extração
3936,3937,SNSY3,2026-06-29,close,MISSING_VALUE,info,Valor ausente na extração
3936,3937,SNSY3,2026-06-29,adjusted_quantity,MISSING_VALUE,info,Valor ausente na extração
3936,3937,SNSY3,2026-06-29,open,MISSING_VALUE,info,Valor ausente na extração
3936,3937,SNSY3,2026-06-29,high,MISSING_VALUE,info,Valor ausente na extração
3936,3937,SNSY3,2026-06-29,low,MISSING_VALUE,info,Valor ausente na extração
3936,3937,SNSY3,2026-06-29,average,MISSING_VALUE,info,Valor ausente na extração
3936,3937,SNSY3,2026-06-29,raw_volume,MISSING_VALUE,info,Valor ausente na extração
3937,3938,SNSY3,2026-06-30,close,MISSING_VALUE,info,Valor ausente na extração
3937,3938,SNSY3,2026-06-30,adjusted_quantity,MISSING_VALUE,info,Valor ausente na extração
3937,3938,SNSY3,2026-06-30,open,MISSING_VALUE,info,Valor ausente na extração
3937,3938,SNSY3,2026-06-30,high,MISSING_VALUE,info,Valor ausente na extração
3937,3938,SNSY3,2026-06-30,low,MISSING_VALUE,info,Valor ausente na extração
3937,3938,SNSY3,2026-06-30,average,MISSING_VALUE,info,Valor ausente na extração
3937,3938,SNSY3,2026-06-30,raw_volume,MISSING_VALUE,info,Valor ausente na extração
3938,3939,SNSY3,2026-07-01,close,MISSING_VALUE,info,Valor ausente na extração
3938,3939,SNSY3,2026-07-01,adjusted_quantity,MISSING_VALUE,info,Valor ausente na extração
3938,3939,SNSY3,2026-07-01,open,MISSING_VALUE,info,Valor ausente na extração
3938,3939,SNSY3,2026-07-01,high,MISSING_VALUE,info,Valor ausente na extração
3938,3939,SNSY3,2026-07-01,low,MISSING_VALUE,info,Valor ausente na extração
3938,3939,SNSY3,2026-07-01,average,MISSING_VALUE,info,Valor ausente na extração
3938,3939,SNSY3,2026-07-01,raw_volume,MISSING_VALUE,info,Valor ausente na extração
3940,3941,SNSY3,2026-07-03,close,MISSING_VALUE,info,Valor ausente na extração
3940,3941,SNSY3,2026-07-03,adjusted_quantity,MISSING_VALUE,info,Valor ausente na extração
3940,3941,SNSY3,2026-07-03,open,MISSING_VALUE,info,Valor ausente na extração
3940,3941,SNSY3,2026-07-03,high,MISSING_VALUE,info,Valor ausente na extração
3940,3941,SNSY3,2026-07-03,low,MISSING_VALUE,info,Valor ausente na extração
3940,3941,SNSY3,2026-07-03,average,MISSING_VALUE,info,Valor ausente na extração
3940,3941,SNSY3,2026-07-03,raw_volume,MISSING_VALUE,info,Valor ausente na extração
3941,3942,SNSY3,2026-07-06,close,MISSING_VALUE,info,Valor ausente na extração
3941,3942,SNSY3,2026-07-06,adjusted_quantity,MISSING_VALUE,info,Valor ausente na extração
3941,3942,SNSY3,2026-07-06,open,MISSING_VALUE,info,Valor ausente na extração
3941,3942,SNSY3,2026-07-06,high,MISSING_VALUE,info,Valor ausente na extração
3941,3942,SNSY3,2026-07-06,low,MISSING_VALUE,info,Valor ausente na extração
3941,3942,SNSY3,2026-07-06,average,MISSING_VALUE,info,Valor ausente na extração
3941,3942,SNSY3,2026-07-06,raw_volume,MISSING_VALUE,info,Valor ausente na extração
3942,3943,SNSY3,2026-07-07,close,MISSING_VALUE,info,Valor ausente na extração
3942,3943,SNSY3,2026-07-07,adjusted_quantity,MISSING_VALUE,info,Valor ausente na extração
3942,3943,SNSY3,2026-07-07,open,MISSING_VALUE,info,Valor ausente na extração
3942,3943,SNSY3,2026-07-07,high,MISSING_VALUE,info,Valor ausente na extração
3942,3943,SNSY3,2026-07-07,low,MISSING_VALUE,info,Valor ausente na extração
3942,3943,SNSY3,2026-07-07,average,MISSING_VALUE,info,Valor ausente na extração
3942,3943,SNSY3,2026-07-07,raw_volume,MISSING_VALUE,info,Valor ausente na extração
3945,3946,SNSY5,2026-09-07,close,MISSING_VALUE,info,Valor ausente na extração
3945,3946,SNSY5,2026-09-07,adjusted_quantity,MISSING_VALUE,info,Valor ausente na extração
3945,3946,SNSY5,2026-09-07,open,MISSING_VALUE,info,Valor ausente na extração
3945,3946,SNSY5,2026-09-07,high,MISSING_VALUE,info,Valor ausente na extração
3945,3946,SNSY5,2026-09-07,low,MISSING_VALUE,info,Valor ausente na extração
3945,3946,SNSY5,2026-09-07,average,MISSING_VALUE,info,Valor ausente na extração
3945,3946,SNSY5,2026-09-07,raw_volume,MISSING_VALUE,info,Valor ausente na extração
3947,3948,SNSY5,2026-09-09,close,MISSING_VALUE,info,Valor ausente na extração
3947,3948,SNSY5,2026-09-09,adjusted_quantity,MISSING_VALUE,info,Valor ausente na extração
3947,3948,SNSY5,2026-09-09,open,MISSING_VALUE,info,Valor ausente na extração
3947,3948,SNSY5,2026-09-09,high,MISSING_VALUE,info,Valor ausente na extração
3947,3948,SNSY5,2026-09-09,low,MISSING_VALUE,info,Valor ausente na extração
3947,3948,SNSY5,2026-09-09,average,MISSING_VALUE,info,Valor ausente na extração
3947,3948,SNSY5,2026-09-09,raw_volume,MISSING_VALUE,info,Valor ausente na extração
3953,3954,SNSY5,2026-09-17,close,MISSING_VALUE,info,Valor ausente na extração
3953,3954,SNSY5,2026-09-17,adjusted_quantity,MISSING_VALUE,info,Valor ausente na extração
3953,3954,SNSY5,2026-09-17,open,MISSING_VALUE,info,Valor ausente na extração
3953,3954,SNSY5,2026-09-17,high,MISSING_VALUE,info,Valor ausente na extração
3953,3954,SNSY5,2026-09-17,low,MISSING_VALUE,info,Valor ausente na extração
3953,3954,SNSY5,2026-09-17,average,MISSING_VALUE,info,Valor ausente na extração
3953,3954,SNSY5,2026-09-17,raw_volume,MISSING_VALUE,info,Valor ausente na extração
3956,3957,SNSY6,2020-08-11,close,MISSING_VALUE,info,Valor ausente na extração
3956,3957,SNSY6,2020-08-11,adjusted_quantity,MISSING_VALUE,info,Valor ausente na extração
3956,3957,SNSY6,2020-08-11,open,MISSING_VALUE,info,Valor ausente na extração
3956,3957,SNSY6,2020-08-11,high,MISSING_VALUE,info,Valor ausente na extração
3956,3957,SNSY6,2020-08-11,low,MISSING_VALUE,info,Valor ausente na extração
3956,3957,SNSY6,2020-08-11,average,MISSING_VALUE,info,Valor ausente na extração
3956,3957,SNSY6,2020-08-11,raw_volume,MISSING_VALUE,info,Valor ausente na extração
3957,3958,SNSY6,2020-08-12,close,MISSING_VALUE,info,Valor ausente na extração
3957,3958,SNSY6,2020-08-12,adjusted_quantity,MISSING_VALUE,info,Valor ausente na extração
3957,3958,SNSY6,2020-08-12,open,MISSING_VALUE,info,Valor ausente na extração
3957,3958,SNSY6,2020-08-12,high,MISSING_VALUE,info,Valor ausente na extração
3957,3958,SNSY6,2020-08-12,low,MISSING_VALUE,info,Valor ausente na extração
3957,3958,SNSY6,2020-08-12,average,MISSING_VALUE,info,Valor ausente na extração
3957,3958,SNSY6,2020-08-12,raw_volume,MISSING_VALUE,info,Valor ausente na extração
3958,3959,SNSY6,2020-08-13,close,MISSING_VALUE,info,Valor ausente na extração
3958,3959,SNSY6,2020-08-13,adjusted_quantity,MISSING_VALUE,info,Valor ausente na extração
3958,3959,SNSY6,2020-08-13,open,MISSING_VALUE,info,Valor ausente na extração
3958,3959,SNSY6,2020-08-13,high,MISSING_VALUE,info,Valor ausente na extração
3958,3959,SNSY6,2020-08-13,low,MISSING_VALUE,info,Valor ausente na extração
3958,3959,SNSY6,2020-08-13,average,MISSING_VALUE,info,Valor ausente na extração
3958,3959,SNSY6,2020-08-13,raw_volume,MISSING_VALUE,info,Valor ausente na extração
3959,3960,SNSY6,2020-08-14,close,MISSING_VALUE,info,Valor ausente na extração
3959,3960,SNSY6,2020-08-14,adjusted_quantity,MISSING_VALUE,info,Valor ausente na extração
3959,3960,SNSY6,2020-08-14,open,MISSING_VALUE,info,Valor ausente na extração
3959,3960,SNSY6,2020-08-14,high,MISSING_VALUE,info,Valor ausente na extração
3959,3960,SNSY6,2020-08-14,low,MISSING_VALUE,info,Valor ausente na extração
3959,3960,SNSY6,2020-08-14,average,MISSING_VALUE,info,Valor ausente na extração
3959,3960,SNSY6,2020-08-14,raw_volume,MISSING_VALUE,info,Valor ausente na extração
3960,3961,SNSY6,2020-08-17,close,MISSING_VALUE,info,Valor ausente na extração
3960,3961,SNSY6,2020-08-17,adjusted_quantity,MISSING_VALUE,info,Valor ausente na extração
3960,3961,SNSY6,2020-08-17,open,MISSING_VALUE,info,Valor ausente na extração
3960,3961,SNSY6,2020-08-17,high,MISSING_VALUE,info,Valor ausente na extração
3960,3961,SNSY6,2020-08-17,low,MISSING_VALUE,info,Valor ausente na extração
3960,3961,SNSY6,2020-08-17,average,MISSING_VALUE,info,Valor ausente na extração
3960,3961,SNSY6,2020-08-17,raw_volume,MISSING_VALUE,info,Valor ausente na extração
3961,3962,SNSY6,2020-08-18,close,MISSING_VALUE,info,Valor ausente na extração
3961,3962,SNSY6,2020-08-18,adjusted_quantity,MISSING_VALUE,info,Valor ausente na extração
3961,3962,SNSY6,2020-08-18,open,MISSING_VALUE,info,Valor ausente na extração
3961,3962,SNSY6,2020-08-18,high,MISSING_VALUE,info,Valor ausente na extração
3961,3962,SNSY6,2020-08-18,low,MISSING_VALUE,info,Valor ausente na extração
3961,3962,SNSY6,2020-08-18,average,MISSING_VALUE,info,Valor ausente na extração
3961,3962,SNSY6,2020-08-18,raw_volume,MISSING_VALUE,info,Valor ausente na extração
3963,3964,SNSY6,2020-08-20,close,MISSING_VALUE,info,Valor ausente na extração
3963,3964,SNSY6,2020-08-20,adjusted_quantity,MISSING_VALUE,info,Valor ausente na extração
3963,3964,SNSY6,2020-08-20,open,MISSING_VALUE,info,Valor ausente na extração
3963,3964,SNSY6,2020-08-20,high,MISSING_VALUE,info,Valor ausente na extração
3963,3964,SNSY6,2020-08-20,low,MISSING_VALUE,info,Valor ausente na extração
3963,3964,SNSY6,2020-08-20,average,MISSING_VALUE,info,Valor ausente na extração
3963,3964,SNSY6,2020-08-20,raw_volume,MISSING_VALUE,info,Valor ausente na extração
3964,3965,SNSY6,2020-08-21,close,MISSING_VALUE,info,Valor ausente na extração
3964,3965,SNSY6,2020-08-21,adjusted_quantity,MISSING_VALUE,info,Valor ausente na extração
3964,3965,SNSY6,2020-08-21,open,MISSING_VALUE,info,Valor ausente na extração
3964,3965,SNSY6,2020-08-21,high,MISSING_VALUE,info,Valor ausente na extração
3964,3965,SNSY6,2020-08-21,low,MISSING_VALUE,info,Valor ausente na extração
3964,3965,SNSY6,2020-08-21,average,MISSING_VALUE,info,Valor ausente na extração
3964,3965,SNSY6,2020-08-21,raw_volume,MISSING_VALUE,info,Valor ausente na extração
3967,3968,SANB3,2026-09-07,close,MISSING_VALUE,info,Valor ausente na extração
3967,3968,SANB3,2026-09-07,adjusted_quantity,MISSING_VALUE,info,Valor ausente na extração
3967,3968,SANB3,2026-09-07,open,MISSING_VALUE,info,Valor ausente na extração
3967,3968,SANB3,2026-09-07,high,MISSING_VALUE,info,Valor ausente na extração
3967,3968,SANB3,2026-09-07,low,MISSING_VALUE,info,Valor ausente na extração
3967,3968,SANB3,2026-09-07,average,MISSING_VALUE,info,Valor ausente na extração
3967,3968,SANB3,2026-09-07,raw_volume,MISSING_VALUE,info,Valor ausente na extração
3978,3979,SANB4,2026-09-07,close,MISSING_VALUE,info,Valor ausente na extração
3978,3979,SANB4,2026-09-07,adjusted_quantity,MISSING_VALUE,info,Valor ausente na extração
3978,3979,SANB4,2026-09-07,open,MISSING_VALUE,info,Valor ausente na extração
3978,3979,SANB4,2026-09-07,high,MISSING_VALUE,info,Valor ausente na extração
3978,3979,SANB4,2026-09-07,low,MISSING_VALUE,info,Valor ausente na extração
3978,3979,SANB4,2026-09-07,average,MISSING_VALUE,info,Valor ausente na extração
3978,3979,SANB4,2026-09-07,raw_volume,MISSING_VALUE,info,Valor ausente na extração
3989,3990,SANB11,2026-09-07,close,MISSING_VALUE,info,Valor ausente na extração
3989,3990,SANB11,2026-09-07,adjusted_quantity,MISSING_VALUE,info,Valor ausente na extração
3989,3990,SANB11,2026-09-07,open,MISSING_VALUE,info,Valor ausente na extração
3989,3990,SANB11,2026-09-07,high,MISSING_VALUE,info,Valor ausente na extração
3989,3990,SANB11,2026-09-07,low,MISSING_VALUE,info,Valor ausente na extração
3989,3990,SANB11,2026-09-07,average,MISSING_VALUE,info,Valor ausente na extração
3989,3990,SANB11,2026-09-07,raw_volume,MISSING_VALUE,info,Valor ausente na extração
3989,3990,SANB11,2026-09-07,Ativo,INSTRUMENT_AMBIGUOUS,warning,Final 11 pode representar instrumentos distintos
3990,3991,SANB11,2026-09-08,Ativo,INSTRUMENT_AMBIGUOUS,warning,Final 11 pode representar instrumentos distintos
3991,3992,SANB11,2026-09-09,Ativo,INSTRUMENT_AMBIGUOUS,warning,Final 11 pode representar instrumentos distintos
3992,3993,SANB11,2026-09-10,Ativo,INSTRUMENT_AMBIGUOUS,warning,Final 11 pode representar instrumentos distintos
3993,3994,SANB11,2026-09-11,Ativo,INSTRUMENT_AMBIGUOUS,warning,Final 11 pode representar instrumentos distintos
3994,3995,SANB11,2026-09-14,Ativo,INSTRUMENT_AMBIGUOUS,warning,Final 11 pode representar instrumentos distintos
3995,3996,SANB11,2026-09-15,Ativo,INSTRUMENT_AMBIGUOUS,warning,Final 11 pode representar instrumentos distintos
3996,3997,SANB11,2026-09-16,Ativo,INSTRUMENT_AMBIGUOUS,warning,Final 11 pode representar instrumentos distintos
3997,3998,SANB11,2026-09-17,Ativo,INSTRUMENT_AMBIGUOUS,warning,Final 11 pode representar instrumentos distintos
3998,3999,SANB11,2026-09-18,Ativo,INSTRUMENT_AMBIGUOUS,warning,Final 11 pode representar instrumentos distintos
3999,4000,SANB11,2026-09-21,Ativo,INSTRUMENT_AMBIGUOUS,warning,Final 11 pode representar instrumentos distintos
4000,4001,CTSA3,2026-05-04,close,MISSING_VALUE,info,Valor ausente na extração
4000,4001,CTSA3,2026-05-04,adjusted_quantity,MISSING_VALUE,info,Valor ausente na extração
4000,4001,CTSA3,2026-05-04,open,MISSING_VALUE,info,Valor ausente na extração
4000,4001,CTSA3,2026-05-04,high,MISSING_VALUE,info,Valor ausente na extração
4000,4001,CTSA3,2026-05-04,low,MISSING_VALUE,info,Valor ausente na extração
4000,4001,CTSA3,2026-05-04,average,MISSING_VALUE,info,Valor ausente na extração
4000,4001,CTSA3,2026-05-04,raw_volume,MISSING_VALUE,info,Valor ausente na extração
4002,4003,CTSA3,2026-05-06,close,MISSING_VALUE,info,Valor ausente na extração
4002,4003,CTSA3,2026-05-06,adjusted_quantity,MISSING_VALUE,info,Valor ausente na extração
4002,4003,CTSA3,2026-05-06,open,MISSING_VALUE,info,Valor ausente na extração
4002,4003,CTSA3,2026-05-06,high,MISSING_VALUE,info,Valor ausente na extração
4002,4003,CTSA3,2026-05-06,low,MISSING_VALUE,info,Valor ausente na extração
4002,4003,CTSA3,2026-05-06,average,MISSING_VALUE,info,Valor ausente na extração
4002,4003,CTSA3,2026-05-06,raw_volume,MISSING_VALUE,info,Valor ausente na extração
4003,4004,CTSA3,2026-05-07,close,MISSING_VALUE,info,Valor ausente na extração
4003,4004,CTSA3,2026-05-07,adjusted_quantity,MISSING_VALUE,info,Valor ausente na extração
4003,4004,CTSA3,2026-05-07,open,MISSING_VALUE,info,Valor ausente na extração
4003,4004,CTSA3,2026-05-07,high,MISSING_VALUE,info,Valor ausente na extração
4003,4004,CTSA3,2026-05-07,low,MISSING_VALUE,info,Valor ausente na extração
4003,4004,CTSA3,2026-05-07,average,MISSING_VALUE,info,Valor ausente na extração
4003,4004,CTSA3,2026-05-07,raw_volume,MISSING_VALUE,info,Valor ausente na extração
4004,4005,CTSA3,2026-05-08,close,MISSING_VALUE,info,Valor ausente na extração
4004,4005,CTSA3,2026-05-08,adjusted_quantity,MISSING_VALUE,info,Valor ausente na extração
4004,4005,CTSA3,2026-05-08,open,MISSING_VALUE,info,Valor ausente na extração
4004,4005,CTSA3,2026-05-08,high,MISSING_VALUE,info,Valor ausente na extração
4004,4005,CTSA3,2026-05-08,low,MISSING_VALUE,info,Valor ausente na extração
4004,4005,CTSA3,2026-05-08,average,MISSING_VALUE,info,Valor ausente na extração
4004,4005,CTSA3,2026-05-08,raw_volume,MISSING_VALUE,info,Valor ausente na extração
4005,4006,CTSA3,2026-05-11,close,MISSING_VALUE,info,Valor ausente na extração
4005,4006,CTSA3,2026-05-11,adjusted_quantity,MISSING_VALUE,info,Valor ausente na extração
4005,4006,CTSA3,2026-05-11,open,MISSING_VALUE,info,Valor ausente na extração
4005,4006,CTSA3,2026-05-11,high,MISSING_VALUE,info,Valor ausente na extração
4005,4006,CTSA3,2026-05-11,low,MISSING_VALUE,info,Valor ausente na extração
4005,4006,CTSA3,2026-05-11,average,MISSING_VALUE,info,Valor ausente na extração
4005,4006,CTSA3,2026-05-11,raw_volume,MISSING_VALUE,info,Valor ausente na extração
4006,4007,CTSA3,2026-05-12,close,MISSING_VALUE,info,Valor ausente na extração
4006,4007,CTSA3,2026-05-12,adjusted_quantity,MISSING_VALUE,info,Valor ausente na extração
4006,4007,CTSA3,2026-05-12,open,MISSING_VALUE,info,Valor ausente na extração
4006,4007,CTSA3,2026-05-12,high,MISSING_VALUE,info,Valor ausente na extração
4006,4007,CTSA3,2026-05-12,low,MISSING_VALUE,info,Valor ausente na extração
4006,4007,CTSA3,2026-05-12,average,MISSING_VALUE,info,Valor ausente na extração
4006,4007,CTSA3,2026-05-12,raw_volume,MISSING_VALUE,info,Valor ausente na extração
4009,4010,CTSA3,2026-05-15,close,MISSING_VALUE,info,Valor ausente na extração
4009,4010,CTSA3,2026-05-15,adjusted_quantity,MISSING_VALUE,info,Valor ausente na extração
4009,4010,CTSA3,2026-05-15,open,MISSING_VALUE,info,Valor ausente na extração
4009,4010,CTSA3,2026-05-15,high,MISSING_VALUE,info,Valor ausente na extração
4009,4010,CTSA3,2026-05-15,low,MISSING_VALUE,info,Valor ausente na extração
4009,4010,CTSA3,2026-05-15,average,MISSING_VALUE,info,Valor ausente na extração
4009,4010,CTSA3,2026-05-15,raw_volume,MISSING_VALUE,info,Valor ausente na extração
4011,4012,CTSA4,2026-05-01,close,MISSING_VALUE,info,Valor ausente na extração
4011,4012,CTSA4,2026-05-01,adjusted_quantity,MISSING_VALUE,info,Valor ausente na extração
4011,4012,CTSA4,2026-05-01,open,MISSING_VALUE,info,Valor ausente na extração
4011,4012,CTSA4,2026-05-01,high,MISSING_VALUE,info,Valor ausente na extração
4011,4012,CTSA4,2026-05-01,low,MISSING_VALUE,info,Valor ausente na extração
4011,4012,CTSA4,2026-05-01,average,MISSING_VALUE,info,Valor ausente na extração
4011,4012,CTSA4,2026-05-01,raw_volume,MISSING_VALUE,info,Valor ausente na extração
4013,4014,CTSA4,2026-05-05,close,MISSING_VALUE,info,Valor ausente na extração
4013,4014,CTSA4,2026-05-05,adjusted_quantity,MISSING_VALUE,info,Valor ausente na extração
4013,4014,CTSA4,2026-05-05,open,MISSING_VALUE,info,Valor ausente na extração
4013,4014,CTSA4,2026-05-05,high,MISSING_VALUE,info,Valor ausente na extração
4013,4014,CTSA4,2026-05-05,low,MISSING_VALUE,info,Valor ausente na extração
4013,4014,CTSA4,2026-05-05,average,MISSING_VALUE,info,Valor ausente na extração
4013,4014,CTSA4,2026-05-05,raw_volume,MISSING_VALUE,info,Valor ausente na extração
4014,4015,CTSA4,2026-05-06,close,MISSING_VALUE,info,Valor ausente na extração
4014,4015,CTSA4,2026-05-06,adjusted_quantity,MISSING_VALUE,info,Valor ausente na extração
4014,4015,CTSA4,2026-05-06,open,MISSING_VALUE,info,Valor ausente na extração
4014,4015,CTSA4,2026-05-06,high,MISSING_VALUE,info,Valor ausente na extração
4014,4015,CTSA4,2026-05-06,low,MISSING_VALUE,info,Valor ausente na extração
4014,4015,CTSA4,2026-05-06,average,MISSING_VALUE,info,Valor ausente na extração
4014,4015,CTSA4,2026-05-06,raw_volume,MISSING_VALUE,info,Valor ausente na extração
4017,4018,CTSA4,2026-05-11,close,MISSING_VALUE,info,Valor ausente na extração
4017,4018,CTSA4,2026-05-11,adjusted_quantity,MISSING_VALUE,info,Valor ausente na extração
4017,4018,CTSA4,2026-05-11,open,MISSING_VALUE,info,Valor ausente na extração
4017,4018,CTSA4,2026-05-11,high,MISSING_VALUE,info,Valor ausente na extração
4017,4018,CTSA4,2026-05-11,low,MISSING_VALUE,info,Valor ausente na extração
4017,4018,CTSA4,2026-05-11,average,MISSING_VALUE,info,Valor ausente na extração
4017,4018,CTSA4,2026-05-11,raw_volume,MISSING_VALUE,info,Valor ausente na extração
4018,4019,CTSA4,2026-05-12,close,MISSING_VALUE,info,Valor ausente na extração
4018,4019,CTSA4,2026-05-12,adjusted_quantity,MISSING_VALUE,info,Valor ausente na extração
4018,4019,CTSA4,2026-05-12,open,MISSING_VALUE,info,Valor ausente na extração
4018,4019,CTSA4,2026-05-12,high,MISSING_VALUE,info,Valor ausente na extração
4018,4019,CTSA4,2026-05-12,low,MISSING_VALUE,info,Valor ausente na extração
4018,4019,CTSA4,2026-05-12,average,MISSING_VALUE,info,Valor ausente na extração
4018,4019,CTSA4,2026-05-12,raw_volume,MISSING_VALUE,info,Valor ausente na extração
4019,4020,CTSA4,2026-05-13,close,MISSING_VALUE,info,Valor ausente na extração
4019,4020,CTSA4,2026-05-13,adjusted_quantity,MISSING_VALUE,info,Valor ausente na extração
4019,4020,CTSA4,2026-05-13,open,MISSING_VALUE,info,Valor ausente na extração
4019,4020,CTSA4,2026-05-13,high,MISSING_VALUE,info,Valor ausente na extração
4019,4020,CTSA4,2026-05-13,low,MISSING_VALUE,info,Valor ausente na extração
4019,4020,CTSA4,2026-05-13,average,MISSING_VALUE,info,Valor ausente na extração
4019,4020,CTSA4,2026-05-13,raw_volume,MISSING_VALUE,info,Valor ausente na extração
4022,4023,SCAR3,2026-09-07,close,MISSING_VALUE,info,Valor ausente na extração
4022,4023,SCAR3,2026-09-07,adjusted_quantity,MISSING_VALUE,info,Valor ausente na extração
4022,4023,SCAR3,2026-09-07,open,MISSING_VALUE,info,Valor ausente na extração
4022,4023,SCAR3,2026-09-07,high,MISSING_VALUE,info,Valor ausente na extração
4022,4023,SCAR3,2026-09-07,low,MISSING_VALUE,info,Valor ausente na extração
4022,4023,SCAR3,2026-09-07,average,MISSING_VALUE,info,Valor ausente na extração
4022,4023,SCAR3,2026-09-07,raw_volume,MISSING_VALUE,info,Valor ausente na extração
4033,4034,SMTO3,2026-09-07,close,MISSING_VALUE,info,Valor ausente na extração
4033,4034,SMTO3,2026-09-07,adjusted_quantity,MISSING_VALUE,info,Valor ausente na extração
4033,4034,SMTO3,2026-09-07,open,MISSING_VALUE,info,Valor ausente na extração
4033,4034,SMTO3,2026-09-07,high,MISSING_VALUE,info,Valor ausente na extração
4033,4034,SMTO3,2026-09-07,low,MISSING_VALUE,info,Valor ausente na extração
4033,4034,SMTO3,2026-09-07,average,MISSING_VALUE,info,Valor ausente na extração
4033,4034,SMTO3,2026-09-07,raw_volume,MISSING_VALUE,info,Valor ausente na extração
4044,4045,SHUL3,2022-08-29,close,MISSING_VALUE,info,Valor ausente na extração
4044,4045,SHUL3,2022-08-29,adjusted_quantity,MISSING_VALUE,info,Valor ausente na extração
4044,4045,SHUL3,2022-08-29,open,MISSING_VALUE,info,Valor ausente na extração
4044,4045,SHUL3,2022-08-29,high,MISSING_VALUE,info,Valor ausente na extração
4044,4045,SHUL3,2022-08-29,low,MISSING_VALUE,info,Valor ausente na extração
4044,4045,SHUL3,2022-08-29,average,MISSING_VALUE,info,Valor ausente na extração
4044,4045,SHUL3,2022-08-29,raw_volume,MISSING_VALUE,info,Valor ausente na extração
4045,4046,SHUL3,2022-08-30,close,MISSING_VALUE,info,Valor ausente na extração
4045,4046,SHUL3,2022-08-30,adjusted_quantity,MISSING_VALUE,info,Valor ausente na extração
4045,4046,SHUL3,2022-08-30,open,MISSING_VALUE,info,Valor ausente na extração
4045,4046,SHUL3,2022-08-30,high,MISSING_VALUE,info,Valor ausente na extração
4045,4046,SHUL3,2022-08-30,low,MISSING_VALUE,info,Valor ausente na extração
4045,4046,SHUL3,2022-08-30,average,MISSING_VALUE,info,Valor ausente na extração
4045,4046,SHUL3,2022-08-30,raw_volume,MISSING_VALUE,info,Valor ausente na extração
4046,4047,SHUL3,2022-08-31,close,MISSING_VALUE,info,Valor ausente na extração
4046,4047,SHUL3,2022-08-31,adjusted_quantity,MISSING_VALUE,info,Valor ausente na extração
4046,4047,SHUL3,2022-08-31,open,MISSING_VALUE,info,Valor ausente na extração
4046,4047,SHUL3,2022-08-31,high,MISSING_VALUE,info,Valor ausente na extração
4046,4047,SHUL3,2022-08-31,low,MISSING_VALUE,info,Valor ausente na extração
4046,4047,SHUL3,2022-08-31,average,MISSING_VALUE,info,Valor ausente na extração
4046,4047,SHUL3,2022-08-31,raw_volume,MISSING_VALUE,info,Valor ausente na extração
4047,4048,SHUL3,2022-09-01,close,MISSING_VALUE,info,Valor ausente na extração
4047,4048,SHUL3,2022-09-01,adjusted_quantity,MISSING_VALUE,info,Valor ausente na extração
4047,4048,SHUL3,2022-09-01,open,MISSING_VALUE,info,Valor ausente na extração
4047,4048,SHUL3,2022-09-01,high,MISSING_VALUE,info,Valor ausente na extração
4047,4048,SHUL3,2022-09-01,low,MISSING_VALUE,info,Valor ausente na extração
4047,4048,SHUL3,2022-09-01,average,MISSING_VALUE,info,Valor ausente na extração
4047,4048,SHUL3,2022-09-01,raw_volume,MISSING_VALUE,info,Valor ausente na extração
4048,4049,SHUL3,2022-09-02,close,MISSING_VALUE,info,Valor ausente na extração
4048,4049,SHUL3,2022-09-02,adjusted_quantity,MISSING_VALUE,info,Valor ausente na extração
4048,4049,SHUL3,2022-09-02,open,MISSING_VALUE,info,Valor ausente na extração
4048,4049,SHUL3,2022-09-02,high,MISSING_VALUE,info,Valor ausente na extração
4048,4049,SHUL3,2022-09-02,low,MISSING_VALUE,info,Valor ausente na extração
4048,4049,SHUL3,2022-09-02,average,MISSING_VALUE,info,Valor ausente na extração
4048,4049,SHUL3,2022-09-02,raw_volume,MISSING_VALUE,info,Valor ausente na extração
4049,4050,SHUL3,2022-09-05,close,MISSING_VALUE,info,Valor ausente na extração
4049,4050,SHUL3,2022-09-05,adjusted_quantity,MISSING_VALUE,info,Valor ausente na extração
4049,4050,SHUL3,2022-09-05,open,MISSING_VALUE,info,Valor ausente na extração
4049,4050,SHUL3,2022-09-05,high,MISSING_VALUE,info,Valor ausente na extração
4049,4050,SHUL3,2022-09-05,low,MISSING_VALUE,info,Valor ausente na extração
4049,4050,SHUL3,2022-09-05,average,MISSING_VALUE,info,Valor ausente na extração
4049,4050,SHUL3,2022-09-05,raw_volume,MISSING_VALUE,info,Valor ausente na extração
4050,4051,SHUL3,2022-09-06,close,MISSING_VALUE,info,Valor ausente na extração
4050,4051,SHUL3,2022-09-06,adjusted_quantity,MISSING_VALUE,info,Valor ausente na extração
4050,4051,SHUL3,2022-09-06,open,MISSING_VALUE,info,Valor ausente na extração
4050,4051,SHUL3,2022-09-06,high,MISSING_VALUE,info,Valor ausente na extração
4050,4051,SHUL3,2022-09-06,low,MISSING_VALUE,info,Valor ausente na extração
4050,4051,SHUL3,2022-09-06,average,MISSING_VALUE,info,Valor ausente na extração
4050,4051,SHUL3,2022-09-06,raw_volume,MISSING_VALUE,info,Valor ausente na extração
4051,4052,SHUL3,2022-09-07,close,MISSING_VALUE,info,Valor ausente na extração
4051,4052,SHUL3,2022-09-07,adjusted_quantity,MISSING_VALUE,info,Valor ausente na extração
4051,4052,SHUL3,2022-09-07,open,MISSING_VALUE,info,Valor ausente na extração
4051,4052,SHUL3,2022-09-07,high,MISSING_VALUE,info,Valor ausente na extração
4051,4052,SHUL3,2022-09-07,low,MISSING_VALUE,info,Valor ausente na extração
4051,4052,SHUL3,2022-09-07,average,MISSING_VALUE,info,Valor ausente na extração
4051,4052,SHUL3,2022-09-07,raw_volume,MISSING_VALUE,info,Valor ausente na extração
4052,4053,SHUL3,2022-09-08,close,MISSING_VALUE,info,Valor ausente na extração
4052,4053,SHUL3,2022-09-08,adjusted_quantity,MISSING_VALUE,info,Valor ausente na extração
4052,4053,SHUL3,2022-09-08,open,MISSING_VALUE,info,Valor ausente na extração
4052,4053,SHUL3,2022-09-08,high,MISSING_VALUE,info,Valor ausente na extração
4052,4053,SHUL3,2022-09-08,low,MISSING_VALUE,info,Valor ausente na extração
4052,4053,SHUL3,2022-09-08,average,MISSING_VALUE,info,Valor ausente na extração
4052,4053,SHUL3,2022-09-08,raw_volume,MISSING_VALUE,info,Valor ausente na extração
4053,4054,SHUL3,2022-09-09,close,MISSING_VALUE,info,Valor ausente na extração
4053,4054,SHUL3,2022-09-09,adjusted_quantity,MISSING_VALUE,info,Valor ausente na extração
4053,4054,SHUL3,2022-09-09,open,MISSING_VALUE,info,Valor ausente na extração
4053,4054,SHUL3,2022-09-09,high,MISSING_VALUE,info,Valor ausente na extração
4053,4054,SHUL3,2022-09-09,low,MISSING_VALUE,info,Valor ausente na extração
4053,4054,SHUL3,2022-09-09,average,MISSING_VALUE,info,Valor ausente na extração
4053,4054,SHUL3,2022-09-09,raw_volume,MISSING_VALUE,info,Valor ausente na extração
4055,4056,SHUL4,2026-09-07,close,MISSING_VALUE,info,Valor ausente na extração
4055,4056,SHUL4,2026-09-07,adjusted_quantity,MISSING_VALUE,info,Valor ausente na extração
4055,4056,SHUL4,2026-09-07,open,MISSING_VALUE,info,Valor ausente na extração
4055,4056,SHUL4,2026-09-07,high,MISSING_VALUE,info,Valor ausente na extração
4055,4056,SHUL4,2026-09-07,low,MISSING_VALUE,info,Valor ausente na extração
4055,4056,SHUL4,2026-09-07,average,MISSING_VALUE,info,Valor ausente na extração
4055,4056,SHUL4,2026-09-07,raw_volume,MISSING_VALUE,info,Valor ausente na extração
4066,4067,SEQL3,2026-09-07,close,MISSING_VALUE,info,Valor ausente na extração
4066,4067,SEQL3,2026-09-07,adjusted_quantity,MISSING_VALUE,info,Valor ausente na extração
4066,4067,SEQL3,2026-09-07,open,MISSING_VALUE,info,Valor ausente na extração
4066,4067,SEQL3,2026-09-07,high,MISSING_VALUE,info,Valor ausente na extração
4066,4067,SEQL3,2026-09-07,low,MISSING_VALUE,info,Valor ausente na extração
4066,4067,SEQL3,2026-09-07,average,MISSING_VALUE,info,Valor ausente na extração
4066,4067,SEQL3,2026-09-07,raw_volume,MISSING_VALUE,info,Valor ausente na extração
4068,4069,SEQL3,2026-09-09,raw_volume,VOLUME_PRICE_DIVERGENCE,info,Volume bruto difere mais de 10% de quantidade ajustada × preço médio ajustado; bases de ajuste podem diferir
4070,4071,SEQL3,2026-09-11,raw_volume,VOLUME_PRICE_DIVERGENCE,info,Volume bruto difere mais de 10% de quantidade ajustada × preço médio ajustado; bases de ajuste podem diferir
4073,4074,SEQL3,2026-09-16,raw_volume,VOLUME_PRICE_DIVERGENCE,info,Volume bruto difere mais de 10% de quantidade ajustada × preço médio ajustado; bases de ajuste podem diferir
4075,4076,SEQL3,2026-09-18,raw_volume,VOLUME_PRICE_DIVERGENCE,info,Volume bruto difere mais de 10% de quantidade ajustada × preço médio ajustado; bases de ajuste podem diferir
4076,4077,SEQL3,2026-09-21,raw_volume,VOLUME_PRICE_DIVERGENCE,info,Volume bruto difere mais de 10% de quantidade ajustada × preço médio ajustado; bases de ajuste podem diferir
4077,4078,SEER3,2026-09-07,close,MISSING_VALUE,info,Valor ausente na extração
4077,4078,SEER3,2026-09-07,adjusted_quantity,MISSING_VALUE,info,Valor ausente na extração
4077,4078,SEER3,2026-09-07,open,MISSING_VALUE,info,Valor ausente na extração
4077,4078,SEER3,2026-09-07,high,MISSING_VALUE,info,Valor ausente na extração
4077,4078,SEER3,2026-09-07,low,MISSING_VALUE,info,Valor ausente na extração
4077,4078,SEER3,2026-09-07,average,MISSING_VALUE,info,Valor ausente na extração
4077,4078,SEER3,2026-09-07,raw_volume,MISSING_VALUE,info,Valor ausente na extração
4088,4089,CSNA3,2026-09-07,close,MISSING_VALUE,info,Valor ausente na extração
4088,4089,CSNA3,2026-09-07,adjusted_quantity,MISSING_VALUE,info,Valor ausente na extração
4088,4089,CSNA3,2026-09-07,open,MISSING_VALUE,info,Valor ausente na extração
4088,4089,CSNA3,2026-09-07,high,MISSING_VALUE,info,Valor ausente na extração
4088,4089,CSNA3,2026-09-07,low,MISSING_VALUE,info,Valor ausente na extração
4088,4089,CSNA3,2026-09-07,average,MISSING_VALUE,info,Valor ausente na extração
4088,4089,CSNA3,2026-09-07,raw_volume,MISSING_VALUE,info,Valor ausente na extração
4099,4100,SIMH3,2026-09-07,close,MISSING_VALUE,info,Valor ausente na extração
4099,4100,SIMH3,2026-09-07,adjusted_quantity,MISSING_VALUE,info,Valor ausente na extração
4099,4100,SIMH3,2026-09-07,open,MISSING_VALUE,info,Valor ausente na extração
4099,4100,SIMH3,2026-09-07,high,MISSING_VALUE,info,Valor ausente na extração
4099,4100,SIMH3,2026-09-07,low,MISSING_VALUE,info,Valor ausente na extração
4099,4100,SIMH3,2026-09-07,average,MISSING_VALUE,info,Valor ausente na extração
4099,4100,SIMH3,2026-09-07,raw_volume,MISSING_VALUE,info,Valor ausente na extração
4110,4111,SLCE3,2026-09-07,close,MISSING_VALUE,info,Valor ausente na extração
4110,4111,SLCE3,2026-09-07,adjusted_quantity,MISSING_VALUE,info,Valor ausente na extração
4110,4111,SLCE3,2026-09-07,open,MISSING_VALUE,info,Valor ausente na extração
4110,4111,SLCE3,2026-09-07,high,MISSING_VALUE,info,Valor ausente na extração
4110,4111,SLCE3,2026-09-07,low,MISSING_VALUE,info,Valor ausente na extração
4110,4111,SLCE3,2026-09-07,average,MISSING_VALUE,info,Valor ausente na extração
4110,4111,SLCE3,2026-09-07,raw_volume,MISSING_VALUE,info,Valor ausente na extração
4121,4122,SMFT3,2026-09-07,close,MISSING_VALUE,info,Valor ausente na extração
4121,4122,SMFT3,2026-09-07,adjusted_quantity,MISSING_VALUE,info,Valor ausente na extração
4121,4122,SMFT3,2026-09-07,open,MISSING_VALUE,info,Valor ausente na extração
4121,4122,SMFT3,2026-09-07,high,MISSING_VALUE,info,Valor ausente na extração
4121,4122,SMFT3,2026-09-07,low,MISSING_VALUE,info,Valor ausente na extração
4121,4122,SMFT3,2026-09-07,average,MISSING_VALUE,info,Valor ausente na extração
4121,4122,SMFT3,2026-09-07,raw_volume,MISSING_VALUE,info,Valor ausente na extração
4132,4133,SOND3,2025-12-30,close,MISSING_VALUE,info,Valor ausente na extração
4132,4133,SOND3,2025-12-30,adjusted_quantity,MISSING_VALUE,info,Valor ausente na extração
4132,4133,SOND3,2025-12-30,open,MISSING_VALUE,info,Valor ausente na extração
4132,4133,SOND3,2025-12-30,high,MISSING_VALUE,info,Valor ausente na extração
4132,4133,SOND3,2025-12-30,low,MISSING_VALUE,info,Valor ausente na extração
4132,4133,SOND3,2025-12-30,average,MISSING_VALUE,info,Valor ausente na extração
4132,4133,SOND3,2025-12-30,raw_volume,MISSING_VALUE,info,Valor ausente na extração
4133,4134,SOND3,2025-12-31,close,MISSING_VALUE,info,Valor ausente na extração
4133,4134,SOND3,2025-12-31,adjusted_quantity,MISSING_VALUE,info,Valor ausente na extração
4133,4134,SOND3,2025-12-31,open,MISSING_VALUE,info,Valor ausente na extração
4133,4134,SOND3,2025-12-31,high,MISSING_VALUE,info,Valor ausente na extração
4133,4134,SOND3,2025-12-31,low,MISSING_VALUE,info,Valor ausente na extração
4133,4134,SOND3,2025-12-31,average,MISSING_VALUE,info,Valor ausente na extração
4133,4134,SOND3,2025-12-31,raw_volume,MISSING_VALUE,info,Valor ausente na extração
4134,4135,SOND3,2026-01-01,close,MISSING_VALUE,info,Valor ausente na extração
4134,4135,SOND3,2026-01-01,adjusted_quantity,MISSING_VALUE,info,Valor ausente na extração
4134,4135,SOND3,2026-01-01,open,MISSING_VALUE,info,Valor ausente na extração
4134,4135,SOND3,2026-01-01,high,MISSING_VALUE,info,Valor ausente na extração
4134,4135,SOND3,2026-01-01,low,MISSING_VALUE,info,Valor ausente na extração
4134,4135,SOND3,2026-01-01,average,MISSING_VALUE,info,Valor ausente na extração
4134,4135,SOND3,2026-01-01,raw_volume,MISSING_VALUE,info,Valor ausente na extração
4135,4136,SOND3,2026-01-02,close,MISSING_VALUE,info,Valor ausente na extração
4135,4136,SOND3,2026-01-02,adjusted_quantity,MISSING_VALUE,info,Valor ausente na extração
4135,4136,SOND3,2026-01-02,open,MISSING_VALUE,info,Valor ausente na extração
4135,4136,SOND3,2026-01-02,high,MISSING_VALUE,info,Valor ausente na extração
4135,4136,SOND3,2026-01-02,low,MISSING_VALUE,info,Valor ausente na extração
4135,4136,SOND3,2026-01-02,average,MISSING_VALUE,info,Valor ausente na extração
4135,4136,SOND3,2026-01-02,raw_volume,MISSING_VALUE,info,Valor ausente na extração
4136,4137,SOND3,2026-01-05,close,MISSING_VALUE,info,Valor ausente na extração
4136,4137,SOND3,2026-01-05,adjusted_quantity,MISSING_VALUE,info,Valor ausente na extração
4136,4137,SOND3,2026-01-05,open,MISSING_VALUE,info,Valor ausente na extração
4136,4137,SOND3,2026-01-05,high,MISSING_VALUE,info,Valor ausente na extração
4136,4137,SOND3,2026-01-05,low,MISSING_VALUE,info,Valor ausente na extração
4136,4137,SOND3,2026-01-05,average,MISSING_VALUE,info,Valor ausente na extração
4136,4137,SOND3,2026-01-05,raw_volume,MISSING_VALUE,info,Valor ausente na extração
4137,4138,SOND3,2026-01-06,close,MISSING_VALUE,info,Valor ausente na extração
4137,4138,SOND3,2026-01-06,adjusted_quantity,MISSING_VALUE,info,Valor ausente na extração
4137,4138,SOND3,2026-01-06,open,MISSING_VALUE,info,Valor ausente na extração
4137,4138,SOND3,2026-01-06,high,MISSING_VALUE,info,Valor ausente na extração
4137,4138,SOND3,2026-01-06,low,MISSING_VALUE,info,Valor ausente na extração
4137,4138,SOND3,2026-01-06,average,MISSING_VALUE,info,Valor ausente na extração
4137,4138,SOND3,2026-01-06,raw_volume,MISSING_VALUE,info,Valor ausente na extração
4138,4139,SOND3,2026-01-07,close,MISSING_VALUE,info,Valor ausente na extração
4138,4139,SOND3,2026-01-07,adjusted_quantity,MISSING_VALUE,info,Valor ausente na extração
4138,4139,SOND3,2026-01-07,open,MISSING_VALUE,info,Valor ausente na extração
4138,4139,SOND3,2026-01-07,high,MISSING_VALUE,info,Valor ausente na extração
4138,4139,SOND3,2026-01-07,low,MISSING_VALUE,info,Valor ausente na extração
4138,4139,SOND3,2026-01-07,average,MISSING_VALUE,info,Valor ausente na extração
4138,4139,SOND3,2026-01-07,raw_volume,MISSING_VALUE,info,Valor ausente na extração
4139,4140,SOND3,2026-01-08,close,MISSING_VALUE,info,Valor ausente na extração
4139,4140,SOND3,2026-01-08,adjusted_quantity,MISSING_VALUE,info,Valor ausente na extração
4139,4140,SOND3,2026-01-08,open,MISSING_VALUE,info,Valor ausente na extração
4139,4140,SOND3,2026-01-08,high,MISSING_VALUE,info,Valor ausente na extração
4139,4140,SOND3,2026-01-08,low,MISSING_VALUE,info,Valor ausente na extração
4139,4140,SOND3,2026-01-08,average,MISSING_VALUE,info,Valor ausente na extração
4139,4140,SOND3,2026-01-08,raw_volume,MISSING_VALUE,info,Valor ausente na extração
4140,4141,SOND3,2026-01-09,close,MISSING_VALUE,info,Valor ausente na extração
4140,4141,SOND3,2026-01-09,adjusted_quantity,MISSING_VALUE,info,Valor ausente na extração
4140,4141,SOND3,2026-01-09,open,MISSING_VALUE,info,Valor ausente na extração
4140,4141,SOND3,2026-01-09,high,MISSING_VALUE,info,Valor ausente na extração
4140,4141,SOND3,2026-01-09,low,MISSING_VALUE,info,Valor ausente na extração
4140,4141,SOND3,2026-01-09,average,MISSING_VALUE,info,Valor ausente na extração
4140,4141,SOND3,2026-01-09,raw_volume,MISSING_VALUE,info,Valor ausente na extração
4141,4142,SOND3,2026-01-12,close,MISSING_VALUE,info,Valor ausente na extração
4141,4142,SOND3,2026-01-12,adjusted_quantity,MISSING_VALUE,info,Valor ausente na extração
4141,4142,SOND3,2026-01-12,open,MISSING_VALUE,info,Valor ausente na extração
4141,4142,SOND3,2026-01-12,high,MISSING_VALUE,info,Valor ausente na extração
4141,4142,SOND3,2026-01-12,low,MISSING_VALUE,info,Valor ausente na extração
4141,4142,SOND3,2026-01-12,average,MISSING_VALUE,info,Valor ausente na extração
4141,4142,SOND3,2026-01-12,raw_volume,MISSING_VALUE,info,Valor ausente na extração
4142,4143,SOND3,2026-01-13,raw_volume,VOLUME_PRICE_DIVERGENCE,info,Volume bruto difere mais de 10% de quantidade ajustada × preço médio ajustado; bases de ajuste podem diferir
4145,4146,SOND5,2026-08-31,close,MISSING_VALUE,info,Valor ausente na extração
4145,4146,SOND5,2026-08-31,adjusted_quantity,MISSING_VALUE,info,Valor ausente na extração
4145,4146,SOND5,2026-08-31,open,MISSING_VALUE,info,Valor ausente na extração
4145,4146,SOND5,2026-08-31,high,MISSING_VALUE,info,Valor ausente na extração
4145,4146,SOND5,2026-08-31,low,MISSING_VALUE,info,Valor ausente na extração
4145,4146,SOND5,2026-08-31,average,MISSING_VALUE,info,Valor ausente na extração
4145,4146,SOND5,2026-08-31,raw_volume,MISSING_VALUE,info,Valor ausente na extração
4146,4147,SOND5,2026-09-01,close,MISSING_VALUE,info,Valor ausente na extração
4146,4147,SOND5,2026-09-01,adjusted_quantity,MISSING_VALUE,info,Valor ausente na extração
4146,4147,SOND5,2026-09-01,open,MISSING_VALUE,info,Valor ausente na extração
4146,4147,SOND5,2026-09-01,high,MISSING_VALUE,info,Valor ausente na extração
4146,4147,SOND5,2026-09-01,low,MISSING_VALUE,info,Valor ausente na extração
4146,4147,SOND5,2026-09-01,average,MISSING_VALUE,info,Valor ausente na extração
4146,4147,SOND5,2026-09-01,raw_volume,MISSING_VALUE,info,Valor ausente na extração
4147,4148,SOND5,2026-09-02,close,MISSING_VALUE,info,Valor ausente na extração
4147,4148,SOND5,2026-09-02,adjusted_quantity,MISSING_VALUE,info,Valor ausente na extração
4147,4148,SOND5,2026-09-02,open,MISSING_VALUE,info,Valor ausente na extração
4147,4148,SOND5,2026-09-02,high,MISSING_VALUE,info,Valor ausente na extração
4147,4148,SOND5,2026-09-02,low,MISSING_VALUE,info,Valor ausente na extração
4147,4148,SOND5,2026-09-02,average,MISSING_VALUE,info,Valor ausente na extração
4147,4148,SOND5,2026-09-02,raw_volume,MISSING_VALUE,info,Valor ausente na extração
4148,4149,SOND5,2026-09-03,close,MISSING_VALUE,info,Valor ausente na extração
4148,4149,SOND5,2026-09-03,adjusted_quantity,MISSING_VALUE,info,Valor ausente na extração
4148,4149,SOND5,2026-09-03,open,MISSING_VALUE,info,Valor ausente na extração
4148,4149,SOND5,2026-09-03,high,MISSING_VALUE,info,Valor ausente na extração
4148,4149,SOND5,2026-09-03,low,MISSING_VALUE,info,Valor ausente na extração
4148,4149,SOND5,2026-09-03,average,MISSING_VALUE,info,Valor ausente na extração
4148,4149,SOND5,2026-09-03,raw_volume,MISSING_VALUE,info,Valor ausente na extração
4149,4150,SOND5,2026-09-04,close,MISSING_VALUE,info,Valor ausente na extração
4149,4150,SOND5,2026-09-04,adjusted_quantity,MISSING_VALUE,info,Valor ausente na extração
4149,4150,SOND5,2026-09-04,open,MISSING_VALUE,info,Valor ausente na extração
4149,4150,SOND5,2026-09-04,high,MISSING_VALUE,info,Valor ausente na extração
4149,4150,SOND5,2026-09-04,low,MISSING_VALUE,info,Valor ausente na extração
4149,4150,SOND5,2026-09-04,average,MISSING_VALUE,info,Valor ausente na extração
4149,4150,SOND5,2026-09-04,raw_volume,MISSING_VALUE,info,Valor ausente na extração
4150,4151,SOND5,2026-09-07,close,MISSING_VALUE,info,Valor ausente na extração
4150,4151,SOND5,2026-09-07,adjusted_quantity,MISSING_VALUE,info,Valor ausente na extração
4150,4151,SOND5,2026-09-07,open,MISSING_VALUE,info,Valor ausente na extração
4150,4151,SOND5,2026-09-07,high,MISSING_VALUE,info,Valor ausente na extração
4150,4151,SOND5,2026-09-07,low,MISSING_VALUE,info,Valor ausente na extração
4150,4151,SOND5,2026-09-07,average,MISSING_VALUE,info,Valor ausente na extração
4150,4151,SOND5,2026-09-07,raw_volume,MISSING_VALUE,info,Valor ausente na extração
4151,4152,SOND5,2026-09-08,close,MISSING_VALUE,info,Valor ausente na extração
4151,4152,SOND5,2026-09-08,adjusted_quantity,MISSING_VALUE,info,Valor ausente na extração
4151,4152,SOND5,2026-09-08,open,MISSING_VALUE,info,Valor ausente na extração
4151,4152,SOND5,2026-09-08,high,MISSING_VALUE,info,Valor ausente na extração
4151,4152,SOND5,2026-09-08,low,MISSING_VALUE,info,Valor ausente na extração
4151,4152,SOND5,2026-09-08,average,MISSING_VALUE,info,Valor ausente na extração
4151,4152,SOND5,2026-09-08,raw_volume,MISSING_VALUE,info,Valor ausente na extração
4152,4153,SOND5,2026-09-09,close,MISSING_VALUE,info,Valor ausente na extração
4152,4153,SOND5,2026-09-09,adjusted_quantity,MISSING_VALUE,info,Valor ausente na extração
4152,4153,SOND5,2026-09-09,open,MISSING_VALUE,info,Valor ausente na extração
4152,4153,SOND5,2026-09-09,high,MISSING_VALUE,info,Valor ausente na extração
4152,4153,SOND5,2026-09-09,low,MISSING_VALUE,info,Valor ausente na extração
4152,4153,SOND5,2026-09-09,average,MISSING_VALUE,info,Valor ausente na extração
4152,4153,SOND5,2026-09-09,raw_volume,MISSING_VALUE,info,Valor ausente na extração
4154,4155,SOND6,2026-09-02,close,MISSING_VALUE,info,Valor ausente na extração
4154,4155,SOND6,2026-09-02,adjusted_quantity,MISSING_VALUE,info,Valor ausente na extração
4154,4155,SOND6,2026-09-02,open,MISSING_VALUE,info,Valor ausente na extração
4154,4155,SOND6,2026-09-02,high,MISSING_VALUE,info,Valor ausente na extração
4154,4155,SOND6,2026-09-02,low,MISSING_VALUE,info,Valor ausente na extração
4154,4155,SOND6,2026-09-02,average,MISSING_VALUE,info,Valor ausente na extração
4154,4155,SOND6,2026-09-02,raw_volume,MISSING_VALUE,info,Valor ausente na extração
4156,4157,SOND6,2026-09-04,close,MISSING_VALUE,info,Valor ausente na extração
4156,4157,SOND6,2026-09-04,adjusted_quantity,MISSING_VALUE,info,Valor ausente na extração
4156,4157,SOND6,2026-09-04,open,MISSING_VALUE,info,Valor ausente na extração
4156,4157,SOND6,2026-09-04,high,MISSING_VALUE,info,Valor ausente na extração
4156,4157,SOND6,2026-09-04,low,MISSING_VALUE,info,Valor ausente na extração
4156,4157,SOND6,2026-09-04,average,MISSING_VALUE,info,Valor ausente na extração
4156,4157,SOND6,2026-09-04,raw_volume,MISSING_VALUE,info,Valor ausente na extração
4157,4158,SOND6,2026-09-07,close,MISSING_VALUE,info,Valor ausente na extração
4157,4158,SOND6,2026-09-07,adjusted_quantity,MISSING_VALUE,info,Valor ausente na extração
4157,4158,SOND6,2026-09-07,open,MISSING_VALUE,info,Valor ausente na extração
4157,4158,SOND6,2026-09-07,high,MISSING_VALUE,info,Valor ausente na extração
4157,4158,SOND6,2026-09-07,low,MISSING_VALUE,info,Valor ausente na extração
4157,4158,SOND6,2026-09-07,average,MISSING_VALUE,info,Valor ausente na extração
4157,4158,SOND6,2026-09-07,raw_volume,MISSING_VALUE,info,Valor ausente na extração
4158,4159,SOND6,2026-09-08,close,MISSING_VALUE,info,Valor ausente na extração
4158,4159,SOND6,2026-09-08,adjusted_quantity,MISSING_VALUE,info,Valor ausente na extração
4158,4159,SOND6,2026-09-08,open,MISSING_VALUE,info,Valor ausente na extração
4158,4159,SOND6,2026-09-08,high,MISSING_VALUE,info,Valor ausente na extração
4158,4159,SOND6,2026-09-08,low,MISSING_VALUE,info,Valor ausente na extração
4158,4159,SOND6,2026-09-08,average,MISSING_VALUE,info,Valor ausente na extração
4158,4159,SOND6,2026-09-08,raw_volume,MISSING_VALUE,info,Valor ausente na extração
4159,4160,SOND6,2026-09-09,close,MISSING_VALUE,info,Valor ausente na extração
4159,4160,SOND6,2026-09-09,adjusted_quantity,MISSING_VALUE,info,Valor ausente na extração
4159,4160,SOND6,2026-09-09,open,MISSING_VALUE,info,Valor ausente na extração
4159,4160,SOND6,2026-09-09,high,MISSING_VALUE,info,Valor ausente na extração
4159,4160,SOND6,2026-09-09,low,MISSING_VALUE,info,Valor ausente na extração
4159,4160,SOND6,2026-09-09,average,MISSING_VALUE,info,Valor ausente na extração
4159,4160,SOND6,2026-09-09,raw_volume,MISSING_VALUE,info,Valor ausente na extração
4160,4161,SOND6,2026-09-10,close,MISSING_VALUE,info,Valor ausente na extração
4160,4161,SOND6,2026-09-10,adjusted_quantity,MISSING_VALUE,info,Valor ausente na extração
4160,4161,SOND6,2026-09-10,open,MISSING_VALUE,info,Valor ausente na extração
4160,4161,SOND6,2026-09-10,high,MISSING_VALUE,info,Valor ausente na extração
4160,4161,SOND6,2026-09-10,low,MISSING_VALUE,info,Valor ausente na extração
4160,4161,SOND6,2026-09-10,average,MISSING_VALUE,info,Valor ausente na extração
4160,4161,SOND6,2026-09-10,raw_volume,MISSING_VALUE,info,Valor ausente na extração
4161,4162,SOND6,2026-09-11,close,MISSING_VALUE,info,Valor ausente na extração
4161,4162,SOND6,2026-09-11,adjusted_quantity,MISSING_VALUE,info,Valor ausente na extração
4161,4162,SOND6,2026-09-11,open,MISSING_VALUE,info,Valor ausente na extração
4161,4162,SOND6,2026-09-11,high,MISSING_VALUE,info,Valor ausente na extração
4161,4162,SOND6,2026-09-11,low,MISSING_VALUE,info,Valor ausente na extração
4161,4162,SOND6,2026-09-11,average,MISSING_VALUE,info,Valor ausente na extração
4161,4162,SOND6,2026-09-11,raw_volume,MISSING_VALUE,info,Valor ausente na extração
4165,4166,AHEB3,2026-08-25,close,MISSING_VALUE,info,Valor ausente na extração
4165,4166,AHEB3,2026-08-25,adjusted_quantity,MISSING_VALUE,info,Valor ausente na extração
4165,4166,AHEB3,2026-08-25,open,MISSING_VALUE,info,Valor ausente na extração
4165,4166,AHEB3,2026-08-25,high,MISSING_VALUE,info,Valor ausente na extração
4165,4166,AHEB3,2026-08-25,low,MISSING_VALUE,info,Valor ausente na extração
4165,4166,AHEB3,2026-08-25,average,MISSING_VALUE,info,Valor ausente na extração
4165,4166,AHEB3,2026-08-25,raw_volume,MISSING_VALUE,info,Valor ausente na extração
4166,4167,AHEB3,2026-08-26,close,MISSING_VALUE,info,Valor ausente na extração
4166,4167,AHEB3,2026-08-26,adjusted_quantity,MISSING_VALUE,info,Valor ausente na extração
4166,4167,AHEB3,2026-08-26,open,MISSING_VALUE,info,Valor ausente na extração
4166,4167,AHEB3,2026-08-26,high,MISSING_VALUE,info,Valor ausente na extração
4166,4167,AHEB3,2026-08-26,low,MISSING_VALUE,info,Valor ausente na extração
4166,4167,AHEB3,2026-08-26,average,MISSING_VALUE,info,Valor ausente na extração
4166,4167,AHEB3,2026-08-26,raw_volume,MISSING_VALUE,info,Valor ausente na extração
4167,4168,AHEB3,2026-08-27,close,MISSING_VALUE,info,Valor ausente na extração
4167,4168,AHEB3,2026-08-27,adjusted_quantity,MISSING_VALUE,info,Valor ausente na extração
4167,4168,AHEB3,2026-08-27,open,MISSING_VALUE,info,Valor ausente na extração
4167,4168,AHEB3,2026-08-27,high,MISSING_VALUE,info,Valor ausente na extração
4167,4168,AHEB3,2026-08-27,low,MISSING_VALUE,info,Valor ausente na extração
4167,4168,AHEB3,2026-08-27,average,MISSING_VALUE,info,Valor ausente na extração
4167,4168,AHEB3,2026-08-27,raw_volume,MISSING_VALUE,info,Valor ausente na extração
4168,4169,AHEB3,2026-08-28,close,MISSING_VALUE,info,Valor ausente na extração
4168,4169,AHEB3,2026-08-28,adjusted_quantity,MISSING_VALUE,info,Valor ausente na extração
4168,4169,AHEB3,2026-08-28,open,MISSING_VALUE,info,Valor ausente na extração
4168,4169,AHEB3,2026-08-28,high,MISSING_VALUE,info,Valor ausente na extração
4168,4169,AHEB3,2026-08-28,low,MISSING_VALUE,info,Valor ausente na extração
4168,4169,AHEB3,2026-08-28,average,MISSING_VALUE,info,Valor ausente na extração
4168,4169,AHEB3,2026-08-28,raw_volume,MISSING_VALUE,info,Valor ausente na extração
4169,4170,AHEB3,2026-08-31,close,MISSING_VALUE,info,Valor ausente na extração
4169,4170,AHEB3,2026-08-31,adjusted_quantity,MISSING_VALUE,info,Valor ausente na extração
4169,4170,AHEB3,2026-08-31,open,MISSING_VALUE,info,Valor ausente na extração
4169,4170,AHEB3,2026-08-31,high,MISSING_VALUE,info,Valor ausente na extração
4169,4170,AHEB3,2026-08-31,low,MISSING_VALUE,info,Valor ausente na extração
4169,4170,AHEB3,2026-08-31,average,MISSING_VALUE,info,Valor ausente na extração
4169,4170,AHEB3,2026-08-31,raw_volume,MISSING_VALUE,info,Valor ausente na extração
4170,4171,AHEB3,2026-09-01,close,MISSING_VALUE,info,Valor ausente na extração
4170,4171,AHEB3,2026-09-01,adjusted_quantity,MISSING_VALUE,info,Valor ausente na extração
4170,4171,AHEB3,2026-09-01,open,MISSING_VALUE,info,Valor ausente na extração
4170,4171,AHEB3,2026-09-01,high,MISSING_VALUE,info,Valor ausente na extração
4170,4171,AHEB3,2026-09-01,low,MISSING_VALUE,info,Valor ausente na extração
4170,4171,AHEB3,2026-09-01,average,MISSING_VALUE,info,Valor ausente na extração
4170,4171,AHEB3,2026-09-01,raw_volume,MISSING_VALUE,info,Valor ausente na extração
4171,4172,AHEB3,2026-09-02,close,MISSING_VALUE,info,Valor ausente na extração
4171,4172,AHEB3,2026-09-02,adjusted_quantity,MISSING_VALUE,info,Valor ausente na extração
4171,4172,AHEB3,2026-09-02,open,MISSING_VALUE,info,Valor ausente na extração
4171,4172,AHEB3,2026-09-02,high,MISSING_VALUE,info,Valor ausente na extração
4171,4172,AHEB3,2026-09-02,low,MISSING_VALUE,info,Valor ausente na extração
4171,4172,AHEB3,2026-09-02,average,MISSING_VALUE,info,Valor ausente na extração
4171,4172,AHEB3,2026-09-02,raw_volume,MISSING_VALUE,info,Valor ausente na extração
4172,4173,AHEB3,2026-09-03,close,MISSING_VALUE,info,Valor ausente na extração
4172,4173,AHEB3,2026-09-03,adjusted_quantity,MISSING_VALUE,info,Valor ausente na extração
4172,4173,AHEB3,2026-09-03,open,MISSING_VALUE,info,Valor ausente na extração
4172,4173,AHEB3,2026-09-03,high,MISSING_VALUE,info,Valor ausente na extração
4172,4173,AHEB3,2026-09-03,low,MISSING_VALUE,info,Valor ausente na extração
4172,4173,AHEB3,2026-09-03,average,MISSING_VALUE,info,Valor ausente na extração
4172,4173,AHEB3,2026-09-03,raw_volume,MISSING_VALUE,info,Valor ausente na extração
4173,4174,AHEB3,2026-09-04,close,MISSING_VALUE,info,Valor ausente na extração
4173,4174,AHEB3,2026-09-04,adjusted_quantity,MISSING_VALUE,info,Valor ausente na extração
4173,4174,AHEB3,2026-09-04,open,MISSING_VALUE,info,Valor ausente na extração
4173,4174,AHEB3,2026-09-04,high,MISSING_VALUE,info,Valor ausente na extração
4173,4174,AHEB3,2026-09-04,low,MISSING_VALUE,info,Valor ausente na extração
4173,4174,AHEB3,2026-09-04,average,MISSING_VALUE,info,Valor ausente na extração
4173,4174,AHEB3,2026-09-04,raw_volume,MISSING_VALUE,info,Valor ausente na extração
4174,4175,AHEB3,2026-09-07,close,MISSING_VALUE,info,Valor ausente na extração
4174,4175,AHEB3,2026-09-07,adjusted_quantity,MISSING_VALUE,info,Valor ausente na extração
4174,4175,AHEB3,2026-09-07,open,MISSING_VALUE,info,Valor ausente na extração
4174,4175,AHEB3,2026-09-07,high,MISSING_VALUE,info,Valor ausente na extração
4174,4175,AHEB3,2026-09-07,low,MISSING_VALUE,info,Valor ausente na extração
4174,4175,AHEB3,2026-09-07,average,MISSING_VALUE,info,Valor ausente na extração
4174,4175,AHEB3,2026-09-07,raw_volume,MISSING_VALUE,info,Valor ausente na extração
4177,4178,AHEB5,2025-06-24,close,MISSING_VALUE,info,Valor ausente na extração
4177,4178,AHEB5,2025-06-24,adjusted_quantity,MISSING_VALUE,info,Valor ausente na extração
4177,4178,AHEB5,2025-06-24,open,MISSING_VALUE,info,Valor ausente na extração
4177,4178,AHEB5,2025-06-24,high,MISSING_VALUE,info,Valor ausente na extração
4177,4178,AHEB5,2025-06-24,low,MISSING_VALUE,info,Valor ausente na extração
4177,4178,AHEB5,2025-06-24,average,MISSING_VALUE,info,Valor ausente na extração
4177,4178,AHEB5,2025-06-24,raw_volume,MISSING_VALUE,info,Valor ausente na extração
4178,4179,AHEB5,2025-06-25,close,MISSING_VALUE,info,Valor ausente na extração
4178,4179,AHEB5,2025-06-25,adjusted_quantity,MISSING_VALUE,info,Valor ausente na extração
4178,4179,AHEB5,2025-06-25,open,MISSING_VALUE,info,Valor ausente na extração
4178,4179,AHEB5,2025-06-25,high,MISSING_VALUE,info,Valor ausente na extração
4178,4179,AHEB5,2025-06-25,low,MISSING_VALUE,info,Valor ausente na extração
4178,4179,AHEB5,2025-06-25,average,MISSING_VALUE,info,Valor ausente na extração
4178,4179,AHEB5,2025-06-25,raw_volume,MISSING_VALUE,info,Valor ausente na extração
4179,4180,AHEB5,2025-06-26,close,MISSING_VALUE,info,Valor ausente na extração
4179,4180,AHEB5,2025-06-26,adjusted_quantity,MISSING_VALUE,info,Valor ausente na extração
4179,4180,AHEB5,2025-06-26,open,MISSING_VALUE,info,Valor ausente na extração
4179,4180,AHEB5,2025-06-26,high,MISSING_VALUE,info,Valor ausente na extração
4179,4180,AHEB5,2025-06-26,low,MISSING_VALUE,info,Valor ausente na extração
4179,4180,AHEB5,2025-06-26,average,MISSING_VALUE,info,Valor ausente na extração
4179,4180,AHEB5,2025-06-26,raw_volume,MISSING_VALUE,info,Valor ausente na extração
4180,4181,AHEB5,2025-06-27,close,MISSING_VALUE,info,Valor ausente na extração
4180,4181,AHEB5,2025-06-27,adjusted_quantity,MISSING_VALUE,info,Valor ausente na extração
4180,4181,AHEB5,2025-06-27,open,MISSING_VALUE,info,Valor ausente na extração
4180,4181,AHEB5,2025-06-27,high,MISSING_VALUE,info,Valor ausente na extração
4180,4181,AHEB5,2025-06-27,low,MISSING_VALUE,info,Valor ausente na extração
4180,4181,AHEB5,2025-06-27,average,MISSING_VALUE,info,Valor ausente na extração
4180,4181,AHEB5,2025-06-27,raw_volume,MISSING_VALUE,info,Valor ausente na extração
4181,4182,AHEB5,2025-06-30,close,MISSING_VALUE,info,Valor ausente na extração
4181,4182,AHEB5,2025-06-30,adjusted_quantity,MISSING_VALUE,info,Valor ausente na extração
4181,4182,AHEB5,2025-06-30,open,MISSING_VALUE,info,Valor ausente na extração
4181,4182,AHEB5,2025-06-30,high,MISSING_VALUE,info,Valor ausente na extração
4181,4182,AHEB5,2025-06-30,low,MISSING_VALUE,info,Valor ausente na extração
4181,4182,AHEB5,2025-06-30,average,MISSING_VALUE,info,Valor ausente na extração
4181,4182,AHEB5,2025-06-30,raw_volume,MISSING_VALUE,info,Valor ausente na extração
4182,4183,AHEB5,2025-07-01,close,MISSING_VALUE,info,Valor ausente na extração
4182,4183,AHEB5,2025-07-01,adjusted_quantity,MISSING_VALUE,info,Valor ausente na extração
4182,4183,AHEB5,2025-07-01,open,MISSING_VALUE,info,Valor ausente na extração
4182,4183,AHEB5,2025-07-01,high,MISSING_VALUE,info,Valor ausente na extração
4182,4183,AHEB5,2025-07-01,low,MISSING_VALUE,info,Valor ausente na extração
4182,4183,AHEB5,2025-07-01,average,MISSING_VALUE,info,Valor ausente na extração
4182,4183,AHEB5,2025-07-01,raw_volume,MISSING_VALUE,info,Valor ausente na extração
4183,4184,AHEB5,2025-07-02,close,MISSING_VALUE,info,Valor ausente na extração
4183,4184,AHEB5,2025-07-02,adjusted_quantity,MISSING_VALUE,info,Valor ausente na extração
4183,4184,AHEB5,2025-07-02,open,MISSING_VALUE,info,Valor ausente na extração
4183,4184,AHEB5,2025-07-02,high,MISSING_VALUE,info,Valor ausente na extração
4183,4184,AHEB5,2025-07-02,low,MISSING_VALUE,info,Valor ausente na extração
4183,4184,AHEB5,2025-07-02,average,MISSING_VALUE,info,Valor ausente na extração
4183,4184,AHEB5,2025-07-02,raw_volume,MISSING_VALUE,info,Valor ausente na extração
4184,4185,AHEB5,2025-07-03,close,MISSING_VALUE,info,Valor ausente na extração
4184,4185,AHEB5,2025-07-03,adjusted_quantity,MISSING_VALUE,info,Valor ausente na extração
4184,4185,AHEB5,2025-07-03,open,MISSING_VALUE,info,Valor ausente na extração
4184,4185,AHEB5,2025-07-03,high,MISSING_VALUE,info,Valor ausente na extração
4184,4185,AHEB5,2025-07-03,low,MISSING_VALUE,info,Valor ausente na extração
4184,4185,AHEB5,2025-07-03,average,MISSING_VALUE,info,Valor ausente na extração
4184,4185,AHEB5,2025-07-03,raw_volume,MISSING_VALUE,info,Valor ausente na extração
4185,4186,AHEB5,2025-07-04,close,MISSING_VALUE,info,Valor ausente na extração
4185,4186,AHEB5,2025-07-04,adjusted_quantity,MISSING_VALUE,info,Valor ausente na extração
4185,4186,AHEB5,2025-07-04,open,MISSING_VALUE,info,Valor ausente na extração
4185,4186,AHEB5,2025-07-04,high,MISSING_VALUE,info,Valor ausente na extração
4185,4186,AHEB5,2025-07-04,low,MISSING_VALUE,info,Valor ausente na extração
4185,4186,AHEB5,2025-07-04,average,MISSING_VALUE,info,Valor ausente na extração
4185,4186,AHEB5,2025-07-04,raw_volume,MISSING_VALUE,info,Valor ausente na extração
4187,4188,AHEB6,2025-05-05,close,MISSING_VALUE,info,Valor ausente na extração
4187,4188,AHEB6,2025-05-05,adjusted_quantity,MISSING_VALUE,info,Valor ausente na extração
4187,4188,AHEB6,2025-05-05,open,MISSING_VALUE,info,Valor ausente na extração
4187,4188,AHEB6,2025-05-05,high,MISSING_VALUE,info,Valor ausente na extração
4187,4188,AHEB6,2025-05-05,low,MISSING_VALUE,info,Valor ausente na extração
4187,4188,AHEB6,2025-05-05,average,MISSING_VALUE,info,Valor ausente na extração
4187,4188,AHEB6,2025-05-05,raw_volume,MISSING_VALUE,info,Valor ausente na extração
4188,4189,AHEB6,2025-05-06,close,MISSING_VALUE,info,Valor ausente na extração
4188,4189,AHEB6,2025-05-06,adjusted_quantity,MISSING_VALUE,info,Valor ausente na extração
4188,4189,AHEB6,2025-05-06,open,MISSING_VALUE,info,Valor ausente na extração
4188,4189,AHEB6,2025-05-06,high,MISSING_VALUE,info,Valor ausente na extração
4188,4189,AHEB6,2025-05-06,low,MISSING_VALUE,info,Valor ausente na extração
4188,4189,AHEB6,2025-05-06,average,MISSING_VALUE,info,Valor ausente na extração
4188,4189,AHEB6,2025-05-06,raw_volume,MISSING_VALUE,info,Valor ausente na extração
4189,4190,AHEB6,2025-05-07,close,MISSING_VALUE,info,Valor ausente na extração
4189,4190,AHEB6,2025-05-07,adjusted_quantity,MISSING_VALUE,info,Valor ausente na extração
4189,4190,AHEB6,2025-05-07,open,MISSING_VALUE,info,Valor ausente na extração
4189,4190,AHEB6,2025-05-07,high,MISSING_VALUE,info,Valor ausente na extração
4189,4190,AHEB6,2025-05-07,low,MISSING_VALUE,info,Valor ausente na extração
4189,4190,AHEB6,2025-05-07,average,MISSING_VALUE,info,Valor ausente na extração
4189,4190,AHEB6,2025-05-07,raw_volume,MISSING_VALUE,info,Valor ausente na extração
4190,4191,AHEB6,2025-05-08,close,MISSING_VALUE,info,Valor ausente na extração
4190,4191,AHEB6,2025-05-08,adjusted_quantity,MISSING_VALUE,info,Valor ausente na extração
4190,4191,AHEB6,2025-05-08,open,MISSING_VALUE,info,Valor ausente na extração
4190,4191,AHEB6,2025-05-08,high,MISSING_VALUE,info,Valor ausente na extração
4190,4191,AHEB6,2025-05-08,low,MISSING_VALUE,info,Valor ausente na extração
4190,4191,AHEB6,2025-05-08,average,MISSING_VALUE,info,Valor ausente na extração
4190,4191,AHEB6,2025-05-08,raw_volume,MISSING_VALUE,info,Valor ausente na extração
4191,4192,AHEB6,2025-05-09,close,MISSING_VALUE,info,Valor ausente na extração
4191,4192,AHEB6,2025-05-09,adjusted_quantity,MISSING_VALUE,info,Valor ausente na extração
4191,4192,AHEB6,2025-05-09,open,MISSING_VALUE,info,Valor ausente na extração
4191,4192,AHEB6,2025-05-09,high,MISSING_VALUE,info,Valor ausente na extração
4191,4192,AHEB6,2025-05-09,low,MISSING_VALUE,info,Valor ausente na extração
4191,4192,AHEB6,2025-05-09,average,MISSING_VALUE,info,Valor ausente na extração
4191,4192,AHEB6,2025-05-09,raw_volume,MISSING_VALUE,info,Valor ausente na extração
4192,4193,AHEB6,2025-05-12,close,MISSING_VALUE,info,Valor ausente na extração
4192,4193,AHEB6,2025-05-12,adjusted_quantity,MISSING_VALUE,info,Valor ausente na extração
4192,4193,AHEB6,2025-05-12,open,MISSING_VALUE,info,Valor ausente na extração
4192,4193,AHEB6,2025-05-12,high,MISSING_VALUE,info,Valor ausente na extração
4192,4193,AHEB6,2025-05-12,low,MISSING_VALUE,info,Valor ausente na extração
4192,4193,AHEB6,2025-05-12,average,MISSING_VALUE,info,Valor ausente na extração
4192,4193,AHEB6,2025-05-12,raw_volume,MISSING_VALUE,info,Valor ausente na extração
4193,4194,AHEB6,2025-05-13,close,MISSING_VALUE,info,Valor ausente na extração
4193,4194,AHEB6,2025-05-13,adjusted_quantity,MISSING_VALUE,info,Valor ausente na extração
4193,4194,AHEB6,2025-05-13,open,MISSING_VALUE,info,Valor ausente na extração
4193,4194,AHEB6,2025-05-13,high,MISSING_VALUE,info,Valor ausente na extração
4193,4194,AHEB6,2025-05-13,low,MISSING_VALUE,info,Valor ausente na extração
4193,4194,AHEB6,2025-05-13,average,MISSING_VALUE,info,Valor ausente na extração
4193,4194,AHEB6,2025-05-13,raw_volume,MISSING_VALUE,info,Valor ausente na extração
4194,4195,AHEB6,2025-05-14,close,MISSING_VALUE,info,Valor ausente na extração
4194,4195,AHEB6,2025-05-14,adjusted_quantity,MISSING_VALUE,info,Valor ausente na extração
4194,4195,AHEB6,2025-05-14,open,MISSING_VALUE,info,Valor ausente na extração
4194,4195,AHEB6,2025-05-14,high,MISSING_VALUE,info,Valor ausente na extração
4194,4195,AHEB6,2025-05-14,low,MISSING_VALUE,info,Valor ausente na extração
4194,4195,AHEB6,2025-05-14,average,MISSING_VALUE,info,Valor ausente na extração
4194,4195,AHEB6,2025-05-14,raw_volume,MISSING_VALUE,info,Valor ausente na extração
4195,4196,AHEB6,2025-05-15,close,MISSING_VALUE,info,Valor ausente na extração
4195,4196,AHEB6,2025-05-15,adjusted_quantity,MISSING_VALUE,info,Valor ausente na extração
4195,4196,AHEB6,2025-05-15,open,MISSING_VALUE,info,Valor ausente na extração
4195,4196,AHEB6,2025-05-15,high,MISSING_VALUE,info,Valor ausente na extração
4195,4196,AHEB6,2025-05-15,low,MISSING_VALUE,info,Valor ausente na extração
4195,4196,AHEB6,2025-05-15,average,MISSING_VALUE,info,Valor ausente na extração
4195,4196,AHEB6,2025-05-15,raw_volume,MISSING_VALUE,info,Valor ausente na extração
4196,4197,AHEB6,2025-05-16,close,MISSING_VALUE,info,Valor ausente na extração
4196,4197,AHEB6,2025-05-16,adjusted_quantity,MISSING_VALUE,info,Valor ausente na extração
4196,4197,AHEB6,2025-05-16,open,MISSING_VALUE,info,Valor ausente na extração
4196,4197,AHEB6,2025-05-16,high,MISSING_VALUE,info,Valor ausente na extração
4196,4197,AHEB6,2025-05-16,low,MISSING_VALUE,info,Valor ausente na extração
4196,4197,AHEB6,2025-05-16,average,MISSING_VALUE,info,Valor ausente na extração
4196,4197,AHEB6,2025-05-16,raw_volume,MISSING_VALUE,info,Valor ausente na extração
4198,4199,OPSE3,1920-01-02,close,MISSING_VALUE,info,Valor ausente na extração
4198,4199,OPSE3,1920-01-02,adjusted_quantity,MISSING_VALUE,info,Valor ausente na extração
4198,4199,OPSE3,1920-01-02,open,MISSING_VALUE,info,Valor ausente na extração
4198,4199,OPSE3,1920-01-02,high,MISSING_VALUE,info,Valor ausente na extração
4198,4199,OPSE3,1920-01-02,low,MISSING_VALUE,info,Valor ausente na extração
4198,4199,OPSE3,1920-01-02,average,MISSING_VALUE,info,Valor ausente na extração
4198,4199,OPSE3,1920-01-02,raw_volume,MISSING_VALUE,info,Valor ausente na extração
4199,4200,OPTS3,1920-01-02,close,MISSING_VALUE,info,Valor ausente na extração
4199,4200,OPTS3,1920-01-02,adjusted_quantity,MISSING_VALUE,info,Valor ausente na extração
4199,4200,OPTS3,1920-01-02,open,MISSING_VALUE,info,Valor ausente na extração
4199,4200,OPTS3,1920-01-02,high,MISSING_VALUE,info,Valor ausente na extração
4199,4200,OPTS3,1920-01-02,low,MISSING_VALUE,info,Valor ausente na extração
4199,4200,OPTS3,1920-01-02,average,MISSING_VALUE,info,Valor ausente na extração
4199,4200,OPTS3,1920-01-02,raw_volume,MISSING_VALUE,info,Valor ausente na extração
4200,4201,NEMO3,1920-01-02,close,MISSING_VALUE,info,Valor ausente na extração
4200,4201,NEMO3,1920-01-02,adjusted_quantity,MISSING_VALUE,info,Valor ausente na extração
4200,4201,NEMO3,1920-01-02,open,MISSING_VALUE,info,Valor ausente na extração
4200,4201,NEMO3,1920-01-02,high,MISSING_VALUE,info,Valor ausente na extração
4200,4201,NEMO3,1920-01-02,low,MISSING_VALUE,info,Valor ausente na extração
4200,4201,NEMO3,1920-01-02,average,MISSING_VALUE,info,Valor ausente na extração
4200,4201,NEMO3,1920-01-02,raw_volume,MISSING_VALUE,info,Valor ausente na extração
4201,4202,NEMO5,2010-02-23,close,MISSING_VALUE,info,Valor ausente na extração
4201,4202,NEMO5,2010-02-23,adjusted_quantity,MISSING_VALUE,info,Valor ausente na extração
4201,4202,NEMO5,2010-02-23,open,MISSING_VALUE,info,Valor ausente na extração
4201,4202,NEMO5,2010-02-23,high,MISSING_VALUE,info,Valor ausente na extração
4201,4202,NEMO5,2010-02-23,low,MISSING_VALUE,info,Valor ausente na extração
4201,4202,NEMO5,2010-02-23,average,MISSING_VALUE,info,Valor ausente na extração
4201,4202,NEMO5,2010-02-23,raw_volume,MISSING_VALUE,info,Valor ausente na extração
4202,4203,NEMO5,2010-02-24,close,MISSING_VALUE,info,Valor ausente na extração
4202,4203,NEMO5,2010-02-24,adjusted_quantity,MISSING_VALUE,info,Valor ausente na extração
4202,4203,NEMO5,2010-02-24,open,MISSING_VALUE,info,Valor ausente na extração
4202,4203,NEMO5,2010-02-24,high,MISSING_VALUE,info,Valor ausente na extração
4202,4203,NEMO5,2010-02-24,low,MISSING_VALUE,info,Valor ausente na extração
4202,4203,NEMO5,2010-02-24,average,MISSING_VALUE,info,Valor ausente na extração
4202,4203,NEMO5,2010-02-24,raw_volume,MISSING_VALUE,info,Valor ausente na extração
4203,4204,NEMO5,2010-02-25,close,MISSING_VALUE,info,Valor ausente na extração
4203,4204,NEMO5,2010-02-25,adjusted_quantity,MISSING_VALUE,info,Valor ausente na extração
4203,4204,NEMO5,2010-02-25,open,MISSING_VALUE,info,Valor ausente na extração
4203,4204,NEMO5,2010-02-25,high,MISSING_VALUE,info,Valor ausente na extração
4203,4204,NEMO5,2010-02-25,low,MISSING_VALUE,info,Valor ausente na extração
4203,4204,NEMO5,2010-02-25,average,MISSING_VALUE,info,Valor ausente na extração
4203,4204,NEMO5,2010-02-25,raw_volume,MISSING_VALUE,info,Valor ausente na extração
4204,4205,NEMO5,2010-02-26,close,MISSING_VALUE,info,Valor ausente na extração
4204,4205,NEMO5,2010-02-26,adjusted_quantity,MISSING_VALUE,info,Valor ausente na extração
4204,4205,NEMO5,2010-02-26,open,MISSING_VALUE,info,Valor ausente na extração
4204,4205,NEMO5,2010-02-26,high,MISSING_VALUE,info,Valor ausente na extração
4204,4205,NEMO5,2010-02-26,low,MISSING_VALUE,info,Valor ausente na extração
4204,4205,NEMO5,2010-02-26,average,MISSING_VALUE,info,Valor ausente na extração
4204,4205,NEMO5,2010-02-26,raw_volume,MISSING_VALUE,info,Valor ausente na extração
4205,4206,NEMO5,2010-03-01,close,MISSING_VALUE,info,Valor ausente na extração
4205,4206,NEMO5,2010-03-01,adjusted_quantity,MISSING_VALUE,info,Valor ausente na extração
4205,4206,NEMO5,2010-03-01,open,MISSING_VALUE,info,Valor ausente na extração
4205,4206,NEMO5,2010-03-01,high,MISSING_VALUE,info,Valor ausente na extração
4205,4206,NEMO5,2010-03-01,low,MISSING_VALUE,info,Valor ausente na extração
4205,4206,NEMO5,2010-03-01,average,MISSING_VALUE,info,Valor ausente na extração
4205,4206,NEMO5,2010-03-01,raw_volume,MISSING_VALUE,info,Valor ausente na extração
4206,4207,NEMO5,2010-03-02,close,MISSING_VALUE,info,Valor ausente na extração
4206,4207,NEMO5,2010-03-02,adjusted_quantity,MISSING_VALUE,info,Valor ausente na extração
4206,4207,NEMO5,2010-03-02,open,MISSING_VALUE,info,Valor ausente na extração
4206,4207,NEMO5,2010-03-02,high,MISSING_VALUE,info,Valor ausente na extração
4206,4207,NEMO5,2010-03-02,low,MISSING_VALUE,info,Valor ausente na extração
4206,4207,NEMO5,2010-03-02,average,MISSING_VALUE,info,Valor ausente na extração
4206,4207,NEMO5,2010-03-02,raw_volume,MISSING_VALUE,info,Valor ausente na extração
4207,4208,NEMO5,2010-03-03,close,MISSING_VALUE,info,Valor ausente na extração
4207,4208,NEMO5,2010-03-03,adjusted_quantity,MISSING_VALUE,info,Valor ausente na extração
4207,4208,NEMO5,2010-03-03,open,MISSING_VALUE,info,Valor ausente na extração
4207,4208,NEMO5,2010-03-03,high,MISSING_VALUE,info,Valor ausente na extração
4207,4208,NEMO5,2010-03-03,low,MISSING_VALUE,info,Valor ausente na extração
4207,4208,NEMO5,2010-03-03,average,MISSING_VALUE,info,Valor ausente na extração
4207,4208,NEMO5,2010-03-03,raw_volume,MISSING_VALUE,info,Valor ausente na extração
4208,4209,NEMO5,2010-03-04,close,MISSING_VALUE,info,Valor ausente na extração
4208,4209,NEMO5,2010-03-04,adjusted_quantity,MISSING_VALUE,info,Valor ausente na extração
4208,4209,NEMO5,2010-03-04,open,MISSING_VALUE,info,Valor ausente na extração
4208,4209,NEMO5,2010-03-04,high,MISSING_VALUE,info,Valor ausente na extração
4208,4209,NEMO5,2010-03-04,low,MISSING_VALUE,info,Valor ausente na extração
4208,4209,NEMO5,2010-03-04,average,MISSING_VALUE,info,Valor ausente na extração
4208,4209,NEMO5,2010-03-04,raw_volume,MISSING_VALUE,info,Valor ausente na extração
4209,4210,NEMO5,2010-03-05,close,MISSING_VALUE,info,Valor ausente na extração
4209,4210,NEMO5,2010-03-05,adjusted_quantity,MISSING_VALUE,info,Valor ausente na extração
4209,4210,NEMO5,2010-03-05,open,MISSING_VALUE,info,Valor ausente na extração
4209,4210,NEMO5,2010-03-05,high,MISSING_VALUE,info,Valor ausente na extração
4209,4210,NEMO5,2010-03-05,low,MISSING_VALUE,info,Valor ausente na extração
4209,4210,NEMO5,2010-03-05,average,MISSING_VALUE,info,Valor ausente na extração
4209,4210,NEMO5,2010-03-05,raw_volume,MISSING_VALUE,info,Valor ausente na extração
4210,4211,NEMO5,2010-03-08,close,MISSING_VALUE,info,Valor ausente na extração
4210,4211,NEMO5,2010-03-08,adjusted_quantity,MISSING_VALUE,info,Valor ausente na extração
4210,4211,NEMO5,2010-03-08,open,MISSING_VALUE,info,Valor ausente na extração
4210,4211,NEMO5,2010-03-08,high,MISSING_VALUE,info,Valor ausente na extração
4210,4211,NEMO5,2010-03-08,low,MISSING_VALUE,info,Valor ausente na extração
4210,4211,NEMO5,2010-03-08,average,MISSING_VALUE,info,Valor ausente na extração
4210,4211,NEMO5,2010-03-08,raw_volume,MISSING_VALUE,info,Valor ausente na extração
4211,4212,NEMO5,2010-03-09,close,MISSING_VALUE,info,Valor ausente na extração
4211,4212,NEMO5,2010-03-09,open,MISSING_VALUE,info,Valor ausente na extração
4211,4212,NEMO5,2010-03-09,high,MISSING_VALUE,info,Valor ausente na extração
4211,4212,NEMO5,2010-03-09,low,MISSING_VALUE,info,Valor ausente na extração
4211,4212,NEMO5,2010-03-09,average,MISSING_VALUE,info,Valor ausente na extração
4212,4213,NEMO6,1920-01-02,close,MISSING_VALUE,info,Valor ausente na extração
4212,4213,NEMO6,1920-01-02,adjusted_quantity,MISSING_VALUE,info,Valor ausente na extração
4212,4213,NEMO6,1920-01-02,open,MISSING_VALUE,info,Valor ausente na extração
4212,4213,NEMO6,1920-01-02,high,MISSING_VALUE,info,Valor ausente na extração
4212,4213,NEMO6,1920-01-02,low,MISSING_VALUE,info,Valor ausente na extração
4212,4213,NEMO6,1920-01-02,average,MISSING_VALUE,info,Valor ausente na extração
4212,4213,NEMO6,1920-01-02,raw_volume,MISSING_VALUE,info,Valor ausente na extração
4213,4214,SUZB3,2026-09-07,close,MISSING_VALUE,info,Valor ausente na extração
4213,4214,SUZB3,2026-09-07,adjusted_quantity,MISSING_VALUE,info,Valor ausente na extração
4213,4214,SUZB3,2026-09-07,open,MISSING_VALUE,info,Valor ausente na extração
4213,4214,SUZB3,2026-09-07,high,MISSING_VALUE,info,Valor ausente na extração
4213,4214,SUZB3,2026-09-07,low,MISSING_VALUE,info,Valor ausente na extração
4213,4214,SUZB3,2026-09-07,average,MISSING_VALUE,info,Valor ausente na extração
4213,4214,SUZB3,2026-09-07,raw_volume,MISSING_VALUE,info,Valor ausente na extração
4224,4225,SYNE3,2026-09-07,close,MISSING_VALUE,info,Valor ausente na extração
4224,4225,SYNE3,2026-09-07,adjusted_quantity,MISSING_VALUE,info,Valor ausente na extração
4224,4225,SYNE3,2026-09-07,open,MISSING_VALUE,info,Valor ausente na extração
4224,4225,SYNE3,2026-09-07,high,MISSING_VALUE,info,Valor ausente na extração
4224,4225,SYNE3,2026-09-07,low,MISSING_VALUE,info,Valor ausente na extração
4224,4225,SYNE3,2026-09-07,average,MISSING_VALUE,info,Valor ausente na extração
4224,4225,SYNE3,2026-09-07,raw_volume,MISSING_VALUE,info,Valor ausente na extração
4235,4236,TAEE3,2026-09-07,close,MISSING_VALUE,info,Valor ausente na extração
4235,4236,TAEE3,2026-09-07,adjusted_quantity,MISSING_VALUE,info,Valor ausente na extração
4235,4236,TAEE3,2026-09-07,open,MISSING_VALUE,info,Valor ausente na extração
4235,4236,TAEE3,2026-09-07,high,MISSING_VALUE,info,Valor ausente na extração
4235,4236,TAEE3,2026-09-07,low,MISSING_VALUE,info,Valor ausente na extração
4235,4236,TAEE3,2026-09-07,average,MISSING_VALUE,info,Valor ausente na extração
4235,4236,TAEE3,2026-09-07,raw_volume,MISSING_VALUE,info,Valor ausente na extração
4246,4247,TAEE4,2026-09-07,close,MISSING_VALUE,info,Valor ausente na extração
4246,4247,TAEE4,2026-09-07,adjusted_quantity,MISSING_VALUE,info,Valor ausente na extração
4246,4247,TAEE4,2026-09-07,open,MISSING_VALUE,info,Valor ausente na extração
4246,4247,TAEE4,2026-09-07,high,MISSING_VALUE,info,Valor ausente na extração
4246,4247,TAEE4,2026-09-07,low,MISSING_VALUE,info,Valor ausente na extração
4246,4247,TAEE4,2026-09-07,average,MISSING_VALUE,info,Valor ausente na extração
4246,4247,TAEE4,2026-09-07,raw_volume,MISSING_VALUE,info,Valor ausente na extração
4257,4258,TAEE11,2026-09-07,close,MISSING_VALUE,info,Valor ausente na extração
4257,4258,TAEE11,2026-09-07,adjusted_quantity,MISSING_VALUE,info,Valor ausente na extração
4257,4258,TAEE11,2026-09-07,open,MISSING_VALUE,info,Valor ausente na extração
4257,4258,TAEE11,2026-09-07,high,MISSING_VALUE,info,Valor ausente na extração
4257,4258,TAEE11,2026-09-07,low,MISSING_VALUE,info,Valor ausente na extração
4257,4258,TAEE11,2026-09-07,average,MISSING_VALUE,info,Valor ausente na extração
4257,4258,TAEE11,2026-09-07,raw_volume,MISSING_VALUE,info,Valor ausente na extração
4257,4258,TAEE11,2026-09-07,Ativo,INSTRUMENT_AMBIGUOUS,warning,Final 11 pode representar instrumentos distintos
4258,4259,TAEE11,2026-09-08,Ativo,INSTRUMENT_AMBIGUOUS,warning,Final 11 pode representar instrumentos distintos
4259,4260,TAEE11,2026-09-09,Ativo,INSTRUMENT_AMBIGUOUS,warning,Final 11 pode representar instrumentos distintos
4260,4261,TAEE11,2026-09-10,Ativo,INSTRUMENT_AMBIGUOUS,warning,Final 11 pode representar instrumentos distintos
4261,4262,TAEE11,2026-09-11,Ativo,INSTRUMENT_AMBIGUOUS,warning,Final 11 pode representar instrumentos distintos
4262,4263,TAEE11,2026-09-14,Ativo,INSTRUMENT_AMBIGUOUS,warning,Final 11 pode representar instrumentos distintos
4263,4264,TAEE11,2026-09-15,Ativo,INSTRUMENT_AMBIGUOUS,warning,Final 11 pode representar instrumentos distintos
4264,4265,TAEE11,2026-09-16,Ativo,INSTRUMENT_AMBIGUOUS,warning,Final 11 pode representar instrumentos distintos
4265,4266,TAEE11,2026-09-17,Ativo,INSTRUMENT_AMBIGUOUS,warning,Final 11 pode representar instrumentos distintos
4266,4267,TAEE11,2026-09-18,Ativo,INSTRUMENT_AMBIGUOUS,warning,Final 11 pode representar instrumentos distintos
4267,4268,TAEE11,2026-09-21,Ativo,INSTRUMENT_AMBIGUOUS,warning,Final 11 pode representar instrumentos distintos
4268,4269,TASA3,2026-09-07,close,MISSING_VALUE,info,Valor ausente na extração
4268,4269,TASA3,2026-09-07,adjusted_quantity,MISSING_VALUE,info,Valor ausente na extração
4268,4269,TASA3,2026-09-07,open,MISSING_VALUE,info,Valor ausente na extração
4268,4269,TASA3,2026-09-07,high,MISSING_VALUE,info,Valor ausente na extração
4268,4269,TASA3,2026-09-07,low,MISSING_VALUE,info,Valor ausente na extração
4268,4269,TASA3,2026-09-07,average,MISSING_VALUE,info,Valor ausente na extração
4268,4269,TASA3,2026-09-07,raw_volume,MISSING_VALUE,info,Valor ausente na extração
4279,4280,TASA4,2026-09-07,close,MISSING_VALUE,info,Valor ausente na extração
4279,4280,TASA4,2026-09-07,adjusted_quantity,MISSING_VALUE,info,Valor ausente na extração
4279,4280,TASA4,2026-09-07,open,MISSING_VALUE,info,Valor ausente na extração
4279,4280,TASA4,2026-09-07,high,MISSING_VALUE,info,Valor ausente na extração
4279,4280,TASA4,2026-09-07,low,MISSING_VALUE,info,Valor ausente na extração
4279,4280,TASA4,2026-09-07,average,MISSING_VALUE,info,Valor ausente na extração
4279,4280,TASA4,2026-09-07,raw_volume,MISSING_VALUE,info,Valor ausente na extração
4290,4291,TECN3,2026-09-07,close,MISSING_VALUE,info,Valor ausente na extração
4290,4291,TECN3,2026-09-07,adjusted_quantity,MISSING_VALUE,info,Valor ausente na extração
4290,4291,TECN3,2026-09-07,open,MISSING_VALUE,info,Valor ausente na extração
4290,4291,TECN3,2026-09-07,high,MISSING_VALUE,info,Valor ausente na extração
4290,4291,TECN3,2026-09-07,low,MISSING_VALUE,info,Valor ausente na extração
4290,4291,TECN3,2026-09-07,average,MISSING_VALUE,info,Valor ausente na extração
4290,4291,TECN3,2026-09-07,raw_volume,MISSING_VALUE,info,Valor ausente na extração
4301,4302,TCSA3,2026-09-07,close,MISSING_VALUE,info,Valor ausente na extração
4301,4302,TCSA3,2026-09-07,adjusted_quantity,MISSING_VALUE,info,Valor ausente na extração
4301,4302,TCSA3,2026-09-07,open,MISSING_VALUE,info,Valor ausente na extração
4301,4302,TCSA3,2026-09-07,high,MISSING_VALUE,info,Valor ausente na extração
4301,4302,TCSA3,2026-09-07,low,MISSING_VALUE,info,Valor ausente na extração
4301,4302,TCSA3,2026-09-07,average,MISSING_VALUE,info,Valor ausente na extração
4301,4302,TCSA3,2026-09-07,raw_volume,MISSING_VALUE,info,Valor ausente na extração
4312,4313,TGMA3,2026-09-07,close,MISSING_VALUE,info,Valor ausente na extração
4312,4313,TGMA3,2026-09-07,adjusted_quantity,MISSING_VALUE,info,Valor ausente na extração
4312,4313,TGMA3,2026-09-07,open,MISSING_VALUE,info,Valor ausente na extração
4312,4313,TGMA3,2026-09-07,high,MISSING_VALUE,info,Valor ausente na extração
4312,4313,TGMA3,2026-09-07,low,MISSING_VALUE,info,Valor ausente na extração
4312,4313,TGMA3,2026-09-07,average,MISSING_VALUE,info,Valor ausente na extração
4312,4313,TGMA3,2026-09-07,raw_volume,MISSING_VALUE,info,Valor ausente na extração
4323,4324,TELB3,2026-09-07,close,MISSING_VALUE,info,Valor ausente na extração
4323,4324,TELB3,2026-09-07,adjusted_quantity,MISSING_VALUE,info,Valor ausente na extração
4323,4324,TELB3,2026-09-07,open,MISSING_VALUE,info,Valor ausente na extração
4323,4324,TELB3,2026-09-07,high,MISSING_VALUE,info,Valor ausente na extração
4323,4324,TELB3,2026-09-07,low,MISSING_VALUE,info,Valor ausente na extração
4323,4324,TELB3,2026-09-07,average,MISSING_VALUE,info,Valor ausente na extração
4323,4324,TELB3,2026-09-07,raw_volume,MISSING_VALUE,info,Valor ausente na extração
4324,4325,TELB3,2026-09-08,close,MISSING_VALUE,info,Valor ausente na extração
4324,4325,TELB3,2026-09-08,adjusted_quantity,MISSING_VALUE,info,Valor ausente na extração
4324,4325,TELB3,2026-09-08,open,MISSING_VALUE,info,Valor ausente na extração
4324,4325,TELB3,2026-09-08,high,MISSING_VALUE,info,Valor ausente na extração
4324,4325,TELB3,2026-09-08,low,MISSING_VALUE,info,Valor ausente na extração
4324,4325,TELB3,2026-09-08,average,MISSING_VALUE,info,Valor ausente na extração
4324,4325,TELB3,2026-09-08,raw_volume,MISSING_VALUE,info,Valor ausente na extração
4327,4328,TELB3,2026-09-11,close,MISSING_VALUE,info,Valor ausente na extração
4327,4328,TELB3,2026-09-11,adjusted_quantity,MISSING_VALUE,info,Valor ausente na extração
4327,4328,TELB3,2026-09-11,open,MISSING_VALUE,info,Valor ausente na extração
4327,4328,TELB3,2026-09-11,high,MISSING_VALUE,info,Valor ausente na extração
4327,4328,TELB3,2026-09-11,low,MISSING_VALUE,info,Valor ausente na extração
4327,4328,TELB3,2026-09-11,average,MISSING_VALUE,info,Valor ausente na extração
4327,4328,TELB3,2026-09-11,raw_volume,MISSING_VALUE,info,Valor ausente na extração
4332,4333,TELB3,2026-09-18,close,MISSING_VALUE,info,Valor ausente na extração
4332,4333,TELB3,2026-09-18,adjusted_quantity,MISSING_VALUE,info,Valor ausente na extração
4332,4333,TELB3,2026-09-18,open,MISSING_VALUE,info,Valor ausente na extração
4332,4333,TELB3,2026-09-18,high,MISSING_VALUE,info,Valor ausente na extração
4332,4333,TELB3,2026-09-18,low,MISSING_VALUE,info,Valor ausente na extração
4332,4333,TELB3,2026-09-18,average,MISSING_VALUE,info,Valor ausente na extração
4332,4333,TELB3,2026-09-18,raw_volume,MISSING_VALUE,info,Valor ausente na extração
4334,4335,TELB4,2026-09-07,close,MISSING_VALUE,info,Valor ausente na extração
4334,4335,TELB4,2026-09-07,adjusted_quantity,MISSING_VALUE,info,Valor ausente na extração
4334,4335,TELB4,2026-09-07,open,MISSING_VALUE,info,Valor ausente na extração
4334,4335,TELB4,2026-09-07,high,MISSING_VALUE,info,Valor ausente na extração
4334,4335,TELB4,2026-09-07,low,MISSING_VALUE,info,Valor ausente na extração
4334,4335,TELB4,2026-09-07,average,MISSING_VALUE,info,Valor ausente na extração
4334,4335,TELB4,2026-09-07,raw_volume,MISSING_VALUE,info,Valor ausente na extração
4343,4344,TELB4,2026-09-18,close,MISSING_VALUE,info,Valor ausente na extração
4343,4344,TELB4,2026-09-18,adjusted_quantity,MISSING_VALUE,info,Valor ausente na extração
4343,4344,TELB4,2026-09-18,open,MISSING_VALUE,info,Valor ausente na extração
4343,4344,TELB4,2026-09-18,high,MISSING_VALUE,info,Valor ausente na extração
4343,4344,TELB4,2026-09-18,low,MISSING_VALUE,info,Valor ausente na extração
4343,4344,TELB4,2026-09-18,average,MISSING_VALUE,info,Valor ausente na extração
4343,4344,TELB4,2026-09-18,raw_volume,MISSING_VALUE,info,Valor ausente na extração
4345,4346,VIVT3,2026-09-07,close,MISSING_VALUE,info,Valor ausente na extração
4345,4346,VIVT3,2026-09-07,adjusted_quantity,MISSING_VALUE,info,Valor ausente na extração
4345,4346,VIVT3,2026-09-07,open,MISSING_VALUE,info,Valor ausente na extração
4345,4346,VIVT3,2026-09-07,high,MISSING_VALUE,info,Valor ausente na extração
4345,4346,VIVT3,2026-09-07,low,MISSING_VALUE,info,Valor ausente na extração
4345,4346,VIVT3,2026-09-07,average,MISSING_VALUE,info,Valor ausente na extração
4345,4346,VIVT3,2026-09-07,raw_volume,MISSING_VALUE,info,Valor ausente na extração
4356,4357,TEND3,2026-09-07,close,MISSING_VALUE,info,Valor ausente na extração
4356,4357,TEND3,2026-09-07,adjusted_quantity,MISSING_VALUE,info,Valor ausente na extração
4356,4357,TEND3,2026-09-07,open,MISSING_VALUE,info,Valor ausente na extração
4356,4357,TEND3,2026-09-07,high,MISSING_VALUE,info,Valor ausente na extração
4356,4357,TEND3,2026-09-07,low,MISSING_VALUE,info,Valor ausente na extração
4356,4357,TEND3,2026-09-07,average,MISSING_VALUE,info,Valor ausente na extração
4356,4357,TEND3,2026-09-07,raw_volume,MISSING_VALUE,info,Valor ausente na extração
4367,4368,LAND3,2026-09-07,close,MISSING_VALUE,info,Valor ausente na extração
4367,4368,LAND3,2026-09-07,adjusted_quantity,MISSING_VALUE,info,Valor ausente na extração
4367,4368,LAND3,2026-09-07,open,MISSING_VALUE,info,Valor ausente na extração
4367,4368,LAND3,2026-09-07,high,MISSING_VALUE,info,Valor ausente na extração
4367,4368,LAND3,2026-09-07,low,MISSING_VALUE,info,Valor ausente na extração
4367,4368,LAND3,2026-09-07,average,MISSING_VALUE,info,Valor ausente na extração
4367,4368,LAND3,2026-09-07,raw_volume,MISSING_VALUE,info,Valor ausente na extração
4378,4379,TXRX3,2026-07-10,close,MISSING_VALUE,info,Valor ausente na extração
4378,4379,TXRX3,2026-07-10,adjusted_quantity,MISSING_VALUE,info,Valor ausente na extração
4378,4379,TXRX3,2026-07-10,open,MISSING_VALUE,info,Valor ausente na extração
4378,4379,TXRX3,2026-07-10,high,MISSING_VALUE,info,Valor ausente na extração
4378,4379,TXRX3,2026-07-10,low,MISSING_VALUE,info,Valor ausente na extração
4378,4379,TXRX3,2026-07-10,average,MISSING_VALUE,info,Valor ausente na extração
4378,4379,TXRX3,2026-07-10,raw_volume,MISSING_VALUE,info,Valor ausente na extração
4379,4380,TXRX3,2026-07-13,close,MISSING_VALUE,info,Valor ausente na extração
4379,4380,TXRX3,2026-07-13,adjusted_quantity,MISSING_VALUE,info,Valor ausente na extração
4379,4380,TXRX3,2026-07-13,open,MISSING_VALUE,info,Valor ausente na extração
4379,4380,TXRX3,2026-07-13,high,MISSING_VALUE,info,Valor ausente na extração
4379,4380,TXRX3,2026-07-13,low,MISSING_VALUE,info,Valor ausente na extração
4379,4380,TXRX3,2026-07-13,average,MISSING_VALUE,info,Valor ausente na extração
4379,4380,TXRX3,2026-07-13,raw_volume,MISSING_VALUE,info,Valor ausente na extração
4380,4381,TXRX3,2026-07-14,close,MISSING_VALUE,info,Valor ausente na extração
4380,4381,TXRX3,2026-07-14,adjusted_quantity,MISSING_VALUE,info,Valor ausente na extração
4380,4381,TXRX3,2026-07-14,open,MISSING_VALUE,info,Valor ausente na extração
4380,4381,TXRX3,2026-07-14,high,MISSING_VALUE,info,Valor ausente na extração
4380,4381,TXRX3,2026-07-14,low,MISSING_VALUE,info,Valor ausente na extração
4380,4381,TXRX3,2026-07-14,average,MISSING_VALUE,info,Valor ausente na extração
4380,4381,TXRX3,2026-07-14,raw_volume,MISSING_VALUE,info,Valor ausente na extração
4381,4382,TXRX3,2026-07-15,close,MISSING_VALUE,info,Valor ausente na extração
4381,4382,TXRX3,2026-07-15,adjusted_quantity,MISSING_VALUE,info,Valor ausente na extração
4381,4382,TXRX3,2026-07-15,open,MISSING_VALUE,info,Valor ausente na extração
4381,4382,TXRX3,2026-07-15,high,MISSING_VALUE,info,Valor ausente na extração
4381,4382,TXRX3,2026-07-15,low,MISSING_VALUE,info,Valor ausente na extração
4381,4382,TXRX3,2026-07-15,average,MISSING_VALUE,info,Valor ausente na extração
4381,4382,TXRX3,2026-07-15,raw_volume,MISSING_VALUE,info,Valor ausente na extração
4382,4383,TXRX3,2026-07-16,close,MISSING_VALUE,info,Valor ausente na extração
4382,4383,TXRX3,2026-07-16,adjusted_quantity,MISSING_VALUE,info,Valor ausente na extração
4382,4383,TXRX3,2026-07-16,open,MISSING_VALUE,info,Valor ausente na extração
4382,4383,TXRX3,2026-07-16,high,MISSING_VALUE,info,Valor ausente na extração
4382,4383,TXRX3,2026-07-16,low,MISSING_VALUE,info,Valor ausente na extração
4382,4383,TXRX3,2026-07-16,average,MISSING_VALUE,info,Valor ausente na extração
4382,4383,TXRX3,2026-07-16,raw_volume,MISSING_VALUE,info,Valor ausente na extração
4383,4384,TXRX3,2026-07-17,close,MISSING_VALUE,info,Valor ausente na extração
4383,4384,TXRX3,2026-07-17,adjusted_quantity,MISSING_VALUE,info,Valor ausente na extração
4383,4384,TXRX3,2026-07-17,open,MISSING_VALUE,info,Valor ausente na extração
4383,4384,TXRX3,2026-07-17,high,MISSING_VALUE,info,Valor ausente na extração
4383,4384,TXRX3,2026-07-17,low,MISSING_VALUE,info,Valor ausente na extração
4383,4384,TXRX3,2026-07-17,average,MISSING_VALUE,info,Valor ausente na extração
4383,4384,TXRX3,2026-07-17,raw_volume,MISSING_VALUE,info,Valor ausente na extração
4384,4385,TXRX3,2026-07-20,close,MISSING_VALUE,info,Valor ausente na extração
4384,4385,TXRX3,2026-07-20,adjusted_quantity,MISSING_VALUE,info,Valor ausente na extração
4384,4385,TXRX3,2026-07-20,open,MISSING_VALUE,info,Valor ausente na extração
4384,4385,TXRX3,2026-07-20,high,MISSING_VALUE,info,Valor ausente na extração
4384,4385,TXRX3,2026-07-20,low,MISSING_VALUE,info,Valor ausente na extração
4384,4385,TXRX3,2026-07-20,average,MISSING_VALUE,info,Valor ausente na extração
4384,4385,TXRX3,2026-07-20,raw_volume,MISSING_VALUE,info,Valor ausente na extração
4385,4386,TXRX3,2026-07-21,close,MISSING_VALUE,info,Valor ausente na extração
4385,4386,TXRX3,2026-07-21,adjusted_quantity,MISSING_VALUE,info,Valor ausente na extração
4385,4386,TXRX3,2026-07-21,open,MISSING_VALUE,info,Valor ausente na extração
4385,4386,TXRX3,2026-07-21,high,MISSING_VALUE,info,Valor ausente na extração
4385,4386,TXRX3,2026-07-21,low,MISSING_VALUE,info,Valor ausente na extração
4385,4386,TXRX3,2026-07-21,average,MISSING_VALUE,info,Valor ausente na extração
4385,4386,TXRX3,2026-07-21,raw_volume,MISSING_VALUE,info,Valor ausente na extração
4386,4387,TXRX3,2026-07-22,close,MISSING_VALUE,info,Valor ausente na extração
4386,4387,TXRX3,2026-07-22,adjusted_quantity,MISSING_VALUE,info,Valor ausente na extração
4386,4387,TXRX3,2026-07-22,open,MISSING_VALUE,info,Valor ausente na extração
4386,4387,TXRX3,2026-07-22,high,MISSING_VALUE,info,Valor ausente na extração
4386,4387,TXRX3,2026-07-22,low,MISSING_VALUE,info,Valor ausente na extração
4386,4387,TXRX3,2026-07-22,average,MISSING_VALUE,info,Valor ausente na extração
4386,4387,TXRX3,2026-07-22,raw_volume,MISSING_VALUE,info,Valor ausente na extração
4387,4388,TXRX3,2026-07-23,close,MISSING_VALUE,info,Valor ausente na extração
4387,4388,TXRX3,2026-07-23,adjusted_quantity,MISSING_VALUE,info,Valor ausente na extração
4387,4388,TXRX3,2026-07-23,open,MISSING_VALUE,info,Valor ausente na extração
4387,4388,TXRX3,2026-07-23,high,MISSING_VALUE,info,Valor ausente na extração
4387,4388,TXRX3,2026-07-23,low,MISSING_VALUE,info,Valor ausente na extração
4387,4388,TXRX3,2026-07-23,average,MISSING_VALUE,info,Valor ausente na extração
4387,4388,TXRX3,2026-07-23,raw_volume,MISSING_VALUE,info,Valor ausente na extração
4389,4390,TXRX4,2026-09-07,close,MISSING_VALUE,info,Valor ausente na extração
4389,4390,TXRX4,2026-09-07,adjusted_quantity,MISSING_VALUE,info,Valor ausente na extração
4389,4390,TXRX4,2026-09-07,open,MISSING_VALUE,info,Valor ausente na extração
4389,4390,TXRX4,2026-09-07,high,MISSING_VALUE,info,Valor ausente na extração
4389,4390,TXRX4,2026-09-07,low,MISSING_VALUE,info,Valor ausente na extração
4389,4390,TXRX4,2026-09-07,average,MISSING_VALUE,info,Valor ausente na extração
4389,4390,TXRX4,2026-09-07,raw_volume,MISSING_VALUE,info,Valor ausente na extração
4390,4391,TXRX4,2026-09-08,close,MISSING_VALUE,info,Valor ausente na extração
4390,4391,TXRX4,2026-09-08,adjusted_quantity,MISSING_VALUE,info,Valor ausente na extração
4390,4391,TXRX4,2026-09-08,open,MISSING_VALUE,info,Valor ausente na extração
4390,4391,TXRX4,2026-09-08,high,MISSING_VALUE,info,Valor ausente na extração
4390,4391,TXRX4,2026-09-08,low,MISSING_VALUE,info,Valor ausente na extração
4390,4391,TXRX4,2026-09-08,average,MISSING_VALUE,info,Valor ausente na extração
4390,4391,TXRX4,2026-09-08,raw_volume,MISSING_VALUE,info,Valor ausente na extração
4391,4392,TXRX4,2026-09-09,close,MISSING_VALUE,info,Valor ausente na extração
4391,4392,TXRX4,2026-09-09,adjusted_quantity,MISSING_VALUE,info,Valor ausente na extração
4391,4392,TXRX4,2026-09-09,open,MISSING_VALUE,info,Valor ausente na extração
4391,4392,TXRX4,2026-09-09,high,MISSING_VALUE,info,Valor ausente na extração
4391,4392,TXRX4,2026-09-09,low,MISSING_VALUE,info,Valor ausente na extração
4391,4392,TXRX4,2026-09-09,average,MISSING_VALUE,info,Valor ausente na extração
4391,4392,TXRX4,2026-09-09,raw_volume,MISSING_VALUE,info,Valor ausente na extração
4400,4401,TIMS3,2026-09-07,close,MISSING_VALUE,info,Valor ausente na extração
4400,4401,TIMS3,2026-09-07,adjusted_quantity,MISSING_VALUE,info,Valor ausente na extração
4400,4401,TIMS3,2026-09-07,open,MISSING_VALUE,info,Valor ausente na extração
4400,4401,TIMS3,2026-09-07,high,MISSING_VALUE,info,Valor ausente na extração
4400,4401,TIMS3,2026-09-07,low,MISSING_VALUE,info,Valor ausente na extração
4400,4401,TIMS3,2026-09-07,average,MISSING_VALUE,info,Valor ausente na extração
4400,4401,TIMS3,2026-09-07,raw_volume,MISSING_VALUE,info,Valor ausente na extração
4411,4412,TOTS3,2026-09-07,close,MISSING_VALUE,info,Valor ausente na extração
4411,4412,TOTS3,2026-09-07,adjusted_quantity,MISSING_VALUE,info,Valor ausente na extração
4411,4412,TOTS3,2026-09-07,open,MISSING_VALUE,info,Valor ausente na extração
4411,4412,TOTS3,2026-09-07,high,MISSING_VALUE,info,Valor ausente na extração
4411,4412,TOTS3,2026-09-07,low,MISSING_VALUE,info,Valor ausente na extração
4411,4412,TOTS3,2026-09-07,average,MISSING_VALUE,info,Valor ausente na extração
4411,4412,TOTS3,2026-09-07,raw_volume,MISSING_VALUE,info,Valor ausente na extração
4422,4423,TFCO4,2026-09-07,close,MISSING_VALUE,info,Valor ausente na extração
4422,4423,TFCO4,2026-09-07,adjusted_quantity,MISSING_VALUE,info,Valor ausente na extração
4422,4423,TFCO4,2026-09-07,open,MISSING_VALUE,info,Valor ausente na extração
4422,4423,TFCO4,2026-09-07,high,MISSING_VALUE,info,Valor ausente na extração
4422,4423,TFCO4,2026-09-07,low,MISSING_VALUE,info,Valor ausente na extração
4422,4423,TFCO4,2026-09-07,average,MISSING_VALUE,info,Valor ausente na extração
4422,4423,TFCO4,2026-09-07,raw_volume,MISSING_VALUE,info,Valor ausente na extração
4433,4434,LUXM3,2015-05-11,close,MISSING_VALUE,info,Valor ausente na extração
4433,4434,LUXM3,2015-05-11,adjusted_quantity,MISSING_VALUE,info,Valor ausente na extração
4433,4434,LUXM3,2015-05-11,open,MISSING_VALUE,info,Valor ausente na extração
4433,4434,LUXM3,2015-05-11,high,MISSING_VALUE,info,Valor ausente na extração
4433,4434,LUXM3,2015-05-11,low,MISSING_VALUE,info,Valor ausente na extração
4433,4434,LUXM3,2015-05-11,average,MISSING_VALUE,info,Valor ausente na extração
4433,4434,LUXM3,2015-05-11,raw_volume,MISSING_VALUE,info,Valor ausente na extração
4434,4435,LUXM3,2015-05-12,close,MISSING_VALUE,info,Valor ausente na extração
4434,4435,LUXM3,2015-05-12,adjusted_quantity,MISSING_VALUE,info,Valor ausente na extração
4434,4435,LUXM3,2015-05-12,open,MISSING_VALUE,info,Valor ausente na extração
4434,4435,LUXM3,2015-05-12,high,MISSING_VALUE,info,Valor ausente na extração
4434,4435,LUXM3,2015-05-12,low,MISSING_VALUE,info,Valor ausente na extração
4434,4435,LUXM3,2015-05-12,average,MISSING_VALUE,info,Valor ausente na extração
4434,4435,LUXM3,2015-05-12,raw_volume,MISSING_VALUE,info,Valor ausente na extração
4435,4436,LUXM3,2015-05-13,close,MISSING_VALUE,info,Valor ausente na extração
4435,4436,LUXM3,2015-05-13,open,MISSING_VALUE,info,Valor ausente na extração
4435,4436,LUXM3,2015-05-13,high,MISSING_VALUE,info,Valor ausente na extração
4435,4436,LUXM3,2015-05-13,low,MISSING_VALUE,info,Valor ausente na extração
4435,4436,LUXM3,2015-05-13,average,MISSING_VALUE,info,Valor ausente na extração
4436,4437,LUXM3,2015-05-14,close,MISSING_VALUE,info,Valor ausente na extração
4436,4437,LUXM3,2015-05-14,open,MISSING_VALUE,info,Valor ausente na extração
4436,4437,LUXM3,2015-05-14,high,MISSING_VALUE,info,Valor ausente na extração
4436,4437,LUXM3,2015-05-14,low,MISSING_VALUE,info,Valor ausente na extração
4436,4437,LUXM3,2015-05-14,average,MISSING_VALUE,info,Valor ausente na extração
4437,4438,LUXM3,2015-05-15,close,MISSING_VALUE,info,Valor ausente na extração
4437,4438,LUXM3,2015-05-15,adjusted_quantity,MISSING_VALUE,info,Valor ausente na extração
4437,4438,LUXM3,2015-05-15,open,MISSING_VALUE,info,Valor ausente na extração
4437,4438,LUXM3,2015-05-15,high,MISSING_VALUE,info,Valor ausente na extração
4437,4438,LUXM3,2015-05-15,low,MISSING_VALUE,info,Valor ausente na extração
4437,4438,LUXM3,2015-05-15,average,MISSING_VALUE,info,Valor ausente na extração
4437,4438,LUXM3,2015-05-15,raw_volume,MISSING_VALUE,info,Valor ausente na extração
4438,4439,LUXM3,2015-05-18,close,MISSING_VALUE,info,Valor ausente na extração
4438,4439,LUXM3,2015-05-18,adjusted_quantity,MISSING_VALUE,info,Valor ausente na extração
4438,4439,LUXM3,2015-05-18,open,MISSING_VALUE,info,Valor ausente na extração
4438,4439,LUXM3,2015-05-18,high,MISSING_VALUE,info,Valor ausente na extração
4438,4439,LUXM3,2015-05-18,low,MISSING_VALUE,info,Valor ausente na extração
4438,4439,LUXM3,2015-05-18,average,MISSING_VALUE,info,Valor ausente na extração
4438,4439,LUXM3,2015-05-18,raw_volume,MISSING_VALUE,info,Valor ausente na extração
4439,4440,LUXM3,2015-05-19,close,MISSING_VALUE,info,Valor ausente na extração
4439,4440,LUXM3,2015-05-19,adjusted_quantity,MISSING_VALUE,info,Valor ausente na extração
4439,4440,LUXM3,2015-05-19,open,MISSING_VALUE,info,Valor ausente na extração
4439,4440,LUXM3,2015-05-19,high,MISSING_VALUE,info,Valor ausente na extração
4439,4440,LUXM3,2015-05-19,low,MISSING_VALUE,info,Valor ausente na extração
4439,4440,LUXM3,2015-05-19,average,MISSING_VALUE,info,Valor ausente na extração
4439,4440,LUXM3,2015-05-19,raw_volume,MISSING_VALUE,info,Valor ausente na extração
4440,4441,LUXM3,2015-05-20,close,MISSING_VALUE,info,Valor ausente na extração
4440,4441,LUXM3,2015-05-20,adjusted_quantity,MISSING_VALUE,info,Valor ausente na extração
4440,4441,LUXM3,2015-05-20,open,MISSING_VALUE,info,Valor ausente na extração
4440,4441,LUXM3,2015-05-20,high,MISSING_VALUE,info,Valor ausente na extração
4440,4441,LUXM3,2015-05-20,low,MISSING_VALUE,info,Valor ausente na extração
4440,4441,LUXM3,2015-05-20,average,MISSING_VALUE,info,Valor ausente na extração
4440,4441,LUXM3,2015-05-20,raw_volume,MISSING_VALUE,info,Valor ausente na extração
4441,4442,LUXM3,2015-05-21,close,MISSING_VALUE,info,Valor ausente na extração
4441,4442,LUXM3,2015-05-21,adjusted_quantity,MISSING_VALUE,info,Valor ausente na extração
4441,4442,LUXM3,2015-05-21,open,MISSING_VALUE,info,Valor ausente na extração
4441,4442,LUXM3,2015-05-21,high,MISSING_VALUE,info,Valor ausente na extração
4441,4442,LUXM3,2015-05-21,low,MISSING_VALUE,info,Valor ausente na extração
4441,4442,LUXM3,2015-05-21,average,MISSING_VALUE,info,Valor ausente na extração
4441,4442,LUXM3,2015-05-21,raw_volume,MISSING_VALUE,info,Valor ausente na extração
4442,4443,LUXM3,2015-05-22,close,MISSING_VALUE,info,Valor ausente na extração
4442,4443,LUXM3,2015-05-22,adjusted_quantity,MISSING_VALUE,info,Valor ausente na extração
4442,4443,LUXM3,2015-05-22,open,MISSING_VALUE,info,Valor ausente na extração
4442,4443,LUXM3,2015-05-22,high,MISSING_VALUE,info,Valor ausente na extração
4442,4443,LUXM3,2015-05-22,low,MISSING_VALUE,info,Valor ausente na extração
4442,4443,LUXM3,2015-05-22,average,MISSING_VALUE,info,Valor ausente na extração
4442,4443,LUXM3,2015-05-22,raw_volume,MISSING_VALUE,info,Valor ausente na extração
4443,4444,LUXM3,2015-05-25,close,MISSING_VALUE,info,Valor ausente na extração
4443,4444,LUXM3,2015-05-25,open,MISSING_VALUE,info,Valor ausente na extração
4443,4444,LUXM3,2015-05-25,high,MISSING_VALUE,info,Valor ausente na extração
4443,4444,LUXM3,2015-05-25,low,MISSING_VALUE,info,Valor ausente na extração
4443,4444,LUXM3,2015-05-25,average,MISSING_VALUE,info,Valor ausente na extração
4444,4445,LUXM4,2026-09-07,close,MISSING_VALUE,info,Valor ausente na extração
4444,4445,LUXM4,2026-09-07,adjusted_quantity,MISSING_VALUE,info,Valor ausente na extração
4444,4445,LUXM4,2026-09-07,open,MISSING_VALUE,info,Valor ausente na extração
4444,4445,LUXM4,2026-09-07,high,MISSING_VALUE,info,Valor ausente na extração
4444,4445,LUXM4,2026-09-07,low,MISSING_VALUE,info,Valor ausente na extração
4444,4445,LUXM4,2026-09-07,average,MISSING_VALUE,info,Valor ausente na extração
4444,4445,LUXM4,2026-09-07,raw_volume,MISSING_VALUE,info,Valor ausente na extração
4455,4456,TRIS3,2026-09-07,close,MISSING_VALUE,info,Valor ausente na extração
4455,4456,TRIS3,2026-09-07,adjusted_quantity,MISSING_VALUE,info,Valor ausente na extração
4455,4456,TRIS3,2026-09-07,open,MISSING_VALUE,info,Valor ausente na extração
4455,4456,TRIS3,2026-09-07,high,MISSING_VALUE,info,Valor ausente na extração
4455,4456,TRIS3,2026-09-07,low,MISSING_VALUE,info,Valor ausente na extração
4455,4456,TRIS3,2026-09-07,average,MISSING_VALUE,info,Valor ausente na extração
4455,4456,TRIS3,2026-09-07,raw_volume,MISSING_VALUE,info,Valor ausente na extração
4466,4467,TPIS3,2026-09-07,close,MISSING_VALUE,info,Valor ausente na extração
4466,4467,TPIS3,2026-09-07,adjusted_quantity,MISSING_VALUE,info,Valor ausente na extração
4466,4467,TPIS3,2026-09-07,open,MISSING_VALUE,info,Valor ausente na extração
4466,4467,TPIS3,2026-09-07,high,MISSING_VALUE,info,Valor ausente na extração
4466,4467,TPIS3,2026-09-07,low,MISSING_VALUE,info,Valor ausente na extração
4466,4467,TPIS3,2026-09-07,average,MISSING_VALUE,info,Valor ausente na extração
4466,4467,TPIS3,2026-09-07,raw_volume,MISSING_VALUE,info,Valor ausente na extração
4477,4478,TUPY3,2026-09-07,close,MISSING_VALUE,info,Valor ausente na extração
4477,4478,TUPY3,2026-09-07,adjusted_quantity,MISSING_VALUE,info,Valor ausente na extração
4477,4478,TUPY3,2026-09-07,open,MISSING_VALUE,info,Valor ausente na extração
4477,4478,TUPY3,2026-09-07,high,MISSING_VALUE,info,Valor ausente na extração
4477,4478,TUPY3,2026-09-07,low,MISSING_VALUE,info,Valor ausente na extração
4477,4478,TUPY3,2026-09-07,average,MISSING_VALUE,info,Valor ausente na extração
4477,4478,TUPY3,2026-09-07,raw_volume,MISSING_VALUE,info,Valor ausente na extração
4488,4489,UGPA3,2026-09-07,close,MISSING_VALUE,info,Valor ausente na extração
4488,4489,UGPA3,2026-09-07,adjusted_quantity,MISSING_VALUE,info,Valor ausente na extração
4488,4489,UGPA3,2026-09-07,open,MISSING_VALUE,info,Valor ausente na extração
4488,4489,UGPA3,2026-09-07,high,MISSING_VALUE,info,Valor ausente na extração
4488,4489,UGPA3,2026-09-07,low,MISSING_VALUE,info,Valor ausente na extração
4488,4489,UGPA3,2026-09-07,average,MISSING_VALUE,info,Valor ausente na extração
4488,4489,UGPA3,2026-09-07,raw_volume,MISSING_VALUE,info,Valor ausente na extração
4499,4500,UCAS3,2026-09-07,close,MISSING_VALUE,info,Valor ausente na extração
4499,4500,UCAS3,2026-09-07,adjusted_quantity,MISSING_VALUE,info,Valor ausente na extração
4499,4500,UCAS3,2026-09-07,open,MISSING_VALUE,info,Valor ausente na extração
4499,4500,UCAS3,2026-09-07,high,MISSING_VALUE,info,Valor ausente na extração
4499,4500,UCAS3,2026-09-07,low,MISSING_VALUE,info,Valor ausente na extração
4499,4500,UCAS3,2026-09-07,average,MISSING_VALUE,info,Valor ausente na extração
4499,4500,UCAS3,2026-09-07,raw_volume,MISSING_VALUE,info,Valor ausente na extração
4510,4511,FIQE3,2026-09-07,close,MISSING_VALUE,info,Valor ausente na extração
4510,4511,FIQE3,2026-09-07,adjusted_quantity,MISSING_VALUE,info,Valor ausente na extração
4510,4511,FIQE3,2026-09-07,open,MISSING_VALUE,info,Valor ausente na extração
4510,4511,FIQE3,2026-09-07,high,MISSING_VALUE,info,Valor ausente na extração
4510,4511,FIQE3,2026-09-07,low,MISSING_VALUE,info,Valor ausente na extração
4510,4511,FIQE3,2026-09-07,average,MISSING_VALUE,info,Valor ausente na extração
4510,4511,FIQE3,2026-09-07,raw_volume,MISSING_VALUE,info,Valor ausente na extração
4521,4522,UNIP3,2026-09-07,close,MISSING_VALUE,info,Valor ausente na extração
4521,4522,UNIP3,2026-09-07,adjusted_quantity,MISSING_VALUE,info,Valor ausente na extração
4521,4522,UNIP3,2026-09-07,open,MISSING_VALUE,info,Valor ausente na extração
4521,4522,UNIP3,2026-09-07,high,MISSING_VALUE,info,Valor ausente na extração
4521,4522,UNIP3,2026-09-07,low,MISSING_VALUE,info,Valor ausente na extração
4521,4522,UNIP3,2026-09-07,average,MISSING_VALUE,info,Valor ausente na extração
4521,4522,UNIP3,2026-09-07,raw_volume,MISSING_VALUE,info,Valor ausente na extração
4532,4533,UNIP5,2026-09-07,close,MISSING_VALUE,info,Valor ausente na extração
4532,4533,UNIP5,2026-09-07,adjusted_quantity,MISSING_VALUE,info,Valor ausente na extração
4532,4533,UNIP5,2026-09-07,open,MISSING_VALUE,info,Valor ausente na extração
4532,4533,UNIP5,2026-09-07,high,MISSING_VALUE,info,Valor ausente na extração
4532,4533,UNIP5,2026-09-07,low,MISSING_VALUE,info,Valor ausente na extração
4532,4533,UNIP5,2026-09-07,average,MISSING_VALUE,info,Valor ausente na extração
4532,4533,UNIP5,2026-09-07,raw_volume,MISSING_VALUE,info,Valor ausente na extração
4533,4534,UNIP5,2026-09-08,close,MISSING_VALUE,info,Valor ausente na extração
4533,4534,UNIP5,2026-09-08,adjusted_quantity,MISSING_VALUE,info,Valor ausente na extração
4533,4534,UNIP5,2026-09-08,open,MISSING_VALUE,info,Valor ausente na extração
4533,4534,UNIP5,2026-09-08,high,MISSING_VALUE,info,Valor ausente na extração
4533,4534,UNIP5,2026-09-08,low,MISSING_VALUE,info,Valor ausente na extração
4533,4534,UNIP5,2026-09-08,average,MISSING_VALUE,info,Valor ausente na extração
4533,4534,UNIP5,2026-09-08,raw_volume,MISSING_VALUE,info,Valor ausente na extração
4535,4536,UNIP5,2026-09-10,close,MISSING_VALUE,info,Valor ausente na extração
4535,4536,UNIP5,2026-09-10,adjusted_quantity,MISSING_VALUE,info,Valor ausente na extração
4535,4536,UNIP5,2026-09-10,open,MISSING_VALUE,info,Valor ausente na extração
4535,4536,UNIP5,2026-09-10,high,MISSING_VALUE,info,Valor ausente na extração
4535,4536,UNIP5,2026-09-10,low,MISSING_VALUE,info,Valor ausente na extração
4535,4536,UNIP5,2026-09-10,average,MISSING_VALUE,info,Valor ausente na extração
4535,4536,UNIP5,2026-09-10,raw_volume,MISSING_VALUE,info,Valor ausente na extração
4538,4539,UNIP5,2026-09-15,close,MISSING_VALUE,info,Valor ausente na extração
4538,4539,UNIP5,2026-09-15,adjusted_quantity,MISSING_VALUE,info,Valor ausente na extração
4538,4539,UNIP5,2026-09-15,open,MISSING_VALUE,info,Valor ausente na extração
4538,4539,UNIP5,2026-09-15,high,MISSING_VALUE,info,Valor ausente na extração
4538,4539,UNIP5,2026-09-15,low,MISSING_VALUE,info,Valor ausente na extração
4538,4539,UNIP5,2026-09-15,average,MISSING_VALUE,info,Valor ausente na extração
4538,4539,UNIP5,2026-09-15,raw_volume,MISSING_VALUE,info,Valor ausente na extração
4539,4540,UNIP5,2026-09-16,close,MISSING_VALUE,info,Valor ausente na extração
4539,4540,UNIP5,2026-09-16,adjusted_quantity,MISSING_VALUE,info,Valor ausente na extração
4539,4540,UNIP5,2026-09-16,open,MISSING_VALUE,info,Valor ausente na extração
4539,4540,UNIP5,2026-09-16,high,MISSING_VALUE,info,Valor ausente na extração
4539,4540,UNIP5,2026-09-16,low,MISSING_VALUE,info,Valor ausente na extração
4539,4540,UNIP5,2026-09-16,average,MISSING_VALUE,info,Valor ausente na extração
4539,4540,UNIP5,2026-09-16,raw_volume,MISSING_VALUE,info,Valor ausente na extração
4543,4544,UNIP6,2026-09-07,close,MISSING_VALUE,info,Valor ausente na extração
4543,4544,UNIP6,2026-09-07,adjusted_quantity,MISSING_VALUE,info,Valor ausente na extração
4543,4544,UNIP6,2026-09-07,open,MISSING_VALUE,info,Valor ausente na extração
4543,4544,UNIP6,2026-09-07,high,MISSING_VALUE,info,Valor ausente na extração
4543,4544,UNIP6,2026-09-07,low,MISSING_VALUE,info,Valor ausente na extração
4543,4544,UNIP6,2026-09-07,average,MISSING_VALUE,info,Valor ausente na extração
4543,4544,UNIP6,2026-09-07,raw_volume,MISSING_VALUE,info,Valor ausente na extração
4554,4555,USIM3,2026-09-07,close,MISSING_VALUE,info,Valor ausente na extração
4554,4555,USIM3,2026-09-07,adjusted_quantity,MISSING_VALUE,info,Valor ausente na extração
4554,4555,USIM3,2026-09-07,open,MISSING_VALUE,info,Valor ausente na extração
4554,4555,USIM3,2026-09-07,high,MISSING_VALUE,info,Valor ausente na extração
4554,4555,USIM3,2026-09-07,low,MISSING_VALUE,info,Valor ausente na extração
4554,4555,USIM3,2026-09-07,average,MISSING_VALUE,info,Valor ausente na extração
4554,4555,USIM3,2026-09-07,raw_volume,MISSING_VALUE,info,Valor ausente na extração
4565,4566,USIM5,2026-09-07,close,MISSING_VALUE,info,Valor ausente na extração
4565,4566,USIM5,2026-09-07,adjusted_quantity,MISSING_VALUE,info,Valor ausente na extração
4565,4566,USIM5,2026-09-07,open,MISSING_VALUE,info,Valor ausente na extração
4565,4566,USIM5,2026-09-07,high,MISSING_VALUE,info,Valor ausente na extração
4565,4566,USIM5,2026-09-07,low,MISSING_VALUE,info,Valor ausente na extração
4565,4566,USIM5,2026-09-07,average,MISSING_VALUE,info,Valor ausente na extração
4565,4566,USIM5,2026-09-07,raw_volume,MISSING_VALUE,info,Valor ausente na extração
4576,4577,USIM6,2026-08-28,close,MISSING_VALUE,info,Valor ausente na extração
4576,4577,USIM6,2026-08-28,adjusted_quantity,MISSING_VALUE,info,Valor ausente na extração
4576,4577,USIM6,2026-08-28,open,MISSING_VALUE,info,Valor ausente na extração
4576,4577,USIM6,2026-08-28,high,MISSING_VALUE,info,Valor ausente na extração
4576,4577,USIM6,2026-08-28,low,MISSING_VALUE,info,Valor ausente na extração
4576,4577,USIM6,2026-08-28,average,MISSING_VALUE,info,Valor ausente na extração
4576,4577,USIM6,2026-08-28,raw_volume,MISSING_VALUE,info,Valor ausente na extração
4577,4578,USIM6,2026-08-31,close,MISSING_VALUE,info,Valor ausente na extração
4577,4578,USIM6,2026-08-31,adjusted_quantity,MISSING_VALUE,info,Valor ausente na extração
4577,4578,USIM6,2026-08-31,open,MISSING_VALUE,info,Valor ausente na extração
4577,4578,USIM6,2026-08-31,high,MISSING_VALUE,info,Valor ausente na extração
4577,4578,USIM6,2026-08-31,low,MISSING_VALUE,info,Valor ausente na extração
4577,4578,USIM6,2026-08-31,average,MISSING_VALUE,info,Valor ausente na extração
4577,4578,USIM6,2026-08-31,raw_volume,MISSING_VALUE,info,Valor ausente na extração
4579,4580,USIM6,2026-09-02,close,MISSING_VALUE,info,Valor ausente na extração
4579,4580,USIM6,2026-09-02,adjusted_quantity,MISSING_VALUE,info,Valor ausente na extração
4579,4580,USIM6,2026-09-02,open,MISSING_VALUE,info,Valor ausente na extração
4579,4580,USIM6,2026-09-02,high,MISSING_VALUE,info,Valor ausente na extração
4579,4580,USIM6,2026-09-02,low,MISSING_VALUE,info,Valor ausente na extração
4579,4580,USIM6,2026-09-02,average,MISSING_VALUE,info,Valor ausente na extração
4579,4580,USIM6,2026-09-02,raw_volume,MISSING_VALUE,info,Valor ausente na extração
4580,4581,USIM6,2026-09-03,close,MISSING_VALUE,info,Valor ausente na extração
4580,4581,USIM6,2026-09-03,adjusted_quantity,MISSING_VALUE,info,Valor ausente na extração
4580,4581,USIM6,2026-09-03,open,MISSING_VALUE,info,Valor ausente na extração
4580,4581,USIM6,2026-09-03,high,MISSING_VALUE,info,Valor ausente na extração
4580,4581,USIM6,2026-09-03,low,MISSING_VALUE,info,Valor ausente na extração
4580,4581,USIM6,2026-09-03,average,MISSING_VALUE,info,Valor ausente na extração
4580,4581,USIM6,2026-09-03,raw_volume,MISSING_VALUE,info,Valor ausente na extração
4581,4582,USIM6,2026-09-04,close,MISSING_VALUE,info,Valor ausente na extração
4581,4582,USIM6,2026-09-04,adjusted_quantity,MISSING_VALUE,info,Valor ausente na extração
4581,4582,USIM6,2026-09-04,open,MISSING_VALUE,info,Valor ausente na extração
4581,4582,USIM6,2026-09-04,high,MISSING_VALUE,info,Valor ausente na extração
4581,4582,USIM6,2026-09-04,low,MISSING_VALUE,info,Valor ausente na extração
4581,4582,USIM6,2026-09-04,average,MISSING_VALUE,info,Valor ausente na extração
4581,4582,USIM6,2026-09-04,raw_volume,MISSING_VALUE,info,Valor ausente na extração
4582,4583,USIM6,2026-09-07,close,MISSING_VALUE,info,Valor ausente na extração
4582,4583,USIM6,2026-09-07,adjusted_quantity,MISSING_VALUE,info,Valor ausente na extração
4582,4583,USIM6,2026-09-07,open,MISSING_VALUE,info,Valor ausente na extração
4582,4583,USIM6,2026-09-07,high,MISSING_VALUE,info,Valor ausente na extração
4582,4583,USIM6,2026-09-07,low,MISSING_VALUE,info,Valor ausente na extração
4582,4583,USIM6,2026-09-07,average,MISSING_VALUE,info,Valor ausente na extração
4582,4583,USIM6,2026-09-07,raw_volume,MISSING_VALUE,info,Valor ausente na extração
4583,4584,USIM6,2026-09-08,close,MISSING_VALUE,info,Valor ausente na extração
4583,4584,USIM6,2026-09-08,adjusted_quantity,MISSING_VALUE,info,Valor ausente na extração
4583,4584,USIM6,2026-09-08,open,MISSING_VALUE,info,Valor ausente na extração
4583,4584,USIM6,2026-09-08,high,MISSING_VALUE,info,Valor ausente na extração
4583,4584,USIM6,2026-09-08,low,MISSING_VALUE,info,Valor ausente na extração
4583,4584,USIM6,2026-09-08,average,MISSING_VALUE,info,Valor ausente na extração
4583,4584,USIM6,2026-09-08,raw_volume,MISSING_VALUE,info,Valor ausente na extração
4584,4585,USIM6,2026-09-09,close,MISSING_VALUE,info,Valor ausente na extração
4584,4585,USIM6,2026-09-09,adjusted_quantity,MISSING_VALUE,info,Valor ausente na extração
4584,4585,USIM6,2026-09-09,open,MISSING_VALUE,info,Valor ausente na extração
4584,4585,USIM6,2026-09-09,high,MISSING_VALUE,info,Valor ausente na extração
4584,4585,USIM6,2026-09-09,low,MISSING_VALUE,info,Valor ausente na extração
4584,4585,USIM6,2026-09-09,average,MISSING_VALUE,info,Valor ausente na extração
4584,4585,USIM6,2026-09-09,raw_volume,MISSING_VALUE,info,Valor ausente na extração
4585,4586,USIM6,2026-09-10,close,MISSING_VALUE,info,Valor ausente na extração
4585,4586,USIM6,2026-09-10,adjusted_quantity,MISSING_VALUE,info,Valor ausente na extração
4585,4586,USIM6,2026-09-10,open,MISSING_VALUE,info,Valor ausente na extração
4585,4586,USIM6,2026-09-10,high,MISSING_VALUE,info,Valor ausente na extração
4585,4586,USIM6,2026-09-10,low,MISSING_VALUE,info,Valor ausente na extração
4585,4586,USIM6,2026-09-10,average,MISSING_VALUE,info,Valor ausente na extração
4585,4586,USIM6,2026-09-10,raw_volume,MISSING_VALUE,info,Valor ausente na extração
4587,4588,VALE3,2026-09-07,close,MISSING_VALUE,info,Valor ausente na extração
4587,4588,VALE3,2026-09-07,adjusted_quantity,MISSING_VALUE,info,Valor ausente na extração
4587,4588,VALE3,2026-09-07,open,MISSING_VALUE,info,Valor ausente na extração
4587,4588,VALE3,2026-09-07,high,MISSING_VALUE,info,Valor ausente na extração
4587,4588,VALE3,2026-09-07,low,MISSING_VALUE,info,Valor ausente na extração
4587,4588,VALE3,2026-09-07,average,MISSING_VALUE,info,Valor ausente na extração
4587,4588,VALE3,2026-09-07,raw_volume,MISSING_VALUE,info,Valor ausente na extração
4598,4599,VLID3,2026-09-07,close,MISSING_VALUE,info,Valor ausente na extração
4598,4599,VLID3,2026-09-07,adjusted_quantity,MISSING_VALUE,info,Valor ausente na extração
4598,4599,VLID3,2026-09-07,open,MISSING_VALUE,info,Valor ausente na extração
4598,4599,VLID3,2026-09-07,high,MISSING_VALUE,info,Valor ausente na extração
4598,4599,VLID3,2026-09-07,low,MISSING_VALUE,info,Valor ausente na extração
4598,4599,VLID3,2026-09-07,average,MISSING_VALUE,info,Valor ausente na extração
4598,4599,VLID3,2026-09-07,raw_volume,MISSING_VALUE,info,Valor ausente na extração
4609,4610,VAMO3,2026-09-07,close,MISSING_VALUE,info,Valor ausente na extração
4609,4610,VAMO3,2026-09-07,adjusted_quantity,MISSING_VALUE,info,Valor ausente na extração
4609,4610,VAMO3,2026-09-07,open,MISSING_VALUE,info,Valor ausente na extração
4609,4610,VAMO3,2026-09-07,high,MISSING_VALUE,info,Valor ausente na extração
4609,4610,VAMO3,2026-09-07,low,MISSING_VALUE,info,Valor ausente na extração
4609,4610,VAMO3,2026-09-07,average,MISSING_VALUE,info,Valor ausente na extração
4609,4610,VAMO3,2026-09-07,raw_volume,MISSING_VALUE,info,Valor ausente na extração
4620,4621,VSTE3,2026-09-07,close,MISSING_VALUE,info,Valor ausente na extração
4620,4621,VSTE3,2026-09-07,adjusted_quantity,MISSING_VALUE,info,Valor ausente na extração
4620,4621,VSTE3,2026-09-07,open,MISSING_VALUE,info,Valor ausente na extração
4620,4621,VSTE3,2026-09-07,high,MISSING_VALUE,info,Valor ausente na extração
4620,4621,VSTE3,2026-09-07,low,MISSING_VALUE,info,Valor ausente na extração
4620,4621,VSTE3,2026-09-07,average,MISSING_VALUE,info,Valor ausente na extração
4620,4621,VSTE3,2026-09-07,raw_volume,MISSING_VALUE,info,Valor ausente na extração
4631,4632,VBBR3,2026-09-07,close,MISSING_VALUE,info,Valor ausente na extração
4631,4632,VBBR3,2026-09-07,adjusted_quantity,MISSING_VALUE,info,Valor ausente na extração
4631,4632,VBBR3,2026-09-07,open,MISSING_VALUE,info,Valor ausente na extração
4631,4632,VBBR3,2026-09-07,high,MISSING_VALUE,info,Valor ausente na extração
4631,4632,VBBR3,2026-09-07,low,MISSING_VALUE,info,Valor ausente na extração
4631,4632,VBBR3,2026-09-07,average,MISSING_VALUE,info,Valor ausente na extração
4631,4632,VBBR3,2026-09-07,raw_volume,MISSING_VALUE,info,Valor ausente na extração
4642,4643,VTRU3,2026-09-07,close,MISSING_VALUE,info,Valor ausente na extração
4642,4643,VTRU3,2026-09-07,adjusted_quantity,MISSING_VALUE,info,Valor ausente na extração
4642,4643,VTRU3,2026-09-07,open,MISSING_VALUE,info,Valor ausente na extração
4642,4643,VTRU3,2026-09-07,high,MISSING_VALUE,info,Valor ausente na extração
4642,4643,VTRU3,2026-09-07,low,MISSING_VALUE,info,Valor ausente na extração
4642,4643,VTRU3,2026-09-07,average,MISSING_VALUE,info,Valor ausente na extração
4642,4643,VTRU3,2026-09-07,raw_volume,MISSING_VALUE,info,Valor ausente na extração
4653,4654,VITT3,2026-09-07,close,MISSING_VALUE,info,Valor ausente na extração
4653,4654,VITT3,2026-09-07,adjusted_quantity,MISSING_VALUE,info,Valor ausente na extração
4653,4654,VITT3,2026-09-07,open,MISSING_VALUE,info,Valor ausente na extração
4653,4654,VITT3,2026-09-07,high,MISSING_VALUE,info,Valor ausente na extração
4653,4654,VITT3,2026-09-07,low,MISSING_VALUE,info,Valor ausente na extração
4653,4654,VITT3,2026-09-07,average,MISSING_VALUE,info,Valor ausente na extração
4653,4654,VITT3,2026-09-07,raw_volume,MISSING_VALUE,info,Valor ausente na extração
4664,4665,VIVA3,2026-09-07,close,MISSING_VALUE,info,Valor ausente na extração
4664,4665,VIVA3,2026-09-07,adjusted_quantity,MISSING_VALUE,info,Valor ausente na extração
4664,4665,VIVA3,2026-09-07,open,MISSING_VALUE,info,Valor ausente na extração
4664,4665,VIVA3,2026-09-07,high,MISSING_VALUE,info,Valor ausente na extração
4664,4665,VIVA3,2026-09-07,low,MISSING_VALUE,info,Valor ausente na extração
4664,4665,VIVA3,2026-09-07,average,MISSING_VALUE,info,Valor ausente na extração
4664,4665,VIVA3,2026-09-07,raw_volume,MISSING_VALUE,info,Valor ausente na extração
4675,4676,VVEO3,2026-09-07,close,MISSING_VALUE,info,Valor ausente na extração
4675,4676,VVEO3,2026-09-07,adjusted_quantity,MISSING_VALUE,info,Valor ausente na extração
4675,4676,VVEO3,2026-09-07,open,MISSING_VALUE,info,Valor ausente na extração
4675,4676,VVEO3,2026-09-07,high,MISSING_VALUE,info,Valor ausente na extração
4675,4676,VVEO3,2026-09-07,low,MISSING_VALUE,info,Valor ausente na extração
4675,4676,VVEO3,2026-09-07,average,MISSING_VALUE,info,Valor ausente na extração
4675,4676,VVEO3,2026-09-07,raw_volume,MISSING_VALUE,info,Valor ausente na extração
4686,4687,VIVR3,2026-09-07,close,MISSING_VALUE,info,Valor ausente na extração
4686,4687,VIVR3,2026-09-07,adjusted_quantity,MISSING_VALUE,info,Valor ausente na extração
4686,4687,VIVR3,2026-09-07,open,MISSING_VALUE,info,Valor ausente na extração
4686,4687,VIVR3,2026-09-07,high,MISSING_VALUE,info,Valor ausente na extração
4686,4687,VIVR3,2026-09-07,low,MISSING_VALUE,info,Valor ausente na extração
4686,4687,VIVR3,2026-09-07,average,MISSING_VALUE,info,Valor ausente na extração
4686,4687,VIVR3,2026-09-07,raw_volume,MISSING_VALUE,info,Valor ausente na extração
4697,4698,VULC3,2026-09-07,close,MISSING_VALUE,info,Valor ausente na extração
4697,4698,VULC3,2026-09-07,adjusted_quantity,MISSING_VALUE,info,Valor ausente na extração
4697,4698,VULC3,2026-09-07,open,MISSING_VALUE,info,Valor ausente na extração
4697,4698,VULC3,2026-09-07,high,MISSING_VALUE,info,Valor ausente na extração
4697,4698,VULC3,2026-09-07,low,MISSING_VALUE,info,Valor ausente na extração
4697,4698,VULC3,2026-09-07,average,MISSING_VALUE,info,Valor ausente na extração
4697,4698,VULC3,2026-09-07,raw_volume,MISSING_VALUE,info,Valor ausente na extração
4708,4709,WDCN3,2026-09-07,close,MISSING_VALUE,info,Valor ausente na extração
4708,4709,WDCN3,2026-09-07,adjusted_quantity,MISSING_VALUE,info,Valor ausente na extração
4708,4709,WDCN3,2026-09-07,open,MISSING_VALUE,info,Valor ausente na extração
4708,4709,WDCN3,2026-09-07,high,MISSING_VALUE,info,Valor ausente na extração
4708,4709,WDCN3,2026-09-07,low,MISSING_VALUE,info,Valor ausente na extração
4708,4709,WDCN3,2026-09-07,average,MISSING_VALUE,info,Valor ausente na extração
4708,4709,WDCN3,2026-09-07,raw_volume,MISSING_VALUE,info,Valor ausente na extração
4719,4720,WEGE3,2026-09-07,close,MISSING_VALUE,info,Valor ausente na extração
4719,4720,WEGE3,2026-09-07,adjusted_quantity,MISSING_VALUE,info,Valor ausente na extração
4719,4720,WEGE3,2026-09-07,open,MISSING_VALUE,info,Valor ausente na extração
4719,4720,WEGE3,2026-09-07,high,MISSING_VALUE,info,Valor ausente na extração
4719,4720,WEGE3,2026-09-07,low,MISSING_VALUE,info,Valor ausente na extração
4719,4720,WEGE3,2026-09-07,average,MISSING_VALUE,info,Valor ausente na extração
4719,4720,WEGE3,2026-09-07,raw_volume,MISSING_VALUE,info,Valor ausente na extração
4730,4731,WEST3,2026-09-07,close,MISSING_VALUE,info,Valor ausente na extração
4730,4731,WEST3,2026-09-07,adjusted_quantity,MISSING_VALUE,info,Valor ausente na extração
4730,4731,WEST3,2026-09-07,open,MISSING_VALUE,info,Valor ausente na extração
4730,4731,WEST3,2026-09-07,high,MISSING_VALUE,info,Valor ausente na extração
4730,4731,WEST3,2026-09-07,low,MISSING_VALUE,info,Valor ausente na extração
4730,4731,WEST3,2026-09-07,average,MISSING_VALUE,info,Valor ausente na extração
4730,4731,WEST3,2026-09-07,raw_volume,MISSING_VALUE,info,Valor ausente na extração
4741,4742,MWET3,2026-08-20,close,MISSING_VALUE,info,Valor ausente na extração
4741,4742,MWET3,2026-08-20,adjusted_quantity,MISSING_VALUE,info,Valor ausente na extração
4741,4742,MWET3,2026-08-20,open,MISSING_VALUE,info,Valor ausente na extração
4741,4742,MWET3,2026-08-20,high,MISSING_VALUE,info,Valor ausente na extração
4741,4742,MWET3,2026-08-20,low,MISSING_VALUE,info,Valor ausente na extração
4741,4742,MWET3,2026-08-20,average,MISSING_VALUE,info,Valor ausente na extração
4741,4742,MWET3,2026-08-20,raw_volume,MISSING_VALUE,info,Valor ausente na extração
4742,4743,MWET3,2026-08-21,close,MISSING_VALUE,info,Valor ausente na extração
4742,4743,MWET3,2026-08-21,adjusted_quantity,MISSING_VALUE,info,Valor ausente na extração
4742,4743,MWET3,2026-08-21,open,MISSING_VALUE,info,Valor ausente na extração
4742,4743,MWET3,2026-08-21,high,MISSING_VALUE,info,Valor ausente na extração
4742,4743,MWET3,2026-08-21,low,MISSING_VALUE,info,Valor ausente na extração
4742,4743,MWET3,2026-08-21,average,MISSING_VALUE,info,Valor ausente na extração
4742,4743,MWET3,2026-08-21,raw_volume,MISSING_VALUE,info,Valor ausente na extração
4743,4744,MWET3,2026-08-24,close,MISSING_VALUE,info,Valor ausente na extração
4743,4744,MWET3,2026-08-24,adjusted_quantity,MISSING_VALUE,info,Valor ausente na extração
4743,4744,MWET3,2026-08-24,open,MISSING_VALUE,info,Valor ausente na extração
4743,4744,MWET3,2026-08-24,high,MISSING_VALUE,info,Valor ausente na extração
4743,4744,MWET3,2026-08-24,low,MISSING_VALUE,info,Valor ausente na extração
4743,4744,MWET3,2026-08-24,average,MISSING_VALUE,info,Valor ausente na extração
4743,4744,MWET3,2026-08-24,raw_volume,MISSING_VALUE,info,Valor ausente na extração
4744,4745,MWET3,2026-08-25,close,MISSING_VALUE,info,Valor ausente na extração
4744,4745,MWET3,2026-08-25,adjusted_quantity,MISSING_VALUE,info,Valor ausente na extração
4744,4745,MWET3,2026-08-25,open,MISSING_VALUE,info,Valor ausente na extração
4744,4745,MWET3,2026-08-25,high,MISSING_VALUE,info,Valor ausente na extração
4744,4745,MWET3,2026-08-25,low,MISSING_VALUE,info,Valor ausente na extração
4744,4745,MWET3,2026-08-25,average,MISSING_VALUE,info,Valor ausente na extração
4744,4745,MWET3,2026-08-25,raw_volume,MISSING_VALUE,info,Valor ausente na extração
4745,4746,MWET3,2026-08-26,close,MISSING_VALUE,info,Valor ausente na extração
4745,4746,MWET3,2026-08-26,adjusted_quantity,MISSING_VALUE,info,Valor ausente na extração
4745,4746,MWET3,2026-08-26,open,MISSING_VALUE,info,Valor ausente na extração
4745,4746,MWET3,2026-08-26,high,MISSING_VALUE,info,Valor ausente na extração
4745,4746,MWET3,2026-08-26,low,MISSING_VALUE,info,Valor ausente na extração
4745,4746,MWET3,2026-08-26,average,MISSING_VALUE,info,Valor ausente na extração
4745,4746,MWET3,2026-08-26,raw_volume,MISSING_VALUE,info,Valor ausente na extração
4746,4747,MWET3,2026-08-27,close,MISSING_VALUE,info,Valor ausente na extração
4746,4747,MWET3,2026-08-27,adjusted_quantity,MISSING_VALUE,info,Valor ausente na extração
4746,4747,MWET3,2026-08-27,open,MISSING_VALUE,info,Valor ausente na extração
4746,4747,MWET3,2026-08-27,high,MISSING_VALUE,info,Valor ausente na extração
4746,4747,MWET3,2026-08-27,low,MISSING_VALUE,info,Valor ausente na extração
4746,4747,MWET3,2026-08-27,average,MISSING_VALUE,info,Valor ausente na extração
4746,4747,MWET3,2026-08-27,raw_volume,MISSING_VALUE,info,Valor ausente na extração
4747,4748,MWET3,2026-08-28,close,MISSING_VALUE,info,Valor ausente na extração
4747,4748,MWET3,2026-08-28,adjusted_quantity,MISSING_VALUE,info,Valor ausente na extração
4747,4748,MWET3,2026-08-28,open,MISSING_VALUE,info,Valor ausente na extração
4747,4748,MWET3,2026-08-28,high,MISSING_VALUE,info,Valor ausente na extração
4747,4748,MWET3,2026-08-28,low,MISSING_VALUE,info,Valor ausente na extração
4747,4748,MWET3,2026-08-28,average,MISSING_VALUE,info,Valor ausente na extração
4747,4748,MWET3,2026-08-28,raw_volume,MISSING_VALUE,info,Valor ausente na extração
4748,4749,MWET3,2026-08-31,close,MISSING_VALUE,info,Valor ausente na extração
4748,4749,MWET3,2026-08-31,adjusted_quantity,MISSING_VALUE,info,Valor ausente na extração
4748,4749,MWET3,2026-08-31,open,MISSING_VALUE,info,Valor ausente na extração
4748,4749,MWET3,2026-08-31,high,MISSING_VALUE,info,Valor ausente na extração
4748,4749,MWET3,2026-08-31,low,MISSING_VALUE,info,Valor ausente na extração
4748,4749,MWET3,2026-08-31,average,MISSING_VALUE,info,Valor ausente na extração
4748,4749,MWET3,2026-08-31,raw_volume,MISSING_VALUE,info,Valor ausente na extração
4761,4762,MWET4,2026-09-07,close,MISSING_VALUE,info,Valor ausente na extração
4761,4762,MWET4,2026-09-07,adjusted_quantity,MISSING_VALUE,info,Valor ausente na extração
4761,4762,MWET4,2026-09-07,open,MISSING_VALUE,info,Valor ausente na extração
4761,4762,MWET4,2026-09-07,high,MISSING_VALUE,info,Valor ausente na extração
4761,4762,MWET4,2026-09-07,low,MISSING_VALUE,info,Valor ausente na extração
4761,4762,MWET4,2026-09-07,average,MISSING_VALUE,info,Valor ausente na extração
4761,4762,MWET4,2026-09-07,raw_volume,MISSING_VALUE,info,Valor ausente na extração
4763,4764,WHRL3,2026-09-07,close,MISSING_VALUE,info,Valor ausente na extração
4763,4764,WHRL3,2026-09-07,adjusted_quantity,MISSING_VALUE,info,Valor ausente na extração
4763,4764,WHRL3,2026-09-07,open,MISSING_VALUE,info,Valor ausente na extração
4763,4764,WHRL3,2026-09-07,high,MISSING_VALUE,info,Valor ausente na extração
4763,4764,WHRL3,2026-09-07,low,MISSING_VALUE,info,Valor ausente na extração
4763,4764,WHRL3,2026-09-07,average,MISSING_VALUE,info,Valor ausente na extração
4763,4764,WHRL3,2026-09-07,raw_volume,MISSING_VALUE,info,Valor ausente na extração
4774,4775,WHRL4,2026-09-07,close,MISSING_VALUE,info,Valor ausente na extração
4774,4775,WHRL4,2026-09-07,adjusted_quantity,MISSING_VALUE,info,Valor ausente na extração
4774,4775,WHRL4,2026-09-07,open,MISSING_VALUE,info,Valor ausente na extração
4774,4775,WHRL4,2026-09-07,high,MISSING_VALUE,info,Valor ausente na extração
4774,4775,WHRL4,2026-09-07,low,MISSING_VALUE,info,Valor ausente na extração
4774,4775,WHRL4,2026-09-07,average,MISSING_VALUE,info,Valor ausente na extração
4774,4775,WHRL4,2026-09-07,raw_volume,MISSING_VALUE,info,Valor ausente na extração
4785,4786,WIZC3,2026-09-07,close,MISSING_VALUE,info,Valor ausente na extração
4785,4786,WIZC3,2026-09-07,adjusted_quantity,MISSING_VALUE,info,Valor ausente na extração
4785,4786,WIZC3,2026-09-07,open,MISSING_VALUE,info,Valor ausente na extração
4785,4786,WIZC3,2026-09-07,high,MISSING_VALUE,info,Valor ausente na extração
4785,4786,WIZC3,2026-09-07,low,MISSING_VALUE,info,Valor ausente na extração
4785,4786,WIZC3,2026-09-07,average,MISSING_VALUE,info,Valor ausente na extração
4785,4786,WIZC3,2026-09-07,raw_volume,MISSING_VALUE,info,Valor ausente na extração
4796,4797,WLMM3,2026-08-10,close,MISSING_VALUE,info,Valor ausente na extração
4796,4797,WLMM3,2026-08-10,adjusted_quantity,MISSING_VALUE,info,Valor ausente na extração
4796,4797,WLMM3,2026-08-10,open,MISSING_VALUE,info,Valor ausente na extração
4796,4797,WLMM3,2026-08-10,high,MISSING_VALUE,info,Valor ausente na extração
4796,4797,WLMM3,2026-08-10,low,MISSING_VALUE,info,Valor ausente na extração
4796,4797,WLMM3,2026-08-10,average,MISSING_VALUE,info,Valor ausente na extração
4796,4797,WLMM3,2026-08-10,raw_volume,MISSING_VALUE,info,Valor ausente na extração
4797,4798,WLMM3,2026-08-11,close,MISSING_VALUE,info,Valor ausente na extração
4797,4798,WLMM3,2026-08-11,adjusted_quantity,MISSING_VALUE,info,Valor ausente na extração
4797,4798,WLMM3,2026-08-11,open,MISSING_VALUE,info,Valor ausente na extração
4797,4798,WLMM3,2026-08-11,high,MISSING_VALUE,info,Valor ausente na extração
4797,4798,WLMM3,2026-08-11,low,MISSING_VALUE,info,Valor ausente na extração
4797,4798,WLMM3,2026-08-11,average,MISSING_VALUE,info,Valor ausente na extração
4797,4798,WLMM3,2026-08-11,raw_volume,MISSING_VALUE,info,Valor ausente na extração
4798,4799,WLMM3,2026-08-12,close,MISSING_VALUE,info,Valor ausente na extração
4798,4799,WLMM3,2026-08-12,adjusted_quantity,MISSING_VALUE,info,Valor ausente na extração
4798,4799,WLMM3,2026-08-12,open,MISSING_VALUE,info,Valor ausente na extração
4798,4799,WLMM3,2026-08-12,high,MISSING_VALUE,info,Valor ausente na extração
4798,4799,WLMM3,2026-08-12,low,MISSING_VALUE,info,Valor ausente na extração
4798,4799,WLMM3,2026-08-12,average,MISSING_VALUE,info,Valor ausente na extração
4798,4799,WLMM3,2026-08-12,raw_volume,MISSING_VALUE,info,Valor ausente na extração
4799,4800,WLMM3,2026-08-13,close,MISSING_VALUE,info,Valor ausente na extração
4799,4800,WLMM3,2026-08-13,adjusted_quantity,MISSING_VALUE,info,Valor ausente na extração
4799,4800,WLMM3,2026-08-13,open,MISSING_VALUE,info,Valor ausente na extração
4799,4800,WLMM3,2026-08-13,high,MISSING_VALUE,info,Valor ausente na extração
4799,4800,WLMM3,2026-08-13,low,MISSING_VALUE,info,Valor ausente na extração
4799,4800,WLMM3,2026-08-13,average,MISSING_VALUE,info,Valor ausente na extração
4799,4800,WLMM3,2026-08-13,raw_volume,MISSING_VALUE,info,Valor ausente na extração
4802,4803,WLMM3,2026-08-18,close,MISSING_VALUE,info,Valor ausente na extração
4802,4803,WLMM3,2026-08-18,adjusted_quantity,MISSING_VALUE,info,Valor ausente na extração
4802,4803,WLMM3,2026-08-18,open,MISSING_VALUE,info,Valor ausente na extração
4802,4803,WLMM3,2026-08-18,high,MISSING_VALUE,info,Valor ausente na extração
4802,4803,WLMM3,2026-08-18,low,MISSING_VALUE,info,Valor ausente na extração
4802,4803,WLMM3,2026-08-18,average,MISSING_VALUE,info,Valor ausente na extração
4802,4803,WLMM3,2026-08-18,raw_volume,MISSING_VALUE,info,Valor ausente na extração
4804,4805,WLMM3,2026-08-20,close,MISSING_VALUE,info,Valor ausente na extração
4804,4805,WLMM3,2026-08-20,adjusted_quantity,MISSING_VALUE,info,Valor ausente na extração
4804,4805,WLMM3,2026-08-20,open,MISSING_VALUE,info,Valor ausente na extração
4804,4805,WLMM3,2026-08-20,high,MISSING_VALUE,info,Valor ausente na extração
4804,4805,WLMM3,2026-08-20,low,MISSING_VALUE,info,Valor ausente na extração
4804,4805,WLMM3,2026-08-20,average,MISSING_VALUE,info,Valor ausente na extração
4804,4805,WLMM3,2026-08-20,raw_volume,MISSING_VALUE,info,Valor ausente na extração
4807,4808,WLMM4,2026-09-07,close,MISSING_VALUE,info,Valor ausente na extração
4807,4808,WLMM4,2026-09-07,adjusted_quantity,MISSING_VALUE,info,Valor ausente na extração
4807,4808,WLMM4,2026-09-07,open,MISSING_VALUE,info,Valor ausente na extração
4807,4808,WLMM4,2026-09-07,high,MISSING_VALUE,info,Valor ausente na extração
4807,4808,WLMM4,2026-09-07,low,MISSING_VALUE,info,Valor ausente na extração
4807,4808,WLMM4,2026-09-07,average,MISSING_VALUE,info,Valor ausente na extração
4807,4808,WLMM4,2026-09-07,raw_volume,MISSING_VALUE,info,Valor ausente na extração
4812,4813,WLMM4,2026-09-14,average,OUTSIDE_DAILY_RANGE,warning,Valor fora do intervalo mínimo–máximo
4813,4814,WLMM4,2026-09-15,average,OUTSIDE_DAILY_RANGE,warning,Valor fora do intervalo mínimo–máximo
4814,4815,WLMM4,2026-09-16,average,OUTSIDE_DAILY_RANGE,warning,Valor fora do intervalo mínimo–máximo
4815,4816,WLMM4,2026-09-17,average,OUTSIDE_DAILY_RANGE,warning,Valor fora do intervalo mínimo–máximo
4817,4818,WLMM4,2026-09-21,average,OUTSIDE_DAILY_RANGE,warning,Valor fora do intervalo mínimo–máximo
4818,4819,YDUQ3,2026-09-07,close,MISSING_VALUE,info,Valor ausente na extração
4818,4819,YDUQ3,2026-09-07,adjusted_quantity,MISSING_VALUE,info,Valor ausente na extração
4818,4819,YDUQ3,2026-09-07,open,MISSING_VALUE,info,Valor ausente na extração
4818,4819,YDUQ3,2026-09-07,high,MISSING_VALUE,info,Valor ausente na extração
4818,4819,YDUQ3,2026-09-07,low,MISSING_VALUE,info,Valor ausente na extração
4818,4819,YDUQ3,2026-09-07,average,MISSING_VALUE,info,Valor ausente na extração
4818,4819,YDUQ3,2026-09-07,raw_volume,MISSING_VALUE,info,Valor ausente na extração
,,,2026-09-07,close,DATE_WITHOUT_QUOTES,info,"Há linhas na data, mas nenhum fechamento positivo; verificar calendário, suspensão ou extração"
